TeamId,CityId,City,TownId,Town,PostalCode,VillageId,Village,CityOrder,TownOrder,VillageOrder,CityCode,CityShort,Notes,WriteInfo
臺北市松山區莊敬里,63,臺北市,63000010,松山區,105,63000010002,莊敬里,110,1,2,A,TPE,NULL,NULL
臺北市松山區東榮里,63,臺北市,63000010,松山區,105,63000010003,東榮里,110,1,3,A,TPE,NULL,NULL
臺北市松山區三民里,63,臺北市,63000010,松山區,105,63000010004,三民里,110,1,4,A,TPE,NULL,NULL
臺北市松山區新益里,63,臺北市,63000010,松山區,105,63000010005,新益里,110,1,5,A,TPE,NULL,NULL
臺北市松山區富錦里,63,臺北市,63000010,松山區,105,63000010006,富錦里,110,1,6,A,TPE,NULL,NULL
臺北市松山區新東里,63,臺北市,63000010,松山區,105,63000010007,新東里,110,1,7,A,TPE,NULL,NULL
臺北市松山區富泰里,63,臺北市,63000010,松山區,105,63000010008,富泰里,110,1,8,A,TPE,NULL,NULL
臺北市松山區介壽里,63,臺北市,63000010,松山區,105,63000010009,介壽里,110,1,9,A,TPE,NULL,NULL
臺北市松山區精忠里,63,臺北市,63000010,松山區,105,63000010010,精忠里,110,1,10,A,TPE,NULL,NULL
臺北市松山區東光里,63,臺北市,63000010,松山區,105,63000010011,東光里,110,1,11,A,TPE,NULL,NULL
臺北市松山區龍田里,63,臺北市,63000010,松山區,105,63000010012,龍田里,110,1,12,A,TPE,NULL,NULL
臺北市松山區東昌里,63,臺北市,63000010,松山區,105,63000010013,東昌里,110,1,13,A,TPE,NULL,NULL
臺北市松山區東勢里,63,臺北市,63000010,松山區,105,63000010014,東勢里,110,1,14,A,TPE,NULL,NULL
臺北市松山區中華里,63,臺北市,63000010,松山區,105,63000010015,中華里,110,1,15,A,TPE,NULL,NULL
臺北市松山區民有里,63,臺北市,63000010,松山區,105,63000010016,民有里,110,1,16,A,TPE,NULL,NULL
臺北市松山區民福里,63,臺北市,63000010,松山區,105,63000010017,民福里,110,1,17,A,TPE,NULL,NULL
臺北市松山區慈祐里,63,臺北市,63000010,松山區,105,63000010018,慈祐里,110,1,18,A,TPE,NULL,NULL
臺北市松山區安平里,63,臺北市,63000010,松山區,105,63000010019,安平里,110,1,19,A,TPE,NULL,NULL
臺北市松山區鵬程里,63,臺北市,63000010,松山區,105,63000010020,鵬程里,110,1,20,A,TPE,NULL,NULL
臺北市松山區自強里,63,臺北市,63000010,松山區,105,63000010021,自強里,110,1,21,A,TPE,NULL,NULL
臺北市松山區吉祥里,63,臺北市,63000010,松山區,105,63000010022,吉祥里,110,1,22,A,TPE,NULL,NULL
臺北市松山區新聚里,63,臺北市,63000010,松山區,105,63000010024,新聚里,110,1,24,A,TPE,NULL,NULL
臺北市松山區復盛里,63,臺北市,63000010,松山區,105,63000010025,復盛里,110,1,25,A,TPE,NULL,NULL
臺北市松山區中正里,63,臺北市,63000010,松山區,105,63000010026,中正里,110,1,26,A,TPE,NULL,NULL
臺北市松山區中崙里,63,臺北市,63000010,松山區,105,63000010027,中崙里,110,1,27,A,TPE,NULL,NULL
臺北市松山區美仁里,63,臺北市,63000010,松山區,105,63000010028,美仁里,110,1,28,A,TPE,NULL,NULL
臺北市松山區吉仁里,63,臺北市,63000010,松山區,105,63000010029,吉仁里,110,1,29,A,TPE,NULL,NULL
臺北市松山區敦化里,63,臺北市,63000010,松山區,105,63000010030,敦化里,110,1,30,A,TPE,NULL,NULL
臺北市松山區復源里,63,臺北市,63000010,松山區,105,63000010031,復源里,110,1,31,A,TPE,NULL,NULL
臺北市松山區復建里,63,臺北市,63000010,松山區,105,63000010032,復建里,110,1,32,A,TPE,NULL,NULL
臺北市松山區復勢里,63,臺北市,63000010,松山區,105,63000010033,復勢里,110,1,33,A,TPE,NULL,NULL
臺北市松山區福成里,63,臺北市,63000010,松山區,105,63000010034,福成里,110,1,34,A,TPE,NULL,NULL
臺北市松山區松基里,63,臺北市,63000010,松山區,105,63000010035,松基里,110,1,35,A,TPE,NULL,NULL
臺北市信義區西村里,63,臺北市,63000020,信義區,110,63000020001,西村里,110,2,1,A,TPE,NULL,NULL
臺北市信義區正和里,63,臺北市,63000020,信義區,110,63000020002,正和里,110,2,2,A,TPE,NULL,NULL
臺北市信義區興隆里,63,臺北市,63000020,信義區,110,63000020003,興隆里,110,2,3,A,TPE,NULL,NULL
臺北市信義區中興里,63,臺北市,63000020,信義區,110,63000020004,中興里,110,2,4,A,TPE,NULL,NULL
臺北市信義區新仁里,63,臺北市,63000020,信義區,110,63000020005,新仁里,110,2,5,A,TPE,NULL,NULL
臺北市信義區興雅里,63,臺北市,63000020,信義區,110,63000020006,興雅里,110,2,6,A,TPE,NULL,NULL
臺北市信義區敦厚里,63,臺北市,63000020,信義區,110,63000020007,敦厚里,110,2,7,A,TPE,NULL,NULL
臺北市信義區廣居里,63,臺北市,63000020,信義區,110,63000020008,廣居里,110,2,8,A,TPE,NULL,NULL
臺北市信義區安康里,63,臺北市,63000020,信義區,110,63000020009,安康里,110,2,9,A,TPE,NULL,NULL
臺北市信義區六藝里,63,臺北市,63000020,信義區,110,63000020010,六藝里,110,2,10,A,TPE,NULL,NULL
臺北市信義區雅祥里,63,臺北市,63000020,信義區,110,63000020011,雅祥里,110,2,11,A,TPE,NULL,NULL
臺北市信義區五常里,63,臺北市,63000020,信義區,110,63000020012,五常里,110,2,12,A,TPE,NULL,NULL
臺北市信義區五全里,63,臺北市,63000020,信義區,110,63000020013,五全里,110,2,13,A,TPE,NULL,NULL
臺北市信義區永吉里,63,臺北市,63000020,信義區,110,63000020014,永吉里,110,2,14,A,TPE,NULL,NULL
臺北市信義區長春里,63,臺北市,63000020,信義區,110,63000020015,長春里,110,2,15,A,TPE,NULL,NULL
臺北市信義區四育里,63,臺北市,63000020,信義區,110,63000020016,四育里,110,2,16,A,TPE,NULL,NULL
臺北市信義區四維里,63,臺北市,63000020,信義區,110,63000020017,四維里,110,2,17,A,TPE,NULL,NULL
臺北市信義區永春里,63,臺北市,63000020,信義區,110,63000020018,永春里,110,2,18,A,TPE,NULL,NULL
臺北市信義區富台里,63,臺北市,63000020,信義區,110,63000020019,富台里,110,2,19,A,TPE,NULL,NULL
臺北市信義區國業里,63,臺北市,63000020,信義區,110,63000020020,國業里,110,2,20,A,TPE,NULL,NULL
臺北市信義區松隆里,63,臺北市,63000020,信義區,110,63000020021,松隆里,110,2,21,A,TPE,NULL,NULL
臺北市信義區松友里,63,臺北市,63000020,信義區,110,63000020022,松友里,110,2,22,A,TPE,NULL,NULL
臺北市信義區松光里,63,臺北市,63000020,信義區,110,63000020023,松光里,110,2,23,A,TPE,NULL,NULL
臺北市信義區中坡里,63,臺北市,63000020,信義區,110,63000020024,中坡里,110,2,24,A,TPE,NULL,NULL
臺北市信義區中行里,63,臺北市,63000020,信義區,110,63000020025,中行里,110,2,25,A,TPE,NULL,NULL
臺北市信義區大道里,63,臺北市,63000020,信義區,110,63000020026,大道里,110,2,26,A,TPE,NULL,NULL
臺北市信義區大仁里,63,臺北市,63000020,信義區,110,63000020027,大仁里,110,2,27,A,TPE,NULL,NULL
臺北市信義區景新里,63,臺北市,63000020,信義區,110,63000020028,景新里,110,2,28,A,TPE,NULL,NULL
臺北市信義區惠安里,63,臺北市,63000020,信義區,110,63000020029,惠安里,110,2,29,A,TPE,NULL,NULL
臺北市信義區三張里,63,臺北市,63000020,信義區,110,63000020030,三張里,110,2,30,A,TPE,NULL,NULL
臺北市信義區三犁里,63,臺北市,63000020,信義區,110,63000020031,三犁里,110,2,31,A,TPE,NULL,NULL
臺北市信義區六合里,63,臺北市,63000020,信義區,110,63000020032,六合里,110,2,32,A,TPE,NULL,NULL
臺北市信義區泰和里,63,臺北市,63000020,信義區,110,63000020033,泰和里,110,2,33,A,TPE,NULL,NULL
臺北市信義區景聯里,63,臺北市,63000020,信義區,110,63000020034,景聯里,110,2,34,A,TPE,NULL,NULL
臺北市信義區景勤里,63,臺北市,63000020,信義區,110,63000020035,景勤里,110,2,35,A,TPE,NULL,NULL
臺北市信義區雙和里,63,臺北市,63000020,信義區,110,63000020036,雙和里,110,2,36,A,TPE,NULL,NULL
臺北市信義區嘉興里,63,臺北市,63000020,信義區,110,63000020037,嘉興里,110,2,37,A,TPE,NULL,NULL
臺北市信義區黎順里,63,臺北市,63000020,信義區,110,63000020038,黎順里,110,2,38,A,TPE,NULL,NULL
臺北市信義區黎平里,63,臺北市,63000020,信義區,110,63000020039,黎平里,110,2,39,A,TPE,NULL,NULL
臺北市信義區黎忠里,63,臺北市,63000020,信義區,110,63000020040,黎忠里,110,2,40,A,TPE,NULL,NULL
臺北市信義區黎安里,63,臺北市,63000020,信義區,110,63000020041,黎安里,110,2,41,A,TPE,NULL,NULL
臺北市大安區德安里,63,臺北市,63000030,大安區,106,63000030001,德安里,110,3,1,A,TPE,NULL,NULL
臺北市大安區仁慈里,63,臺北市,63000030,大安區,106,63000030002,仁慈里,110,3,2,A,TPE,NULL,NULL
臺北市大安區和安里,63,臺北市,63000030,大安區,106,63000030003,和安里,110,3,3,A,TPE,NULL,NULL
臺北市大安區民炤里,63,臺北市,63000030,大安區,106,63000030004,民炤里,110,3,4,A,TPE,NULL,NULL
臺北市大安區仁愛里,63,臺北市,63000030,大安區,106,63000030005,仁愛里,110,3,5,A,TPE,NULL,NULL
臺北市大安區義村里,63,臺北市,63000030,大安區,106,63000030006,義村里,110,3,6,A,TPE,NULL,NULL
臺北市大安區民輝里,63,臺北市,63000030,大安區,106,63000030007,民輝里,110,3,7,A,TPE,NULL,NULL
臺北市大安區昌隆里,63,臺北市,63000030,大安區,106,63000030008,昌隆里,110,3,8,A,TPE,NULL,NULL
臺北市大安區誠安里,63,臺北市,63000030,大安區,106,63000030009,誠安里,110,3,9,A,TPE,NULL,NULL
臺北市大安區光武里,63,臺北市,63000030,大安區,106,63000030010,光武里,110,3,10,A,TPE,NULL,NULL
臺北市大安區龍坡里,63,臺北市,63000030,大安區,106,63000030011,龍坡里,110,3,11,A,TPE,NULL,NULL
臺北市大安區龍泉里,63,臺北市,63000030,大安區,106,63000030012,龍泉里,110,3,12,A,TPE,NULL,NULL
臺北市大安區古風里,63,臺北市,63000030,大安區,106,63000030013,古風里,110,3,13,A,TPE,NULL,NULL
臺北市大安區古莊里,63,臺北市,63000030,大安區,106,63000030014,古莊里,110,3,14,A,TPE,NULL,NULL
臺北市大安區龍安里,63,臺北市,63000030,大安區,106,63000030015,龍安里,110,3,15,A,TPE,NULL,NULL
臺北市大安區錦安里,63,臺北市,63000030,大安區,106,63000030016,錦安里,110,3,16,A,TPE,NULL,NULL
臺北市大安區福住里,63,臺北市,63000030,大安區,106,63000030017,福住里,110,3,17,A,TPE,NULL,NULL
臺北市大安區永康里,63,臺北市,63000030,大安區,106,63000030018,永康里,110,3,18,A,TPE,NULL,NULL
臺北市大安區光明里,63,臺北市,63000030,大安區,106,63000030019,光明里,110,3,19,A,TPE,NULL,NULL
臺北市大安區錦泰里,63,臺北市,63000030,大安區,106,63000030020,錦泰里,110,3,20,A,TPE,NULL,NULL
臺北市大安區錦華里,63,臺北市,63000030,大安區,106,63000030021,錦華里,110,3,21,A,TPE,NULL,NULL
臺北市大安區龍圖里,63,臺北市,63000030,大安區,106,63000030022,龍圖里,110,3,22,A,TPE,NULL,NULL
臺北市大安區新龍里,63,臺北市,63000030,大安區,106,63000030023,新龍里,110,3,23,A,TPE,NULL,NULL
臺北市大安區龍陣里,63,臺北市,63000030,大安區,106,63000030026,龍陣里,110,3,26,A,TPE,NULL,NULL
臺北市大安區龍雲里,63,臺北市,63000030,大安區,106,63000030027,龍雲里,110,3,27,A,TPE,NULL,NULL
臺北市大安區龍生里,63,臺北市,63000030,大安區,106,63000030028,龍生里,110,3,28,A,TPE,NULL,NULL
臺北市大安區住安里,63,臺北市,63000030,大安區,106,63000030029,住安里,110,3,29,A,TPE,NULL,NULL
臺北市大安區義安里,63,臺北市,63000030,大安區,106,63000030030,義安里,110,3,30,A,TPE,NULL,NULL
臺北市大安區通化里,63,臺北市,63000030,大安區,106,63000030031,通化里,110,3,31,A,TPE,NULL,NULL
臺北市大安區通安里,63,臺北市,63000030,大安區,106,63000030032,通安里,110,3,32,A,TPE,NULL,NULL
臺北市大安區臨江里,63,臺北市,63000030,大安區,106,63000030033,臨江里,110,3,33,A,TPE,NULL,NULL
臺北市大安區法治里,63,臺北市,63000030,大安區,106,63000030034,法治里,110,3,34,A,TPE,NULL,NULL
臺北市大安區全安里,63,臺北市,63000030,大安區,106,63000030035,全安里,110,3,35,A,TPE,NULL,NULL
臺北市大安區群賢里,63,臺北市,63000030,大安區,106,63000030036,群賢里,110,3,36,A,TPE,NULL,NULL
臺北市大安區群英里,63,臺北市,63000030,大安區,106,63000030037,群英里,110,3,37,A,TPE,NULL,NULL
臺北市大安區虎嘯里,63,臺北市,63000030,大安區,106,63000030038,虎嘯里,110,3,38,A,TPE,NULL,NULL
臺北市大安區臥龍里,63,臺北市,63000030,大安區,106,63000030039,臥龍里,110,3,39,A,TPE,NULL,NULL
臺北市大安區龍淵里,63,臺北市,63000030,大安區,106,63000030040,龍淵里,110,3,40,A,TPE,NULL,NULL
臺北市大安區龍門里,63,臺北市,63000030,大安區,106,63000030041,龍門里,110,3,41,A,TPE,NULL,NULL
臺北市大安區大學里,63,臺北市,63000030,大安區,106,63000030043,大學里,110,3,43,A,TPE,NULL,NULL
臺北市大安區芳和里,63,臺北市,63000030,大安區,106,63000030044,芳和里,110,3,44,A,TPE,NULL,NULL
臺北市大安區黎元里,63,臺北市,63000030,大安區,106,63000030046,黎元里,110,3,46,A,TPE,NULL,NULL
臺北市大安區黎孝里,63,臺北市,63000030,大安區,106,63000030047,黎孝里,110,3,47,A,TPE,NULL,NULL
臺北市大安區黎和里,63,臺北市,63000030,大安區,106,63000030048,黎和里,110,3,48,A,TPE,NULL,NULL
臺北市大安區建安里,63,臺北市,63000030,大安區,106,63000030049,建安里,110,3,49,A,TPE,NULL,NULL
臺北市大安區建倫里,63,臺北市,63000030,大安區,106,63000030050,建倫里,110,3,50,A,TPE,NULL,NULL
臺北市大安區敦安里,63,臺北市,63000030,大安區,106,63000030051,敦安里,110,3,51,A,TPE,NULL,NULL
臺北市大安區正聲里,63,臺北市,63000030,大安區,106,63000030052,正聲里,110,3,52,A,TPE,NULL,NULL
臺北市大安區敦煌里,63,臺北市,63000030,大安區,106,63000030053,敦煌里,110,3,53,A,TPE,NULL,NULL
臺北市大安區華聲里,63,臺北市,63000030,大安區,106,63000030054,華聲里,110,3,54,A,TPE,NULL,NULL
臺北市大安區車層里,63,臺北市,63000030,大安區,106,63000030055,車層里,110,3,55,A,TPE,NULL,NULL
臺北市大安區光信里,63,臺北市,63000030,大安區,106,63000030056,光信里,110,3,56,A,TPE,NULL,NULL
臺北市大安區學府里,63,臺北市,63000030,大安區,106,63000030057,學府里,110,3,57,A,TPE,NULL,NULL
臺北市中山區正守里,63,臺北市,63000040,中山區,104,63000040001,正守里,110,4,1,A,TPE,NULL,NULL
臺北市中山區正義里,63,臺北市,63000040,中山區,104,63000040002,正義里,110,4,2,A,TPE,NULL,NULL
臺北市中山區正得里,63,臺北市,63000040,中山區,104,63000040003,正得里,110,4,3,A,TPE,NULL,NULL
臺北市中山區民安里,63,臺北市,63000040,中山區,104,63000040004,民安里,110,4,4,A,TPE,NULL,NULL
臺北市中山區康樂里,63,臺北市,63000040,中山區,104,63000040005,康樂里,110,4,5,A,TPE,NULL,NULL
臺北市中山區中山里,63,臺北市,63000040,中山區,104,63000040006,中山里,110,4,6,A,TPE,NULL,NULL
臺北市中山區聚盛里,63,臺北市,63000040,中山區,104,63000040007,聚盛里,110,4,7,A,TPE,NULL,NULL
臺北市中山區集英里,63,臺北市,63000040,中山區,104,63000040008,集英里,110,4,8,A,TPE,NULL,NULL
臺北市中山區聚葉里,63,臺北市,63000040,中山區,104,63000040009,聚葉里,110,4,9,A,TPE,NULL,NULL
臺北市中山區恆安里,63,臺北市,63000040,中山區,104,63000040010,恆安里,110,4,10,A,TPE,NULL,NULL
臺北市中山區晴光里,63,臺北市,63000040,中山區,104,63000040011,晴光里,110,4,11,A,TPE,NULL,NULL
臺北市中山區圓山里,63,臺北市,63000040,中山區,104,63000040012,圓山里,110,4,12,A,TPE,NULL,NULL
臺北市中山區劍潭里,63,臺北市,63000040,中山區,104,63000040013,劍潭里,110,4,13,A,TPE,NULL,NULL
臺北市中山區大直里,63,臺北市,63000040,中山區,104,63000040014,大直里,110,4,14,A,TPE,NULL,NULL
臺北市中山區成功里,63,臺北市,63000040,中山區,104,63000040015,成功里,110,4,15,A,TPE,NULL,NULL
臺北市中山區永安里,63,臺北市,63000040,中山區,104,63000040016,永安里,110,4,16,A,TPE,NULL,NULL
臺北市中山區大佳里,63,臺北市,63000040,中山區,104,63000040017,大佳里,110,4,17,A,TPE,NULL,NULL
臺北市中山區新喜里,63,臺北市,63000040,中山區,104,63000040018,新喜里,110,4,18,A,TPE,NULL,NULL
臺北市中山區新庄里,63,臺北市,63000040,中山區,104,63000040019,新庄里,110,4,19,A,TPE,NULL,NULL
臺北市中山區新福里,63,臺北市,63000040,中山區,104,63000040020,新福里,110,4,20,A,TPE,NULL,NULL
臺北市中山區松江里,63,臺北市,63000040,中山區,104,63000040021,松江里,110,4,21,A,TPE,NULL,NULL
臺北市中山區新生里,63,臺北市,63000040,中山區,104,63000040022,新生里,110,4,22,A,TPE,NULL,NULL
臺北市中山區中庄里,63,臺北市,63000040,中山區,104,63000040023,中庄里,110,4,23,A,TPE,NULL,NULL
臺北市中山區行政里,63,臺北市,63000040,中山區,104,63000040024,行政里,110,4,24,A,TPE,NULL,NULL
臺北市中山區行仁里,63,臺北市,63000040,中山區,104,63000040025,行仁里,110,4,25,A,TPE,NULL,NULL
臺北市中山區行孝里,63,臺北市,63000040,中山區,104,63000040026,行孝里,110,4,26,A,TPE,NULL,NULL
臺北市中山區下埤里,63,臺北市,63000040,中山區,104,63000040027,下埤里,110,4,27,A,TPE,NULL,NULL
臺北市中山區江寧里,63,臺北市,63000040,中山區,104,63000040028,江寧里,110,4,28,A,TPE,NULL,NULL
臺北市中山區江山里,63,臺北市,63000040,中山區,104,63000040029,江山里,110,4,29,A,TPE,NULL,NULL
臺北市中山區中吉里,63,臺北市,63000040,中山區,104,63000040030,中吉里,110,4,30,A,TPE,NULL,NULL
臺北市中山區中原里,63,臺北市,63000040,中山區,104,63000040031,中原里,110,4,31,A,TPE,NULL,NULL
臺北市中山區興亞里,63,臺北市,63000040,中山區,104,63000040032,興亞里,110,4,32,A,TPE,NULL,NULL
臺北市中山區中央里,63,臺北市,63000040,中山區,104,63000040033,中央里,110,4,33,A,TPE,NULL,NULL
臺北市中山區朱馥里,63,臺北市,63000040,中山區,104,63000040034,朱馥里,110,4,34,A,TPE,NULL,NULL
臺北市中山區龍洲里,63,臺北市,63000040,中山區,104,63000040035,龍洲里,110,4,35,A,TPE,NULL,NULL
臺北市中山區朱園里,63,臺北市,63000040,中山區,104,63000040036,朱園里,110,4,36,A,TPE,NULL,NULL
臺北市中山區埤頭里,63,臺北市,63000040,中山區,104,63000040037,埤頭里,110,4,37,A,TPE,NULL,NULL
臺北市中山區朱崙里,63,臺北市,63000040,中山區,104,63000040038,朱崙里,110,4,38,A,TPE,NULL,NULL
臺北市中山區力行里,63,臺北市,63000040,中山區,104,63000040039,力行里,110,4,39,A,TPE,NULL,NULL
臺北市中山區復華里,63,臺北市,63000040,中山區,104,63000040040,復華里,110,4,40,A,TPE,NULL,NULL
臺北市中山區金泰里,63,臺北市,63000040,中山區,104,63000040041,金泰里,110,4,41,A,TPE,NULL,NULL
臺北市中山區北安里,63,臺北市,63000040,中山區,104,63000040042,北安里,110,4,42,A,TPE,NULL,NULL
臺北市中正區水源里,63,臺北市,63000050,中正區,100,63000050001,水源里,110,5,1,A,TPE,NULL,NULL
臺北市中正區富水里,63,臺北市,63000050,中正區,100,63000050002,富水里,110,5,2,A,TPE,NULL,NULL
臺北市中正區文盛里,63,臺北市,63000050,中正區,100,63000050003,文盛里,110,5,3,A,TPE,NULL,NULL
臺北市中正區林興里,63,臺北市,63000050,中正區,100,63000050004,林興里,110,5,4,A,TPE,NULL,NULL
臺北市中正區河堤里,63,臺北市,63000050,中正區,100,63000050005,河堤里,110,5,5,A,TPE,NULL,NULL
臺北市中正區頂東里,63,臺北市,63000050,中正區,100,63000050006,頂東里,110,5,6,A,TPE,NULL,NULL
臺北市中正區網溪里,63,臺北市,63000050,中正區,100,63000050007,網溪里,110,5,7,A,TPE,NULL,NULL
臺北市中正區板溪里,63,臺北市,63000050,中正區,100,63000050008,板溪里,110,5,8,A,TPE,NULL,NULL
臺北市中正區螢圃里,63,臺北市,63000050,中正區,100,63000050009,螢圃里,110,5,9,A,TPE,NULL,NULL
臺北市中正區螢雪里,63,臺北市,63000050,中正區,100,63000050010,螢雪里,110,5,10,A,TPE,NULL,NULL
臺北市中正區永功里,63,臺北市,63000050,中正區,100,63000050011,永功里,110,5,11,A,TPE,NULL,NULL
臺北市中正區永昌里,63,臺北市,63000050,中正區,100,63000050012,永昌里,110,5,12,A,TPE,NULL,NULL
臺北市中正區龍興里,63,臺北市,63000050,中正區,100,63000050013,龍興里,110,5,13,A,TPE,NULL,NULL
臺北市中正區忠勤里,63,臺北市,63000050,中正區,100,63000050014,忠勤里,110,5,14,A,TPE,NULL,NULL
臺北市中正區廈安里,63,臺北市,63000050,中正區,100,63000050015,廈安里,110,5,15,A,TPE,NULL,NULL
臺北市中正區愛國里,63,臺北市,63000050,中正區,100,63000050016,愛國里,110,5,16,A,TPE,NULL,NULL
臺北市中正區南門里,63,臺北市,63000050,中正區,100,63000050017,南門里,110,5,17,A,TPE,NULL,NULL
臺北市中正區龍光里,63,臺北市,63000050,中正區,100,63000050018,龍光里,110,5,18,A,TPE,NULL,NULL
臺北市中正區南福里,63,臺北市,63000050,中正區,100,63000050019,南福里,110,5,19,A,TPE,NULL,NULL
臺北市中正區龍福里,63,臺北市,63000050,中正區,100,63000050020,龍福里,110,5,20,A,TPE,NULL,NULL
臺北市中正區新營里,63,臺北市,63000050,中正區,100,63000050021,新營里,110,5,21,A,TPE,NULL,NULL
臺北市中正區建國里,63,臺北市,63000050,中正區,100,63000050022,建國里,110,5,22,A,TPE,NULL,NULL
臺北市中正區光復里,63,臺北市,63000050,中正區,100,63000050023,光復里,110,5,23,A,TPE,NULL,NULL
臺北市中正區黎明里,63,臺北市,63000050,中正區,100,63000050024,黎明里,110,5,24,A,TPE,NULL,NULL
臺北市中正區梅花里,63,臺北市,63000050,中正區,100,63000050025,梅花里,110,5,25,A,TPE,NULL,NULL
臺北市中正區幸福里,63,臺北市,63000050,中正區,100,63000050026,幸福里,110,5,26,A,TPE,NULL,NULL
臺北市中正區幸市里,63,臺北市,63000050,中正區,100,63000050027,幸市里,110,5,27,A,TPE,NULL,NULL
臺北市中正區東門里,63,臺北市,63000050,中正區,100,63000050028,東門里,110,5,28,A,TPE,NULL,NULL
臺北市中正區文北里,63,臺北市,63000050,中正區,100,63000050029,文北里,110,5,29,A,TPE,NULL,NULL
臺北市中正區文祥里,63,臺北市,63000050,中正區,100,63000050030,文祥里,110,5,30,A,TPE,NULL,NULL
臺北市中正區三愛里,63,臺北市,63000050,中正區,100,63000050031,三愛里,110,5,31,A,TPE,NULL,NULL
臺北市大同區玉泉里,63,臺北市,63000060,大同區,103,63000060001,玉泉里,110,6,1,A,TPE,NULL,NULL
臺北市大同區建明里,63,臺北市,63000060,大同區,103,63000060002,建明里,110,6,2,A,TPE,NULL,NULL
臺北市大同區建功里,63,臺北市,63000060,大同區,103,63000060003,建功里,110,6,3,A,TPE,NULL,NULL
臺北市大同區建泰里,63,臺北市,63000060,大同區,103,63000060004,建泰里,110,6,4,A,TPE,NULL,NULL
臺北市大同區永樂里,63,臺北市,63000060,大同區,103,63000060005,永樂里,110,6,5,A,TPE,NULL,NULL
臺北市大同區朝陽里,63,臺北市,63000060,大同區,103,63000060006,朝陽里,110,6,6,A,TPE,NULL,NULL
臺北市大同區星明里,63,臺北市,63000060,大同區,103,63000060007,星明里,110,6,7,A,TPE,NULL,NULL
臺北市大同區光能里,63,臺北市,63000060,大同區,103,63000060008,光能里,110,6,8,A,TPE,NULL,NULL
臺北市大同區大有里,63,臺北市,63000060,大同區,103,63000060009,大有里,110,6,9,A,TPE,NULL,NULL
臺北市大同區延平里,63,臺北市,63000060,大同區,103,63000060010,延平里,110,6,10,A,TPE,NULL,NULL
臺北市大同區雙連里,63,臺北市,63000060,大同區,103,63000060011,雙連里,110,6,11,A,TPE,NULL,NULL
臺北市大同區南芳里,63,臺北市,63000060,大同區,103,63000060012,南芳里,110,6,12,A,TPE,NULL,NULL
臺北市大同區民權里,63,臺北市,63000060,大同區,103,63000060013,民權里,110,6,13,A,TPE,NULL,NULL
臺北市大同區景星里,63,臺北市,63000060,大同區,103,63000060014,景星里,110,6,14,A,TPE,NULL,NULL
臺北市大同區隆和里,63,臺北市,63000060,大同區,103,63000060015,隆和里,110,6,15,A,TPE,NULL,NULL
臺北市大同區蓬萊里,63,臺北市,63000060,大同區,103,63000060016,蓬萊里,110,6,16,A,TPE,NULL,NULL
臺北市大同區國順里,63,臺北市,63000060,大同區,103,63000060017,國順里,110,6,17,A,TPE,NULL,NULL
臺北市大同區國慶里,63,臺北市,63000060,大同區,103,63000060018,國慶里,110,6,18,A,TPE,NULL,NULL
臺北市大同區揚雅里,63,臺北市,63000060,大同區,103,63000060019,揚雅里,110,6,19,A,TPE,NULL,NULL
臺北市大同區斯文里,63,臺北市,63000060,大同區,103,63000060020,斯文里,110,6,20,A,TPE,NULL,NULL
臺北市大同區鄰江里,63,臺北市,63000060,大同區,103,63000060021,鄰江里,110,6,21,A,TPE,NULL,NULL
臺北市大同區至聖里,63,臺北市,63000060,大同區,103,63000060022,至聖里,110,6,22,A,TPE,NULL,NULL
臺北市大同區老師里,63,臺北市,63000060,大同區,103,63000060024,老師里,110,6,24,A,TPE,NULL,NULL
臺北市大同區重慶里,63,臺北市,63000060,大同區,103,63000060025,重慶里,110,6,25,A,TPE,NULL,NULL
臺北市大同區保安里,63,臺北市,63000060,大同區,103,63000060026,保安里,110,6,26,A,TPE,NULL,NULL
臺北市萬華區福星里,63,臺北市,63000070,萬華區,108,63000070001,福星里,110,7,1,A,TPE,NULL,NULL
臺北市萬華區萬壽里,63,臺北市,63000070,萬華區,108,63000070002,萬壽里,110,7,2,A,TPE,NULL,NULL
臺北市萬華區西門里,63,臺北市,63000070,萬華區,108,63000070003,西門里,110,7,3,A,TPE,NULL,NULL
臺北市萬華區新起里,63,臺北市,63000070,萬華區,108,63000070004,新起里,110,7,4,A,TPE,NULL,NULL
臺北市萬華區菜園里,63,臺北市,63000070,萬華區,108,63000070005,菜園里,110,7,5,A,TPE,NULL,NULL
臺北市萬華區青山里,63,臺北市,63000070,萬華區,108,63000070006,青山里,110,7,6,A,TPE,NULL,NULL
臺北市萬華區富民里,63,臺北市,63000070,萬華區,108,63000070007,富民里,110,7,7,A,TPE,NULL,NULL
臺北市萬華區福音里,63,臺北市,63000070,萬華區,108,63000070008,福音里,110,7,8,A,TPE,NULL,NULL
臺北市萬華區仁德里,63,臺北市,63000070,萬華區,108,63000070009,仁德里,110,7,9,A,TPE,NULL,NULL
臺北市萬華區富福里,63,臺北市,63000070,萬華區,108,63000070010,富福里,110,7,10,A,TPE,NULL,NULL
臺北市萬華區頂碩里,63,臺北市,63000070,萬華區,108,63000070011,頂碩里,110,7,11,A,TPE,NULL,NULL
臺北市萬華區雙園里,63,臺北市,63000070,萬華區,108,63000070012,雙園里,110,7,12,A,TPE,NULL,NULL
臺北市萬華區新忠里,63,臺北市,63000070,萬華區,108,63000070013,新忠里,110,7,13,A,TPE,NULL,NULL
臺北市萬華區新和里,63,臺北市,63000070,萬華區,108,63000070014,新和里,110,7,14,A,TPE,NULL,NULL
臺北市萬華區糖廍里,63,臺北市,63000070,萬華區,108,63000070015,糖廍里,110,7,15,A,TPE,NULL,NULL
臺北市萬華區和平里,63,臺北市,63000070,萬華區,108,63000070016,和平里,110,7,16,A,TPE,NULL,NULL
臺北市萬華區綠堤里,63,臺北市,63000070,萬華區,108,63000070017,綠堤里,110,7,17,A,TPE,NULL,NULL
臺北市萬華區華江里,63,臺北市,63000070,萬華區,108,63000070018,華江里,110,7,18,A,TPE,NULL,NULL
臺北市萬華區柳鄉里,63,臺北市,63000070,萬華區,108,63000070019,柳鄉里,110,7,19,A,TPE,NULL,NULL
臺北市萬華區日善里,63,臺北市,63000070,萬華區,108,63000070020,日善里,110,7,20,A,TPE,NULL,NULL
臺北市萬華區新安里,63,臺北市,63000070,萬華區,108,63000070021,新安里,110,7,21,A,TPE,NULL,NULL
臺北市萬華區忠德里,63,臺北市,63000070,萬華區,108,63000070022,忠德里,110,7,22,A,TPE,NULL,NULL
臺北市萬華區孝德里,63,臺北市,63000070,萬華區,108,63000070023,孝德里,110,7,23,A,TPE,NULL,NULL
臺北市萬華區和德里,63,臺北市,63000070,萬華區,108,63000070024,和德里,110,7,24,A,TPE,NULL,NULL
臺北市萬華區錦德里,63,臺北市,63000070,萬華區,108,63000070025,錦德里,110,7,25,A,TPE,NULL,NULL
臺北市萬華區全德里,63,臺北市,63000070,萬華區,108,63000070026,全德里,110,7,26,A,TPE,NULL,NULL
臺北市萬華區保德里,63,臺北市,63000070,萬華區,108,63000070027,保德里,110,7,27,A,TPE,NULL,NULL
臺北市萬華區銘德里,63,臺北市,63000070,萬華區,108,63000070028,銘德里,110,7,28,A,TPE,NULL,NULL
臺北市萬華區榮德里,63,臺北市,63000070,萬華區,108,63000070029,榮德里,110,7,29,A,TPE,NULL,NULL
臺北市萬華區壽德里,63,臺北市,63000070,萬華區,108,63000070030,壽德里,110,7,30,A,TPE,NULL,NULL
臺北市萬華區興德里,63,臺北市,63000070,萬華區,108,63000070031,興德里,110,7,31,A,TPE,NULL,NULL
臺北市萬華區華中里,63,臺北市,63000070,萬華區,108,63000070032,華中里,110,7,32,A,TPE,NULL,NULL
臺北市萬華區日祥里,63,臺北市,63000070,萬華區,108,63000070033,日祥里,110,7,33,A,TPE,NULL,NULL
臺北市萬華區忠貞里,63,臺北市,63000070,萬華區,108,63000070034,忠貞里,110,7,34,A,TPE,NULL,NULL
臺北市萬華區凌霄里,63,臺北市,63000070,萬華區,108,63000070035,凌霄里,110,7,35,A,TPE,NULL,NULL
臺北市萬華區騰雲里,63,臺北市,63000070,萬華區,108,63000070036,騰雲里,110,7,36,A,TPE,NULL,NULL
臺北市文山區景行里,63,臺北市,63000080,文山區,116,63000080001,景行里,110,8,1,A,TPE,NULL,NULL
臺北市文山區景東里,63,臺北市,63000080,文山區,116,63000080002,景東里,110,8,2,A,TPE,NULL,NULL
臺北市文山區景美里,63,臺北市,63000080,文山區,116,63000080003,景美里,110,8,3,A,TPE,NULL,NULL
臺北市文山區景慶里,63,臺北市,63000080,文山區,116,63000080004,景慶里,110,8,4,A,TPE,NULL,NULL
臺北市文山區景仁里,63,臺北市,63000080,文山區,116,63000080005,景仁里,110,8,5,A,TPE,NULL,NULL
臺北市文山區景華里,63,臺北市,63000080,文山區,116,63000080006,景華里,110,8,6,A,TPE,NULL,NULL
臺北市文山區萬有里,63,臺北市,63000080,文山區,116,63000080007,萬有里,110,8,7,A,TPE,NULL,NULL
臺北市文山區萬祥里,63,臺北市,63000080,文山區,116,63000080008,萬祥里,110,8,8,A,TPE,NULL,NULL
臺北市文山區萬隆里,63,臺北市,63000080,文山區,116,63000080009,萬隆里,110,8,9,A,TPE,NULL,NULL
臺北市文山區萬年里,63,臺北市,63000080,文山區,116,63000080010,萬年里,110,8,10,A,TPE,NULL,NULL
臺北市文山區萬和里,63,臺北市,63000080,文山區,116,63000080011,萬和里,110,8,11,A,TPE,NULL,NULL
臺北市文山區萬盛里,63,臺北市,63000080,文山區,116,63000080012,萬盛里,110,8,12,A,TPE,NULL,NULL
臺北市文山區興豐里,63,臺北市,63000080,文山區,116,63000080013,興豐里,110,8,13,A,TPE,NULL,NULL
臺北市文山區興光里,63,臺北市,63000080,文山區,116,63000080014,興光里,110,8,14,A,TPE,NULL,NULL
臺北市文山區興家里,63,臺北市,63000080,文山區,116,63000080015,興家里,110,8,15,A,TPE,NULL,NULL
臺北市文山區興得里,63,臺北市,63000080,文山區,116,63000080016,興得里,110,8,16,A,TPE,NULL,NULL
臺北市文山區興業里,63,臺北市,63000080,文山區,116,63000080017,興業里,110,8,17,A,TPE,NULL,NULL
臺北市文山區興安里,63,臺北市,63000080,文山區,116,63000080018,興安里,110,8,18,A,TPE,NULL,NULL
臺北市文山區興福里,63,臺北市,63000080,文山區,116,63000080019,興福里,110,8,19,A,TPE,NULL,NULL
臺北市文山區興旺里,63,臺北市,63000080,文山區,116,63000080020,興旺里,110,8,20,A,TPE,NULL,NULL
臺北市文山區興泰里,63,臺北市,63000080,文山區,116,63000080021,興泰里,110,8,21,A,TPE,NULL,NULL
臺北市文山區興昌里,63,臺北市,63000080,文山區,116,63000080022,興昌里,110,8,22,A,TPE,NULL,NULL
臺北市文山區試院里,63,臺北市,63000080,文山區,116,63000080023,試院里,110,8,23,A,TPE,NULL,NULL
臺北市文山區華興里,63,臺北市,63000080,文山區,116,63000080024,華興里,110,8,24,A,TPE,NULL,NULL
臺北市文山區明義里,63,臺北市,63000080,文山區,116,63000080025,明義里,110,8,25,A,TPE,NULL,NULL
臺北市文山區明興里,63,臺北市,63000080,文山區,116,63000080026,明興里,110,8,26,A,TPE,NULL,NULL
臺北市文山區木柵里,63,臺北市,63000080,文山區,116,63000080027,木柵里,110,8,27,A,TPE,NULL,NULL
臺北市文山區木新里,63,臺北市,63000080,文山區,116,63000080028,木新里,110,8,28,A,TPE,NULL,NULL
臺北市文山區順興里,63,臺北市,63000080,文山區,116,63000080029,順興里,110,8,29,A,TPE,NULL,NULL
臺北市文山區樟林里,63,臺北市,63000080,文山區,116,63000080030,樟林里,110,8,30,A,TPE,NULL,NULL
臺北市文山區樟新里,63,臺北市,63000080,文山區,116,63000080031,樟新里,110,8,31,A,TPE,NULL,NULL
臺北市文山區樟腳里,63,臺北市,63000080,文山區,116,63000080032,樟腳里,110,8,32,A,TPE,NULL,NULL
臺北市文山區萬芳里,63,臺北市,63000080,文山區,116,63000080033,萬芳里,110,8,33,A,TPE,NULL,NULL
臺北市文山區博嘉里,63,臺北市,63000080,文山區,116,63000080034,博嘉里,110,8,34,A,TPE,NULL,NULL
臺北市文山區萬興里,63,臺北市,63000080,文山區,116,63000080035,萬興里,110,8,35,A,TPE,NULL,NULL
臺北市文山區指南里,63,臺北市,63000080,文山區,116,63000080036,指南里,110,8,36,A,TPE,NULL,NULL
臺北市文山區老泉里,63,臺北市,63000080,文山區,116,63000080037,老泉里,110,8,37,A,TPE,NULL,NULL
臺北市文山區忠順里,63,臺北市,63000080,文山區,116,63000080038,忠順里,110,8,38,A,TPE,NULL,NULL
臺北市文山區萬美里,63,臺北市,63000080,文山區,116,63000080039,萬美里,110,8,39,A,TPE,NULL,NULL
臺北市文山區政大里,63,臺北市,63000080,文山區,116,63000080040,政大里,110,8,40,A,TPE,NULL,NULL
臺北市文山區樟文里,63,臺北市,63000080,文山區,116,63000080041,樟文里,110,8,41,A,TPE,NULL,NULL
臺北市文山區興邦里,63,臺北市,63000080,文山區,116,63000080042,興邦里,110,8,42,A,TPE,NULL,NULL
臺北市文山區樟樹里,63,臺北市,63000080,文山區,116,63000080043,樟樹里,110,8,43,A,TPE,NULL,NULL
臺北市南港區南港里,63,臺北市,63000090,南港區,115,63000090001,南港里,110,9,1,A,TPE,NULL,NULL
臺北市南港區中南里,63,臺北市,63000090,南港區,115,63000090002,中南里,110,9,2,A,TPE,NULL,NULL
臺北市南港區新富里,63,臺北市,63000090,南港區,115,63000090003,新富里,110,9,3,A,TPE,NULL,NULL
臺北市南港區三重里,63,臺北市,63000090,南港區,115,63000090004,三重里,110,9,4,A,TPE,NULL,NULL
臺北市南港區東新里,63,臺北市,63000090,南港區,115,63000090005,東新里,110,9,5,A,TPE,NULL,NULL
臺北市南港區新光里,63,臺北市,63000090,南港區,115,63000090006,新光里,110,9,6,A,TPE,NULL,NULL
臺北市南港區東明里,63,臺北市,63000090,南港區,115,63000090007,東明里,110,9,7,A,TPE,NULL,NULL
臺北市南港區西新里,63,臺北市,63000090,南港區,115,63000090008,西新里,110,9,8,A,TPE,NULL,NULL
臺北市南港區玉成里,63,臺北市,63000090,南港區,115,63000090009,玉成里,110,9,9,A,TPE,NULL,NULL
臺北市南港區合成里,63,臺北市,63000090,南港區,115,63000090010,合成里,110,9,10,A,TPE,NULL,NULL
臺北市南港區成福里,63,臺北市,63000090,南港區,115,63000090011,成福里,110,9,11,A,TPE,NULL,NULL
臺北市南港區萬福里,63,臺北市,63000090,南港區,115,63000090012,萬福里,110,9,12,A,TPE,NULL,NULL
臺北市南港區鴻福里,63,臺北市,63000090,南港區,115,63000090013,鴻福里,110,9,13,A,TPE,NULL,NULL
臺北市南港區百福里,63,臺北市,63000090,南港區,115,63000090014,百福里,110,9,14,A,TPE,NULL,NULL
臺北市南港區聯成里,63,臺北市,63000090,南港區,115,63000090015,聯成里,110,9,15,A,TPE,NULL,NULL
臺北市南港區舊莊里,63,臺北市,63000090,南港區,115,63000090016,舊莊里,110,9,16,A,TPE,NULL,NULL
臺北市南港區中研里,63,臺北市,63000090,南港區,115,63000090017,中研里,110,9,17,A,TPE,NULL,NULL
臺北市南港區九如里,63,臺北市,63000090,南港區,115,63000090018,九如里,110,9,18,A,TPE,NULL,NULL
臺北市南港區仁福里,63,臺北市,63000090,南港區,115,63000090019,仁福里,110,9,19,A,TPE,NULL,NULL
臺北市南港區重陽里,63,臺北市,63000090,南港區,115,63000090020,重陽里,110,9,20,A,TPE,NULL,NULL
臺北市內湖區西湖里,63,臺北市,63000100,內湖區,114,63000100001,西湖里,110,10,1,A,TPE,NULL,NULL
臺北市內湖區西康里,63,臺北市,63000100,內湖區,114,63000100002,西康里,110,10,2,A,TPE,NULL,NULL
臺北市內湖區西安里,63,臺北市,63000100,內湖區,114,63000100003,西安里,110,10,3,A,TPE,NULL,NULL
臺北市內湖區港墘里,63,臺北市,63000100,內湖區,114,63000100005,港墘里,110,10,5,A,TPE,NULL,NULL
臺北市內湖區港都里,63,臺北市,63000100,內湖區,114,63000100006,港都里,110,10,6,A,TPE,NULL,NULL
臺北市內湖區港富里,63,臺北市,63000100,內湖區,114,63000100007,港富里,110,10,7,A,TPE,NULL,NULL
臺北市內湖區港華里,63,臺北市,63000100,內湖區,114,63000100008,港華里,110,10,8,A,TPE,NULL,NULL
臺北市內湖區內湖里,63,臺北市,63000100,內湖區,114,63000100009,內湖里,110,10,9,A,TPE,NULL,NULL
臺北市內湖區湖濱里,63,臺北市,63000100,內湖區,114,63000100010,湖濱里,110,10,10,A,TPE,NULL,NULL
臺北市內湖區紫星里,63,臺北市,63000100,內湖區,114,63000100011,紫星里,110,10,11,A,TPE,NULL,NULL
臺北市內湖區大湖里,63,臺北市,63000100,內湖區,114,63000100012,大湖里,110,10,12,A,TPE,NULL,NULL
臺北市內湖區金龍里,63,臺北市,63000100,內湖區,114,63000100013,金龍里,110,10,13,A,TPE,NULL,NULL
臺北市內湖區金瑞里,63,臺北市,63000100,內湖區,114,63000100014,金瑞里,110,10,14,A,TPE,NULL,NULL
臺北市內湖區碧山里,63,臺北市,63000100,內湖區,114,63000100015,碧山里,110,10,15,A,TPE,NULL,NULL
臺北市內湖區紫雲里,63,臺北市,63000100,內湖區,114,63000100016,紫雲里,110,10,16,A,TPE,NULL,NULL
臺北市內湖區清白里,63,臺北市,63000100,內湖區,114,63000100017,清白里,110,10,17,A,TPE,NULL,NULL
臺北市內湖區葫洲里,63,臺北市,63000100,內湖區,114,63000100018,葫洲里,110,10,18,A,TPE,NULL,NULL
臺北市內湖區紫陽里,63,臺北市,63000100,內湖區,114,63000100019,紫陽里,110,10,19,A,TPE,NULL,NULL
臺北市內湖區瑞陽里,63,臺北市,63000100,內湖區,114,63000100020,瑞陽里,110,10,20,A,TPE,NULL,NULL
臺北市內湖區瑞光里,63,臺北市,63000100,內湖區,114,63000100021,瑞光里,110,10,21,A,TPE,NULL,NULL
臺北市內湖區五分里,63,臺北市,63000100,內湖區,114,63000100022,五分里,110,10,22,A,TPE,NULL,NULL
臺北市內湖區東湖里,63,臺北市,63000100,內湖區,114,63000100023,東湖里,110,10,23,A,TPE,NULL,NULL
臺北市內湖區樂康里,63,臺北市,63000100,內湖區,114,63000100024,樂康里,110,10,24,A,TPE,NULL,NULL
臺北市內湖區內溝里,63,臺北市,63000100,內湖區,114,63000100025,內溝里,110,10,25,A,TPE,NULL,NULL
臺北市內湖區週美里,63,臺北市,63000100,內湖區,114,63000100026,週美里,110,10,26,A,TPE,NULL,NULL
臺北市內湖區行善里,63,臺北市,63000100,內湖區,114,63000100027,行善里,110,10,27,A,TPE,NULL,NULL
臺北市內湖區石潭里,63,臺北市,63000100,內湖區,114,63000100028,石潭里,110,10,28,A,TPE,NULL,NULL
臺北市內湖區湖興里,63,臺北市,63000100,內湖區,114,63000100029,湖興里,110,10,29,A,TPE,NULL,NULL
臺北市內湖區湖元里,63,臺北市,63000100,內湖區,114,63000100030,湖元里,110,10,30,A,TPE,NULL,NULL
臺北市內湖區安湖里,63,臺北市,63000100,內湖區,114,63000100031,安湖里,110,10,31,A,TPE,NULL,NULL
臺北市內湖區秀湖里,63,臺北市,63000100,內湖區,114,63000100032,秀湖里,110,10,32,A,TPE,NULL,NULL
臺北市內湖區安泰里,63,臺北市,63000100,內湖區,114,63000100033,安泰里,110,10,33,A,TPE,NULL,NULL
臺北市內湖區金湖里,63,臺北市,63000100,內湖區,114,63000100034,金湖里,110,10,34,A,TPE,NULL,NULL
臺北市內湖區康寧里,63,臺北市,63000100,內湖區,114,63000100035,康寧里,110,10,35,A,TPE,NULL,NULL
臺北市內湖區明湖里,63,臺北市,63000100,內湖區,114,63000100036,明湖里,110,10,36,A,TPE,NULL,NULL
臺北市內湖區蘆洲里,63,臺北市,63000100,內湖區,114,63000100037,蘆洲里,110,10,37,A,TPE,NULL,NULL
臺北市內湖區麗山里,63,臺北市,63000100,內湖區,114,63000100038,麗山里,110,10,38,A,TPE,NULL,NULL
臺北市內湖區寶湖里,63,臺北市,63000100,內湖區,114,63000100039,寶湖里,110,10,39,A,TPE,NULL,NULL
臺北市內湖區南湖里,63,臺北市,63000100,內湖區,114,63000100040,南湖里,110,10,40,A,TPE,NULL,NULL
臺北市士林區仁勇里,63,臺北市,63000110,士林區,111,63000110001,仁勇里,110,11,1,A,TPE,NULL,NULL
臺北市士林區義信里,63,臺北市,63000110,士林區,111,63000110002,義信里,110,11,2,A,TPE,NULL,NULL
臺北市士林區福林里,63,臺北市,63000110,士林區,111,63000110003,福林里,110,11,3,A,TPE,NULL,NULL
臺北市士林區福德里,63,臺北市,63000110,士林區,111,63000110004,福德里,110,11,4,A,TPE,NULL,NULL
臺北市士林區福志里,63,臺北市,63000110,士林區,111,63000110005,福志里,110,11,5,A,TPE,NULL,NULL
臺北市士林區舊佳里,63,臺北市,63000110,士林區,111,63000110006,舊佳里,110,11,6,A,TPE,NULL,NULL
臺北市士林區福佳里,63,臺北市,63000110,士林區,111,63000110007,福佳里,110,11,7,A,TPE,NULL,NULL
臺北市士林區後港里,63,臺北市,63000110,士林區,111,63000110008,後港里,110,11,8,A,TPE,NULL,NULL
臺北市士林區福中里,63,臺北市,63000110,士林區,111,63000110009,福中里,110,11,9,A,TPE,NULL,NULL
臺北市士林區前港里,63,臺北市,63000110,士林區,111,63000110010,前港里,110,11,10,A,TPE,NULL,NULL
臺北市士林區百齡里,63,臺北市,63000110,士林區,111,63000110011,百齡里,110,11,11,A,TPE,NULL,NULL
臺北市士林區承德里,63,臺北市,63000110,士林區,111,63000110012,承德里,110,11,12,A,TPE,NULL,NULL
臺北市士林區福華里,63,臺北市,63000110,士林區,111,63000110013,福華里,110,11,13,A,TPE,NULL,NULL
臺北市士林區明勝里,63,臺北市,63000110,士林區,111,63000110014,明勝里,110,11,14,A,TPE,NULL,NULL
臺北市士林區福順里,63,臺北市,63000110,士林區,111,63000110015,福順里,110,11,15,A,TPE,NULL,NULL
臺北市士林區富光里,63,臺北市,63000110,士林區,111,63000110016,富光里,110,11,16,A,TPE,NULL,NULL
臺北市士林區葫蘆里,63,臺北市,63000110,士林區,111,63000110017,葫蘆里,110,11,17,A,TPE,NULL,NULL
臺北市士林區葫東里,63,臺北市,63000110,士林區,111,63000110018,葫東里,110,11,18,A,TPE,NULL,NULL
臺北市士林區社子里,63,臺北市,63000110,士林區,111,63000110019,社子里,110,11,19,A,TPE,NULL,NULL
臺北市士林區社新里,63,臺北市,63000110,士林區,111,63000110020,社新里,110,11,20,A,TPE,NULL,NULL
臺北市士林區社園里,63,臺北市,63000110,士林區,111,63000110021,社園里,110,11,21,A,TPE,NULL,NULL
臺北市士林區永倫里,63,臺北市,63000110,士林區,111,63000110022,永倫里,110,11,22,A,TPE,NULL,NULL
臺北市士林區福安里,63,臺北市,63000110,士林區,111,63000110023,福安里,110,11,23,A,TPE,NULL,NULL
臺北市士林區富洲里,63,臺北市,63000110,士林區,111,63000110024,富洲里,110,11,24,A,TPE,NULL,NULL
臺北市士林區岩山里,63,臺北市,63000110,士林區,111,63000110025,岩山里,110,11,25,A,TPE,NULL,NULL
臺北市士林區名山里,63,臺北市,63000110,士林區,111,63000110026,名山里,110,11,26,A,TPE,NULL,NULL
臺北市士林區德行里,63,臺北市,63000110,士林區,111,63000110027,德行里,110,11,27,A,TPE,NULL,NULL
臺北市士林區德華里,63,臺北市,63000110,士林區,111,63000110028,德華里,110,11,28,A,TPE,NULL,NULL
臺北市士林區聖山里,63,臺北市,63000110,士林區,111,63000110029,聖山里,110,11,29,A,TPE,NULL,NULL
臺北市士林區忠誠里,63,臺北市,63000110,士林區,111,63000110030,忠誠里,110,11,30,A,TPE,NULL,NULL
臺北市士林區芝山里,63,臺北市,63000110,士林區,111,63000110031,芝山里,110,11,31,A,TPE,NULL,NULL
臺北市士林區東山里,63,臺北市,63000110,士林區,111,63000110032,東山里,110,11,32,A,TPE,NULL,NULL
臺北市士林區三玉里,63,臺北市,63000110,士林區,111,63000110033,三玉里,110,11,33,A,TPE,NULL,NULL
臺北市士林區蘭雅里,63,臺北市,63000110,士林區,111,63000110034,蘭雅里,110,11,34,A,TPE,NULL,NULL
臺北市士林區蘭興里,63,臺北市,63000110,士林區,111,63000110035,蘭興里,110,11,35,A,TPE,NULL,NULL
臺北市士林區天福里,63,臺北市,63000110,士林區,111,63000110036,天福里,110,11,36,A,TPE,NULL,NULL
臺北市士林區天祿里,63,臺北市,63000110,士林區,111,63000110037,天祿里,110,11,37,A,TPE,NULL,NULL
臺北市士林區天壽里,63,臺北市,63000110,士林區,111,63000110038,天壽里,110,11,38,A,TPE,NULL,NULL
臺北市士林區天和里,63,臺北市,63000110,士林區,111,63000110039,天和里,110,11,39,A,TPE,NULL,NULL
臺北市士林區天山里,63,臺北市,63000110,士林區,111,63000110040,天山里,110,11,40,A,TPE,NULL,NULL
臺北市士林區天玉里,63,臺北市,63000110,士林區,111,63000110041,天玉里,110,11,41,A,TPE,NULL,NULL
臺北市士林區天母里,63,臺北市,63000110,士林區,111,63000110042,天母里,110,11,42,A,TPE,NULL,NULL
臺北市士林區永福里,63,臺北市,63000110,士林區,111,63000110043,永福里,110,11,43,A,TPE,NULL,NULL
臺北市士林區公館里,63,臺北市,63000110,士林區,111,63000110044,公館里,110,11,44,A,TPE,NULL,NULL
臺北市士林區新安里,63,臺北市,63000110,士林區,111,63000110045,新安里,110,11,45,A,TPE,NULL,NULL
臺北市士林區陽明里,63,臺北市,63000110,士林區,111,63000110046,陽明里,110,11,46,A,TPE,NULL,NULL
臺北市士林區菁山里,63,臺北市,63000110,士林區,111,63000110047,菁山里,110,11,47,A,TPE,NULL,NULL
臺北市士林區平等里,63,臺北市,63000110,士林區,111,63000110048,平等里,110,11,48,A,TPE,NULL,NULL
臺北市士林區溪山里,63,臺北市,63000110,士林區,111,63000110049,溪山里,110,11,49,A,TPE,NULL,NULL
臺北市士林區翠山里,63,臺北市,63000110,士林區,111,63000110050,翠山里,110,11,50,A,TPE,NULL,NULL
臺北市士林區臨溪里,63,臺北市,63000110,士林區,111,63000110051,臨溪里,110,11,51,A,TPE,NULL,NULL
臺北市北投區建民里,63,臺北市,63000120,北投區,112,63000120001,建民里,110,12,1,A,TPE,NULL,NULL
臺北市北投區文林里,63,臺北市,63000120,北投區,112,63000120002,文林里,110,12,2,A,TPE,NULL,NULL
臺北市北投區石牌里,63,臺北市,63000120,北投區,112,63000120003,石牌里,110,12,3,A,TPE,NULL,NULL
臺北市北投區福興里,63,臺北市,63000120,北投區,112,63000120004,福興里,110,12,4,A,TPE,NULL,NULL
臺北市北投區榮光里,63,臺北市,63000120,北投區,112,63000120005,榮光里,110,12,5,A,TPE,NULL,NULL
臺北市北投區榮華里,63,臺北市,63000120,北投區,112,63000120006,榮華里,110,12,6,A,TPE,NULL,NULL
臺北市北投區裕民里,63,臺北市,63000120,北投區,112,63000120007,裕民里,110,12,7,A,TPE,NULL,NULL
臺北市北投區振華里,63,臺北市,63000120,北投區,112,63000120008,振華里,110,12,8,A,TPE,NULL,NULL
臺北市北投區永和里,63,臺北市,63000120,北投區,112,63000120009,永和里,110,12,9,A,TPE,NULL,NULL
臺北市北投區永欣里,63,臺北市,63000120,北投區,112,63000120010,永欣里,110,12,10,A,TPE,NULL,NULL
臺北市北投區永明里,63,臺北市,63000120,北投區,112,63000120011,永明里,110,12,11,A,TPE,NULL,NULL
臺北市北投區東華里,63,臺北市,63000120,北投區,112,63000120012,東華里,110,12,12,A,TPE,NULL,NULL
臺北市北投區吉利里,63,臺北市,63000120,北投區,112,63000120013,吉利里,110,12,13,A,TPE,NULL,NULL
臺北市北投區吉慶里,63,臺北市,63000120,北投區,112,63000120014,吉慶里,110,12,14,A,TPE,NULL,NULL
臺北市北投區尊賢里,63,臺北市,63000120,北投區,112,63000120015,尊賢里,110,12,15,A,TPE,NULL,NULL
臺北市北投區立賢里,63,臺北市,63000120,北投區,112,63000120016,立賢里,110,12,16,A,TPE,NULL,NULL
臺北市北投區立農里,63,臺北市,63000120,北投區,112,63000120017,立農里,110,12,17,A,TPE,NULL,NULL
臺北市北投區八仙里,63,臺北市,63000120,北投區,112,63000120018,八仙里,110,12,18,A,TPE,NULL,NULL
臺北市北投區洲美里,63,臺北市,63000120,北投區,112,63000120019,洲美里,110,12,19,A,TPE,NULL,NULL
臺北市北投區奇岩里,63,臺北市,63000120,北投區,112,63000120020,奇岩里,110,12,20,A,TPE,NULL,NULL
臺北市北投區清江里,63,臺北市,63000120,北投區,112,63000120021,清江里,110,12,21,A,TPE,NULL,NULL
臺北市北投區中央里,63,臺北市,63000120,北投區,112,63000120022,中央里,110,12,22,A,TPE,NULL,NULL
臺北市北投區長安里,63,臺北市,63000120,北投區,112,63000120023,長安里,110,12,23,A,TPE,NULL,NULL
臺北市北投區大同里,63,臺北市,63000120,北投區,112,63000120024,大同里,110,12,24,A,TPE,NULL,NULL
臺北市北投區溫泉里,63,臺北市,63000120,北投區,112,63000120025,溫泉里,110,12,25,A,TPE,NULL,NULL
臺北市北投區林泉里,63,臺北市,63000120,北投區,112,63000120026,林泉里,110,12,26,A,TPE,NULL,NULL
臺北市北投區中心里,63,臺北市,63000120,北投區,112,63000120027,中心里,110,12,27,A,TPE,NULL,NULL
臺北市北投區中庸里,63,臺北市,63000120,北投區,112,63000120028,中庸里,110,12,28,A,TPE,NULL,NULL
臺北市北投區開明里,63,臺北市,63000120,北投區,112,63000120029,開明里,110,12,29,A,TPE,NULL,NULL
臺北市北投區中和里,63,臺北市,63000120,北投區,112,63000120030,中和里,110,12,30,A,TPE,NULL,NULL
臺北市北投區智仁里,63,臺北市,63000120,北投區,112,63000120031,智仁里,110,12,31,A,TPE,NULL,NULL
臺北市北投區秀山里,63,臺北市,63000120,北投區,112,63000120032,秀山里,110,12,32,A,TPE,NULL,NULL
臺北市北投區文化里,63,臺北市,63000120,北投區,112,63000120033,文化里,110,12,33,A,TPE,NULL,NULL
臺北市北投區豐年里,63,臺北市,63000120,北投區,112,63000120034,豐年里,110,12,34,A,TPE,NULL,NULL
臺北市北投區稻香里,63,臺北市,63000120,北投區,112,63000120035,稻香里,110,12,35,A,TPE,NULL,NULL
臺北市北投區桃源里,63,臺北市,63000120,北投區,112,63000120036,桃源里,110,12,36,A,TPE,NULL,NULL
臺北市北投區一德里,63,臺北市,63000120,北投區,112,63000120037,一德里,110,12,37,A,TPE,NULL,NULL
臺北市北投區關渡里,63,臺北市,63000120,北投區,112,63000120038,關渡里,110,12,38,A,TPE,NULL,NULL
臺北市北投區泉源里,63,臺北市,63000120,北投區,112,63000120039,泉源里,110,12,39,A,TPE,NULL,NULL
臺北市北投區湖山里,63,臺北市,63000120,北投區,112,63000120040,湖山里,110,12,40,A,TPE,NULL,NULL
臺北市北投區大屯里,63,臺北市,63000120,北投區,112,63000120041,大屯里,110,12,41,A,TPE,NULL,NULL
臺北市北投區湖田里,63,臺北市,63000120,北投區,112,63000120042,湖田里,110,12,42,A,TPE,NULL,NULL
高雄市鹽埕區藍橋里,64,高雄市,64000010,鹽埕區,803,64000010001,藍橋里,120,1,1,E,KHH,NULL,NULL
高雄市鹽埕區慈愛里,64,高雄市,64000010,鹽埕區,803,64000010002,慈愛里,120,1,2,E,KHH,NULL,NULL
高雄市鹽埕區博愛里,64,高雄市,64000010,鹽埕區,803,64000010003,博愛里,120,1,3,E,KHH,NULL,NULL
高雄市鹽埕區壽星里,64,高雄市,64000010,鹽埕區,803,64000010004,壽星里,120,1,4,E,KHH,NULL,NULL
高雄市鹽埕區中山里,64,高雄市,64000010,鹽埕區,803,64000010005,中山里,120,1,5,E,KHH,NULL,NULL
高雄市鹽埕區教仁里,64,高雄市,64000010,鹽埕區,803,64000010006,教仁里,120,1,6,E,KHH,NULL,NULL
高雄市鹽埕區新樂里,64,高雄市,64000010,鹽埕區,803,64000010007,新樂里,120,1,7,E,KHH,NULL,NULL
高雄市鹽埕區中原里,64,高雄市,64000010,鹽埕區,803,64000010008,中原里,120,1,8,E,KHH,NULL,NULL
高雄市鹽埕區光明里,64,高雄市,64000010,鹽埕區,803,64000010009,光明里,120,1,9,E,KHH,NULL,NULL
高雄市鹽埕區育仁里,64,高雄市,64000010,鹽埕區,803,64000010010,育仁里,120,1,10,E,KHH,NULL,NULL
高雄市鹽埕區河濱里,64,高雄市,64000010,鹽埕區,803,64000010011,河濱里,120,1,11,E,KHH,NULL,NULL
高雄市鹽埕區沙地里,64,高雄市,64000010,鹽埕區,803,64000010012,沙地里,120,1,12,E,KHH,NULL,NULL
高雄市鹽埕區南端里,64,高雄市,64000010,鹽埕區,803,64000010013,南端里,120,1,13,E,KHH,NULL,NULL
高雄市鹽埕區港都里,64,高雄市,64000010,鹽埕區,803,64000010014,港都里,120,1,14,E,KHH,NULL,NULL
高雄市鹽埕區江西里,64,高雄市,64000010,鹽埕區,803,64000010015,江西里,120,1,15,E,KHH,NULL,NULL
高雄市鹽埕區新豐里,64,高雄市,64000010,鹽埕區,803,64000010016,新豐里,120,1,16,E,KHH,NULL,NULL
高雄市鹽埕區府北里,64,高雄市,64000010,鹽埕區,803,64000010017,府北里,120,1,17,E,KHH,NULL,NULL
高雄市鹽埕區陸橋里,64,高雄市,64000010,鹽埕區,803,64000010018,陸橋里,120,1,18,E,KHH,NULL,NULL
高雄市鹽埕區瀨南里,64,高雄市,64000010,鹽埕區,803,64000010019,瀨南里,120,1,19,E,KHH,NULL,NULL
高雄市鹽埕區新化里,64,高雄市,64000010,鹽埕區,803,64000010020,新化里,120,1,20,E,KHH,NULL,NULL
高雄市鹽埕區江南里,64,高雄市,64000010,鹽埕區,803,64000010021,江南里,120,1,21,E,KHH,NULL,NULL
高雄市鼓山區鼓峰里,64,高雄市,64000020,鼓山區,804,64000020001,鼓峰里,120,2,1,E,KHH,NULL,NULL
高雄市鼓山區雄峰里,64,高雄市,64000020,鼓山區,804,64000020002,雄峰里,120,2,2,E,KHH,NULL,NULL
高雄市鼓山區前峰里,64,高雄市,64000020,鼓山區,804,64000020003,前峰里,120,2,3,E,KHH,NULL,NULL
高雄市鼓山區光榮里,64,高雄市,64000020,鼓山區,804,64000020004,光榮里,120,2,4,E,KHH,NULL,NULL
高雄市鼓山區民族里,64,高雄市,64000020,鼓山區,804,64000020005,民族里,120,2,5,E,KHH,NULL,NULL
高雄市鼓山區內惟里,64,高雄市,64000020,鼓山區,804,64000020006,內惟里,120,2,6,E,KHH,NULL,NULL
高雄市鼓山區建國里,64,高雄市,64000020,鼓山區,804,64000020007,建國里,120,2,7,E,KHH,NULL,NULL
高雄市鼓山區忠正里,64,高雄市,64000020,鼓山區,804,64000020008,忠正里,120,2,8,E,KHH,NULL,NULL
高雄市鼓山區自強里,64,高雄市,64000020,鼓山區,804,64000020009,自強里,120,2,9,E,KHH,NULL,NULL
高雄市鼓山區龍井里,64,高雄市,64000020,鼓山區,804,64000020010,龍井里,120,2,10,E,KHH,NULL,NULL
高雄市鼓山區正德里,64,高雄市,64000020,鼓山區,804,64000020011,正德里,120,2,11,E,KHH,NULL,NULL
高雄市鼓山區平和里,64,高雄市,64000020,鼓山區,804,64000020012,平和里,120,2,12,E,KHH,NULL,NULL
高雄市鼓山區民強里,64,高雄市,64000020,鼓山區,804,64000020013,民強里,120,2,13,E,KHH,NULL,NULL
高雄市鼓山區厚生里,64,高雄市,64000020,鼓山區,804,64000020014,厚生里,120,2,14,E,KHH,NULL,NULL
高雄市鼓山區龍子里,64,高雄市,64000020,鼓山區,804,64000020015,龍子里,120,2,15,E,KHH,NULL,NULL
高雄市鼓山區龍水里,64,高雄市,64000020,鼓山區,804,64000020016,龍水里,120,2,16,E,KHH,NULL,NULL
高雄市鼓山區明誠里,64,高雄市,64000020,鼓山區,804,64000020017,明誠里,120,2,17,E,KHH,NULL,NULL
高雄市鼓山區華豐里,64,高雄市,64000020,鼓山區,804,64000020018,華豐里,120,2,18,E,KHH,NULL,NULL
高雄市鼓山區裕興里,64,高雄市,64000020,鼓山區,804,64000020019,裕興里,120,2,19,E,KHH,NULL,NULL
高雄市鼓山區裕豐里,64,高雄市,64000020,鼓山區,804,64000020020,裕豐里,120,2,20,E,KHH,NULL,NULL
高雄市鼓山區鼓岩里,64,高雄市,64000020,鼓山區,804,64000020021,鼓岩里,120,2,21,E,KHH,NULL,NULL
高雄市鼓山區樹德里,64,高雄市,64000020,鼓山區,804,64000020022,樹德里,120,2,22,E,KHH,NULL,NULL
高雄市鼓山區寶樹里,64,高雄市,64000020,鼓山區,804,64000020023,寶樹里,120,2,23,E,KHH,NULL,NULL
高雄市鼓山區興宗里,64,高雄市,64000020,鼓山區,804,64000020024,興宗里,120,2,24,E,KHH,NULL,NULL
高雄市鼓山區光化里,64,高雄市,64000020,鼓山區,804,64000020025,光化里,120,2,25,E,KHH,NULL,NULL
高雄市鼓山區山下里,64,高雄市,64000020,鼓山區,804,64000020026,山下里,120,2,26,E,KHH,NULL,NULL
高雄市鼓山區河邊里,64,高雄市,64000020,鼓山區,804,64000020027,河邊里,120,2,27,E,KHH,NULL,NULL
高雄市鼓山區綠川里,64,高雄市,64000020,鼓山區,804,64000020028,綠川里,120,2,28,E,KHH,NULL,NULL
高雄市鼓山區登山里,64,高雄市,64000020,鼓山區,804,64000020029,登山里,120,2,29,E,KHH,NULL,NULL
高雄市鼓山區峰南里,64,高雄市,64000020,鼓山區,804,64000020030,峰南里,120,2,30,E,KHH,NULL,NULL
高雄市鼓山區麗興里,64,高雄市,64000020,鼓山區,804,64000020031,麗興里,120,2,31,E,KHH,NULL,NULL
高雄市鼓山區新民里,64,高雄市,64000020,鼓山區,804,64000020032,新民里,120,2,32,E,KHH,NULL,NULL
高雄市鼓山區延平里,64,高雄市,64000020,鼓山區,804,64000020033,延平里,120,2,33,E,KHH,NULL,NULL
高雄市鼓山區維生里,64,高雄市,64000020,鼓山區,804,64000020034,維生里,120,2,34,E,KHH,NULL,NULL
高雄市鼓山區惠安里,64,高雄市,64000020,鼓山區,804,64000020035,惠安里,120,2,35,E,KHH,NULL,NULL
高雄市鼓山區壽山里,64,高雄市,64000020,鼓山區,804,64000020036,壽山里,120,2,36,E,KHH,NULL,NULL
高雄市鼓山區哨船頭里,64,高雄市,64000020,鼓山區,804,64000020037,哨船頭里,120,2,37,E,KHH,NULL,NULL
高雄市鼓山區桃源里,64,高雄市,64000020,鼓山區,804,64000020038,桃源里,120,2,38,E,KHH,NULL,NULL
高雄市左營區進學里,64,高雄市,64000030,左營區,813,64000030001,進學里,120,3,1,E,KHH,NULL,NULL
高雄市左營區尾西里,64,高雄市,64000030,左營區,813,64000030002,尾西里,120,3,2,E,KHH,NULL,NULL
高雄市左營區頂北里,64,高雄市,64000030,左營區,813,64000030003,頂北里,120,3,3,E,KHH,NULL,NULL
高雄市左營區中北里,64,高雄市,64000030,左營區,813,64000030004,中北里,120,3,4,E,KHH,NULL,NULL
高雄市左營區中南里,64,高雄市,64000030,左營區,813,64000030005,中南里,120,3,5,E,KHH,NULL,NULL
高雄市左營區廟東里,64,高雄市,64000030,左營區,813,64000030006,廟東里,120,3,6,E,KHH,NULL,NULL
高雄市左營區廟北里,64,高雄市,64000030,左營區,813,64000030007,廟北里,120,3,7,E,KHH,NULL,NULL
高雄市左營區尾南里,64,高雄市,64000030,左營區,813,64000030008,尾南里,120,3,8,E,KHH,NULL,NULL
高雄市左營區尾北里,64,高雄市,64000030,左營區,813,64000030009,尾北里,120,3,9,E,KHH,NULL,NULL
高雄市左營區屏山里,64,高雄市,64000030,左營區,813,64000030011,屏山里,120,3,11,E,KHH,NULL,NULL
高雄市左營區祥和里,64,高雄市,64000030,左營區,813,64000030012,祥和里,120,3,12,E,KHH,NULL,NULL
高雄市左營區永清里,64,高雄市,64000030,左營區,813,64000030013,永清里,120,3,13,E,KHH,NULL,NULL
高雄市左營區莒光里,64,高雄市,64000030,左營區,813,64000030015,莒光里,120,3,15,E,KHH,NULL,NULL
高雄市左營區光輝里,64,高雄市,64000030,左營區,813,64000030016,光輝里,120,3,16,E,KHH,NULL,NULL
高雄市左營區合群里,64,高雄市,64000030,左營區,813,64000030017,合群里,120,3,17,E,KHH,NULL,NULL
高雄市左營區明建里,64,高雄市,64000030,左營區,813,64000030019,明建里,120,3,19,E,KHH,NULL,NULL
高雄市左營區頂西里,64,高雄市,64000030,左營區,813,64000030021,頂西里,120,3,21,E,KHH,NULL,NULL
高雄市左營區聖后里,64,高雄市,64000030,左營區,813,64000030022,聖后里,120,3,22,E,KHH,NULL,NULL
高雄市左營區聖西里,64,高雄市,64000030,左營區,813,64000030023,聖西里,120,3,23,E,KHH,NULL,NULL
高雄市左營區聖南里,64,高雄市,64000030,左營區,813,64000030024,聖南里,120,3,24,E,KHH,NULL,NULL
高雄市左營區城南里,64,高雄市,64000030,左營區,813,64000030025,城南里,120,3,25,E,KHH,NULL,NULL
高雄市左營區路東里,64,高雄市,64000030,左營區,813,64000030026,路東里,120,3,26,E,KHH,NULL,NULL
高雄市左營區廍北里,64,高雄市,64000030,左營區,813,64000030027,廍北里,120,3,27,E,KHH,NULL,NULL
高雄市左營區廍南里,64,高雄市,64000030,左營區,813,64000030028,廍南里,120,3,28,E,KHH,NULL,NULL
高雄市左營區埤西里,64,高雄市,64000030,左營區,813,64000030029,埤西里,120,3,29,E,KHH,NULL,NULL
高雄市左營區埤北里,64,高雄市,64000030,左營區,813,64000030030,埤北里,120,3,30,E,KHH,NULL,NULL
高雄市左營區埤東里,64,高雄市,64000030,左營區,813,64000030031,埤東里,120,3,31,E,KHH,NULL,NULL
高雄市左營區海勝里,64,高雄市,64000030,左營區,813,64000030032,海勝里,120,3,32,E,KHH,NULL,NULL
高雄市左營區崇實里,64,高雄市,64000030,左營區,813,64000030034,崇實里,120,3,34,E,KHH,NULL,NULL
高雄市左營區自助里,64,高雄市,64000030,左營區,813,64000030035,自助里,120,3,35,E,KHH,NULL,NULL
高雄市左營區果貿里,64,高雄市,64000030,左營區,813,64000030036,果貿里,120,3,36,E,KHH,NULL,NULL
高雄市左營區果惠里,64,高雄市,64000030,左營區,813,64000030037,果惠里,120,3,37,E,KHH,NULL,NULL
高雄市左營區果峰里,64,高雄市,64000030,左營區,813,64000030038,果峰里,120,3,38,E,KHH,NULL,NULL
高雄市左營區新下里,64,高雄市,64000030,左營區,813,64000030039,新下里,120,3,39,E,KHH,NULL,NULL
高雄市左營區新上里,64,高雄市,64000030,左營區,813,64000030040,新上里,120,3,40,E,KHH,NULL,NULL
高雄市左營區新中里,64,高雄市,64000030,左營區,813,64000030041,新中里,120,3,41,E,KHH,NULL,NULL
高雄市左營區新光里,64,高雄市,64000030,左營區,813,64000030042,新光里,120,3,42,E,KHH,NULL,NULL
高雄市左營區菜公里,64,高雄市,64000030,左營區,813,64000030043,菜公里,120,3,43,E,KHH,NULL,NULL
高雄市左營區福山里,64,高雄市,64000030,左營區,813,64000030044,福山里,120,3,44,E,KHH,NULL,NULL
高雄市楠梓區清豐里,64,高雄市,64000040,楠梓區,811,64000040001,清豐里,120,4,1,E,KHH,NULL,NULL
高雄市楠梓區東寧里,64,高雄市,64000040,楠梓區,811,64000040002,東寧里,120,4,2,E,KHH,NULL,NULL
高雄市楠梓區五常里,64,高雄市,64000040,楠梓區,811,64000040003,五常里,120,4,3,E,KHH,NULL,NULL
高雄市楠梓區享平里,64,高雄市,64000040,楠梓區,811,64000040004,享平里,120,4,4,E,KHH,NULL,NULL
高雄市楠梓區中陽里,64,高雄市,64000040,楠梓區,811,64000040005,中陽里,120,4,5,E,KHH,NULL,NULL
高雄市楠梓區惠楠里,64,高雄市,64000040,楠梓區,811,64000040006,惠楠里,120,4,6,E,KHH,NULL,NULL
高雄市楠梓區惠民里,64,高雄市,64000040,楠梓區,811,64000040007,惠民里,120,4,7,E,KHH,NULL,NULL
高雄市楠梓區惠豐里,64,高雄市,64000040,楠梓區,811,64000040008,惠豐里,120,4,8,E,KHH,NULL,NULL
高雄市楠梓區錦屏里,64,高雄市,64000040,楠梓區,811,64000040009,錦屏里,120,4,9,E,KHH,NULL,NULL
高雄市楠梓區玉屏里,64,高雄市,64000040,楠梓區,811,64000040010,玉屏里,120,4,10,E,KHH,NULL,NULL
高雄市楠梓區金田里,64,高雄市,64000040,楠梓區,811,64000040011,金田里,120,4,11,E,KHH,NULL,NULL
高雄市楠梓區稔田里,64,高雄市,64000040,楠梓區,811,64000040012,稔田里,120,4,12,E,KHH,NULL,NULL
高雄市楠梓區瑞屏里,64,高雄市,64000040,楠梓區,811,64000040013,瑞屏里,120,4,13,E,KHH,NULL,NULL
高雄市楠梓區翠屏里,64,高雄市,64000040,楠梓區,811,64000040014,翠屏里,120,4,14,E,KHH,NULL,NULL
高雄市楠梓區宏南里,64,高雄市,64000040,楠梓區,811,64000040015,宏南里,120,4,15,E,KHH,NULL,NULL
高雄市楠梓區宏毅里,64,高雄市,64000040,楠梓區,811,64000040016,宏毅里,120,4,16,E,KHH,NULL,NULL
高雄市楠梓區宏榮里,64,高雄市,64000040,楠梓區,811,64000040017,宏榮里,120,4,17,E,KHH,NULL,NULL
高雄市楠梓區廣昌里,64,高雄市,64000040,楠梓區,811,64000040018,廣昌里,120,4,18,E,KHH,NULL,NULL
高雄市楠梓區久昌里,64,高雄市,64000040,楠梓區,811,64000040019,久昌里,120,4,19,E,KHH,NULL,NULL
高雄市楠梓區大昌里,64,高雄市,64000040,楠梓區,811,64000040020,大昌里,120,4,20,E,KHH,NULL,NULL
高雄市楠梓區福昌里,64,高雄市,64000040,楠梓區,811,64000040021,福昌里,120,4,21,E,KHH,NULL,NULL
高雄市楠梓區盛昌里,64,高雄市,64000040,楠梓區,811,64000040022,盛昌里,120,4,22,E,KHH,NULL,NULL
高雄市楠梓區泰昌里,64,高雄市,64000040,楠梓區,811,64000040023,泰昌里,120,4,23,E,KHH,NULL,NULL
高雄市楠梓區興昌里,64,高雄市,64000040,楠梓區,811,64000040024,興昌里,120,4,24,E,KHH,NULL,NULL
高雄市楠梓區建昌里,64,高雄市,64000040,楠梓區,811,64000040025,建昌里,120,4,25,E,KHH,NULL,NULL
高雄市楠梓區宏昌里,64,高雄市,64000040,楠梓區,811,64000040026,宏昌里,120,4,26,E,KHH,NULL,NULL
高雄市楠梓區和昌里,64,高雄市,64000040,楠梓區,811,64000040027,和昌里,120,4,27,E,KHH,NULL,NULL
高雄市楠梓區慶昌里,64,高雄市,64000040,楠梓區,811,64000040028,慶昌里,120,4,28,E,KHH,NULL,NULL
高雄市楠梓區隆昌里,64,高雄市,64000040,楠梓區,811,64000040029,隆昌里,120,4,29,E,KHH,NULL,NULL
高雄市楠梓區秀昌里,64,高雄市,64000040,楠梓區,811,64000040030,秀昌里,120,4,30,E,KHH,NULL,NULL
高雄市楠梓區裕昌里,64,高雄市,64000040,楠梓區,811,64000040031,裕昌里,120,4,31,E,KHH,NULL,NULL
高雄市楠梓區國昌里,64,高雄市,64000040,楠梓區,811,64000040032,國昌里,120,4,32,E,KHH,NULL,NULL
高雄市楠梓區加昌里,64,高雄市,64000040,楠梓區,811,64000040033,加昌里,120,4,33,E,KHH,NULL,NULL
高雄市楠梓區仁昌里,64,高雄市,64000040,楠梓區,811,64000040034,仁昌里,120,4,34,E,KHH,NULL,NULL
高雄市楠梓區藍田里,64,高雄市,64000040,楠梓區,811,64000040035,藍田里,120,4,35,E,KHH,NULL,NULL
高雄市楠梓區中興里,64,高雄市,64000040,楠梓區,811,64000040036,中興里,120,4,36,E,KHH,NULL,NULL
高雄市楠梓區中和里,64,高雄市,64000040,楠梓區,811,64000040037,中和里,120,4,37,E,KHH,NULL,NULL
高雄市三民區鼎金里,64,高雄市,64000050,三民區,807,64000050001,鼎金里,120,5,1,E,KHH,NULL,NULL
高雄市三民區鼎盛里,64,高雄市,64000050,三民區,807,64000050002,鼎盛里,120,5,2,E,KHH,NULL,NULL
高雄市三民區鼎強里,64,高雄市,64000050,三民區,807,64000050003,鼎強里,120,5,3,E,KHH,NULL,NULL
高雄市三民區鼎力里,64,高雄市,64000050,三民區,807,64000050004,鼎力里,120,5,4,E,KHH,NULL,NULL
高雄市三民區鼎西里,64,高雄市,64000050,三民區,807,64000050005,鼎西里,120,5,5,E,KHH,NULL,NULL
高雄市三民區鼎中里,64,高雄市,64000050,三民區,807,64000050006,鼎中里,120,5,6,E,KHH,NULL,NULL
高雄市三民區鼎泰里,64,高雄市,64000050,三民區,807,64000050007,鼎泰里,120,5,7,E,KHH,NULL,NULL
高雄市三民區本館里,64,高雄市,64000050,三民區,807,64000050008,本館里,120,5,8,E,KHH,NULL,NULL
高雄市三民區本和里,64,高雄市,64000050,三民區,807,64000050009,本和里,120,5,9,E,KHH,NULL,NULL
高雄市三民區本文里,64,高雄市,64000050,三民區,807,64000050010,本文里,120,5,10,E,KHH,NULL,NULL
高雄市三民區本武里,64,高雄市,64000050,三民區,807,64000050011,本武里,120,5,11,E,KHH,NULL,NULL
高雄市三民區本元里,64,高雄市,64000050,三民區,807,64000050012,本元里,120,5,12,E,KHH,NULL,NULL
高雄市三民區本安里,64,高雄市,64000050,三民區,807,64000050013,本安里,120,5,13,E,KHH,NULL,NULL
高雄市三民區本上里,64,高雄市,64000050,三民區,807,64000050014,本上里,120,5,14,E,KHH,NULL,NULL
高雄市三民區本揚里,64,高雄市,64000050,三民區,807,64000050015,本揚里,120,5,15,E,KHH,NULL,NULL
高雄市三民區寶獅里,64,高雄市,64000050,三民區,807,64000050016,寶獅里,120,5,16,E,KHH,NULL,NULL
高雄市三民區寶德里,64,高雄市,64000050,三民區,807,64000050017,寶德里,120,5,17,E,KHH,NULL,NULL
高雄市三民區寶泰里,64,高雄市,64000050,三民區,807,64000050018,寶泰里,120,5,18,E,KHH,NULL,NULL
高雄市三民區寶興里,64,高雄市,64000050,三民區,807,64000050019,寶興里,120,5,19,E,KHH,NULL,NULL
高雄市三民區寶中里,64,高雄市,64000050,三民區,807,64000050020,寶中里,120,5,20,E,KHH,NULL,NULL
高雄市三民區寶華里,64,高雄市,64000050,三民區,807,64000050021,寶華里,120,5,21,E,KHH,NULL,NULL
高雄市三民區寶國里,64,高雄市,64000050,三民區,807,64000050022,寶國里,120,5,22,E,KHH,NULL,NULL
高雄市三民區寶民里,64,高雄市,64000050,三民區,807,64000050023,寶民里,120,5,23,E,KHH,NULL,NULL
高雄市三民區寶慶里,64,高雄市,64000050,三民區,807,64000050024,寶慶里,120,5,24,E,KHH,NULL,NULL
高雄市三民區寶業里,64,高雄市,64000050,三民區,807,64000050025,寶業里,120,5,25,E,KHH,NULL,NULL
高雄市三民區寶盛里,64,高雄市,64000050,三民區,807,64000050026,寶盛里,120,5,26,E,KHH,NULL,NULL
高雄市三民區寶安里,64,高雄市,64000050,三民區,807,64000050027,寶安里,120,5,27,E,KHH,NULL,NULL
高雄市三民區寶龍里,64,高雄市,64000050,三民區,807,64000050028,寶龍里,120,5,28,E,KHH,NULL,NULL
高雄市三民區寶珠里,64,高雄市,64000050,三民區,807,64000050029,寶珠里,120,5,29,E,KHH,NULL,NULL
高雄市三民區寶玉里,64,高雄市,64000050,三民區,807,64000050030,寶玉里,120,5,30,E,KHH,NULL,NULL
高雄市三民區灣子里,64,高雄市,64000050,三民區,807,64000050031,灣子里,120,5,31,E,KHH,NULL,NULL
高雄市三民區灣愛里,64,高雄市,64000050,三民區,807,64000050032,灣愛里,120,5,32,E,KHH,NULL,NULL
高雄市三民區灣中里,64,高雄市,64000050,三民區,807,64000050033,灣中里,120,5,33,E,KHH,NULL,NULL
高雄市三民區灣華里,64,高雄市,64000050,三民區,807,64000050034,灣華里,120,5,34,E,KHH,NULL,NULL
高雄市三民區灣勝里,64,高雄市,64000050,三民區,807,64000050035,灣勝里,120,5,35,E,KHH,NULL,NULL
高雄市三民區灣利里,64,高雄市,64000050,三民區,807,64000050036,灣利里,120,5,36,E,KHH,NULL,NULL
高雄市三民區灣復里,64,高雄市,64000050,三民區,807,64000050037,灣復里,120,5,37,E,KHH,NULL,NULL
高雄市三民區正興里,64,高雄市,64000050,三民區,807,64000050038,正興里,120,5,38,E,KHH,NULL,NULL
高雄市三民區正順里,64,高雄市,64000050,三民區,807,64000050039,正順里,120,5,39,E,KHH,NULL,NULL
高雄市三民區灣興里,64,高雄市,64000050,三民區,807,64000050040,灣興里,120,5,40,E,KHH,NULL,NULL
高雄市三民區灣成里,64,高雄市,64000050,三民區,807,64000050041,灣成里,120,5,41,E,KHH,NULL,NULL
高雄市三民區安康里,64,高雄市,64000050,三民區,807,64000050042,安康里,120,5,42,E,KHH,NULL,NULL
高雄市三民區安寧里,64,高雄市,64000050,三民區,807,64000050043,安寧里,120,5,43,E,KHH,NULL,NULL
高雄市三民區安吉里,64,高雄市,64000050,三民區,807,64000050044,安吉里,120,5,44,E,KHH,NULL,NULL
高雄市三民區安發里,64,高雄市,64000050,三民區,807,64000050045,安發里,120,5,45,E,KHH,NULL,NULL
高雄市三民區安東里,64,高雄市,64000050,三民區,807,64000050046,安東里,120,5,46,E,KHH,NULL,NULL
高雄市三民區安和里,64,高雄市,64000050,三民區,807,64000050047,安和里,120,5,47,E,KHH,NULL,NULL
高雄市三民區達德里,64,高雄市,64000050,三民區,807,64000050048,達德里,120,5,48,E,KHH,NULL,NULL
高雄市三民區達明里,64,高雄市,64000050,三民區,807,64000050049,達明里,120,5,49,E,KHH,NULL,NULL
高雄市三民區達仁里,64,高雄市,64000050,三民區,807,64000050050,達仁里,120,5,50,E,KHH,NULL,NULL
高雄市三民區達勇里,64,高雄市,64000050,三民區,807,64000050051,達勇里,120,5,51,E,KHH,NULL,NULL
高雄市三民區同德里,64,高雄市,64000050,三民區,807,64000050052,同德里,120,5,52,E,KHH,NULL,NULL
高雄市三民區德智里,64,高雄市,64000050,三民區,807,64000050053,德智里,120,5,53,E,KHH,NULL,NULL
高雄市三民區德仁里,64,高雄市,64000050,三民區,807,64000050054,德仁里,120,5,54,E,KHH,NULL,NULL
高雄市三民區安生里,64,高雄市,64000050,三民區,807,64000050055,安生里,120,5,55,E,KHH,NULL,NULL
高雄市三民區德東里,64,高雄市,64000050,三民區,807,64000050056,德東里,120,5,56,E,KHH,NULL,NULL
高雄市三民區德行里,64,高雄市,64000050,三民區,807,64000050057,德行里,120,5,57,E,KHH,NULL,NULL
高雄市三民區精華里,64,高雄市,64000050,三民區,807,64000050058,精華里,120,5,58,E,KHH,NULL,NULL
高雄市三民區民享里,64,高雄市,64000050,三民區,807,64000050059,民享里,120,5,59,E,KHH,NULL,NULL
高雄市三民區安宜里,64,高雄市,64000050,三民區,807,64000050060,安宜里,120,5,60,E,KHH,NULL,NULL
高雄市三民區安泰里,64,高雄市,64000050,三民區,807,64000050061,安泰里,120,5,61,E,KHH,NULL,NULL
高雄市三民區安邦里,64,高雄市,64000050,三民區,807,64000050062,安邦里,120,5,62,E,KHH,NULL,NULL
高雄市三民區十全里,64,高雄市,64000050,三民區,807,64000050063,十全里,120,5,63,E,KHH,NULL,NULL
高雄市三民區十美里,64,高雄市,64000050,三民區,807,64000050064,十美里,120,5,64,E,KHH,NULL,NULL
高雄市三民區德北里,64,高雄市,64000050,三民區,807,64000050065,德北里,120,5,65,E,KHH,NULL,NULL
高雄市三民區立誠里,64,高雄市,64000050,三民區,807,64000050066,立誠里,120,5,66,E,KHH,NULL,NULL
高雄市三民區立業里,64,高雄市,64000050,三民區,807,64000050067,立業里,120,5,67,E,KHH,NULL,NULL
高雄市三民區港東里,64,高雄市,64000050,三民區,807,64000050068,港東里,120,5,68,E,KHH,NULL,NULL
高雄市三民區港新里,64,高雄市,64000050,三民區,807,64000050069,港新里,120,5,69,E,KHH,NULL,NULL
高雄市三民區港西里,64,高雄市,64000050,三民區,807,64000050070,港西里,120,5,70,E,KHH,NULL,NULL
高雄市三民區博愛里,64,高雄市,64000050,三民區,807,64000050072,博愛里,120,5,72,E,KHH,NULL,NULL
高雄市三民區博惠里,64,高雄市,64000050,三民區,807,64000050073,博惠里,120,5,73,E,KHH,NULL,NULL
高雄市三民區長明里,64,高雄市,64000050,三民區,807,64000050074,長明里,120,5,74,E,KHH,NULL,NULL
高雄市三民區建東里,64,高雄市,64000050,三民區,807,64000050075,建東里,120,5,75,E,KHH,NULL,NULL
高雄市三民區興德里,64,高雄市,64000050,三民區,807,64000050076,興德里,120,5,76,E,KHH,NULL,NULL
高雄市三民區鳳南里,64,高雄市,64000050,三民區,807,64000050077,鳳南里,120,5,77,E,KHH,NULL,NULL
高雄市三民區鳳北里,64,高雄市,64000050,三民區,807,64000050078,鳳北里,120,5,78,E,KHH,NULL,NULL
高雄市三民區德西里,64,高雄市,64000050,三民區,807,64000050079,德西里,120,5,79,E,KHH,NULL,NULL
高雄市三民區豐裕里,64,高雄市,64000050,三民區,807,64000050081,豐裕里,120,5,81,E,KHH,NULL,NULL
高雄市三民區川東里,64,高雄市,64000050,三民區,807,64000050082,川東里,120,5,82,E,KHH,NULL,NULL
高雄市三民區裕民里,64,高雄市,64000050,三民區,807,64000050083,裕民里,120,5,83,E,KHH,NULL,NULL
高雄市三民區力行里,64,高雄市,64000050,三民區,807,64000050084,力行里,120,5,84,E,KHH,NULL,NULL
高雄市三民區千歲里,64,高雄市,64000050,三民區,807,64000050085,千歲里,120,5,85,E,KHH,NULL,NULL
高雄市三民區立德里,64,高雄市,64000050,三民區,807,64000050086,立德里,120,5,86,E,KHH,NULL,NULL
高雄市三民區千北里,64,高雄市,64000050,三民區,807,64000050087,千北里,120,5,87,E,KHH,NULL,NULL
高雄市三民區千秋里,64,高雄市,64000050,三民區,807,64000050088,千秋里,120,5,88,E,KHH,NULL,NULL
高雄市新興區浩然里,64,高雄市,64000060,新興區,800,64000060001,浩然里,120,6,1,E,KHH,NULL,NULL
高雄市新興區振成里,64,高雄市,64000060,新興區,800,64000060002,振成里,120,6,2,E,KHH,NULL,NULL
高雄市新興區德生里,64,高雄市,64000060,新興區,800,64000060003,德生里,120,6,3,E,KHH,NULL,NULL
高雄市新興區振華里,64,高雄市,64000060,新興區,800,64000060004,振華里,120,6,4,E,KHH,NULL,NULL
高雄市新興區正氣里,64,高雄市,64000060,新興區,800,64000060005,正氣里,120,6,5,E,KHH,NULL,NULL
高雄市新興區德政里,64,高雄市,64000060,新興區,800,64000060006,德政里,120,6,6,E,KHH,NULL,NULL
高雄市新興區仁聲里,64,高雄市,64000060,新興區,800,64000060007,仁聲里,120,6,7,E,KHH,NULL,NULL
高雄市新興區德望里,64,高雄市,64000060,新興區,800,64000060008,德望里,120,6,8,E,KHH,NULL,NULL
高雄市新興區華聲里,64,高雄市,64000060,新興區,800,64000060009,華聲里,120,6,9,E,KHH,NULL,NULL
高雄市新興區蕉園里,64,高雄市,64000060,新興區,800,64000060010,蕉園里,120,6,10,E,KHH,NULL,NULL
高雄市新興區永寧里,64,高雄市,64000060,新興區,800,64000060011,永寧里,120,6,11,E,KHH,NULL,NULL
高雄市新興區玉衡里,64,高雄市,64000060,新興區,800,64000060012,玉衡里,120,6,12,E,KHH,NULL,NULL
高雄市新興區順昌里,64,高雄市,64000060,新興區,800,64000060013,順昌里,120,6,13,E,KHH,NULL,NULL
高雄市新興區文昌里,64,高雄市,64000060,新興區,800,64000060014,文昌里,120,6,14,E,KHH,NULL,NULL
高雄市新興區光耀里,64,高雄市,64000060,新興區,800,64000060015,光耀里,120,6,15,E,KHH,NULL,NULL
高雄市新興區興昌里,64,高雄市,64000060,新興區,800,64000060016,興昌里,120,6,16,E,KHH,NULL,NULL
高雄市新興區開平里,64,高雄市,64000060,新興區,800,64000060017,開平里,120,6,17,E,KHH,NULL,NULL
高雄市新興區成功里,64,高雄市,64000060,新興區,800,64000060018,成功里,120,6,18,E,KHH,NULL,NULL
高雄市新興區新江里,64,高雄市,64000060,新興區,800,64000060019,新江里,120,6,19,E,KHH,NULL,NULL
高雄市新興區黎明里,64,高雄市,64000060,新興區,800,64000060020,黎明里,120,6,20,E,KHH,NULL,NULL
高雄市新興區愛平里,64,高雄市,64000060,新興區,800,64000060021,愛平里,120,6,21,E,KHH,NULL,NULL
高雄市新興區南港里,64,高雄市,64000060,新興區,800,64000060022,南港里,120,6,22,E,KHH,NULL,NULL
高雄市新興區中東里,64,高雄市,64000060,新興區,800,64000060023,中東里,120,6,23,E,KHH,NULL,NULL
高雄市新興區明莊里,64,高雄市,64000060,新興區,800,64000060024,明莊里,120,6,24,E,KHH,NULL,NULL
高雄市新興區大明里,64,高雄市,64000060,新興區,800,64000060025,大明里,120,6,25,E,KHH,NULL,NULL
高雄市新興區秋山里,64,高雄市,64000060,新興區,800,64000060026,秋山里,120,6,26,E,KHH,NULL,NULL
高雄市新興區長驛里,64,高雄市,64000060,新興區,800,64000060027,長驛里,120,6,27,E,KHH,NULL,NULL
高雄市新興區建興里,64,高雄市,64000060,新興區,800,64000060028,建興里,120,6,28,E,KHH,NULL,NULL
高雄市新興區建華里,64,高雄市,64000060,新興區,800,64000060029,建華里,120,6,29,E,KHH,NULL,NULL
高雄市新興區漢民里,64,高雄市,64000060,新興區,800,64000060030,漢民里,120,6,30,E,KHH,NULL,NULL
高雄市新興區榮治里,64,高雄市,64000060,新興區,800,64000060031,榮治里,120,6,31,E,KHH,NULL,NULL
高雄市新興區東坡里,64,高雄市,64000060,新興區,800,64000060032,東坡里,120,6,32,E,KHH,NULL,NULL
高雄市前金區三川里,64,高雄市,64000070,前金區,801,64000070001,三川里,120,7,1,E,KHH,NULL,NULL
高雄市前金區草江里,64,高雄市,64000070,前金區,801,64000070002,草江里,120,7,2,E,KHH,NULL,NULL
高雄市前金區長城里,64,高雄市,64000070,前金區,801,64000070003,長城里,120,7,3,E,KHH,NULL,NULL
高雄市前金區北金里,64,高雄市,64000070,前金區,801,64000070004,北金里,120,7,4,E,KHH,NULL,NULL
高雄市前金區東金里,64,高雄市,64000070,前金區,801,64000070005,東金里,120,7,5,E,KHH,NULL,NULL
高雄市前金區新生里,64,高雄市,64000070,前金區,801,64000070006,新生里,120,7,6,E,KHH,NULL,NULL
高雄市前金區後金里,64,高雄市,64000070,前金區,801,64000070007,後金里,120,7,7,E,KHH,NULL,NULL
高雄市前金區長興里,64,高雄市,64000070,前金區,801,64000070008,長興里,120,7,8,E,KHH,NULL,NULL
高雄市前金區青山里,64,高雄市,64000070,前金區,801,64000070009,青山里,120,7,9,E,KHH,NULL,NULL
高雄市前金區民生里,64,高雄市,64000070,前金區,801,64000070010,民生里,120,7,10,E,KHH,NULL,NULL
高雄市前金區復元里,64,高雄市,64000070,前金區,801,64000070011,復元里,120,7,11,E,KHH,NULL,NULL
高雄市前金區林投里,64,高雄市,64000070,前金區,801,64000070012,林投里,120,7,12,E,KHH,NULL,NULL
高雄市前金區國民里,64,高雄市,64000070,前金區,801,64000070013,國民里,120,7,13,E,KHH,NULL,NULL
高雄市前金區社東里,64,高雄市,64000070,前金區,801,64000070014,社東里,120,7,14,E,KHH,NULL,NULL
高雄市前金區社西里,64,高雄市,64000070,前金區,801,64000070015,社西里,120,7,15,E,KHH,NULL,NULL
高雄市前金區博孝里,64,高雄市,64000070,前金區,801,64000070016,博孝里,120,7,16,E,KHH,NULL,NULL
高雄市前金區長生里,64,高雄市,64000070,前金區,801,64000070017,長生里,120,7,17,E,KHH,NULL,NULL
高雄市前金區榮復里,64,高雄市,64000070,前金區,801,64000070018,榮復里,120,7,18,E,KHH,NULL,NULL
高雄市前金區文西里,64,高雄市,64000070,前金區,801,64000070019,文西里,120,7,19,E,KHH,NULL,NULL
高雄市前金區文東里,64,高雄市,64000070,前金區,801,64000070020,文東里,120,7,20,E,KHH,NULL,NULL
高雄市苓雅區博仁里,64,高雄市,64000080,苓雅區,802,64000080001,博仁里,120,8,1,E,KHH,NULL,NULL
高雄市苓雅區苓洲里,64,高雄市,64000080,苓雅區,802,64000080002,苓洲里,120,8,2,E,KHH,NULL,NULL
高雄市苓雅區苓昇里,64,高雄市,64000080,苓雅區,802,64000080003,苓昇里,120,8,3,E,KHH,NULL,NULL
高雄市苓雅區苓中里,64,高雄市,64000080,苓雅區,802,64000080004,苓中里,120,8,4,E,KHH,NULL,NULL
高雄市苓雅區苓雅里,64,高雄市,64000080,苓雅區,802,64000080005,苓雅里,120,8,5,E,KHH,NULL,NULL
高雄市苓雅區苓東里,64,高雄市,64000080,苓雅區,802,64000080006,苓東里,120,8,6,E,KHH,NULL,NULL
高雄市苓雅區城北里,64,高雄市,64000080,苓雅區,802,64000080007,城北里,120,8,7,E,KHH,NULL,NULL
高雄市苓雅區城西里,64,高雄市,64000080,苓雅區,802,64000080008,城西里,120,8,8,E,KHH,NULL,NULL
高雄市苓雅區城東里,64,高雄市,64000080,苓雅區,802,64000080009,城東里,120,8,9,E,KHH,NULL,NULL
高雄市苓雅區意誠里,64,高雄市,64000080,苓雅區,802,64000080010,意誠里,120,8,10,E,KHH,NULL,NULL
高雄市苓雅區鼓中里,64,高雄市,64000080,苓雅區,802,64000080011,鼓中里,120,8,11,E,KHH,NULL,NULL
高雄市苓雅區田西里,64,高雄市,64000080,苓雅區,802,64000080012,田西里,120,8,12,E,KHH,NULL,NULL
高雄市苓雅區人和里,64,高雄市,64000080,苓雅區,802,64000080013,人和里,120,8,13,E,KHH,NULL,NULL
高雄市苓雅區仁政里,64,高雄市,64000080,苓雅區,802,64000080014,仁政里,120,8,14,E,KHH,NULL,NULL
高雄市苓雅區廣澤里,64,高雄市,64000080,苓雅區,802,64000080015,廣澤里,120,8,15,E,KHH,NULL,NULL
高雄市苓雅區美田里,64,高雄市,64000080,苓雅區,802,64000080016,美田里,120,8,16,E,KHH,NULL,NULL
高雄市苓雅區華堂里,64,高雄市,64000080,苓雅區,802,64000080017,華堂里,120,8,17,E,KHH,NULL,NULL
高雄市苓雅區日中里,64,高雄市,64000080,苓雅區,802,64000080018,日中里,120,8,18,E,KHH,NULL,NULL
高雄市苓雅區普照里,64,高雄市,64000080,苓雅區,802,64000080019,普照里,120,8,19,E,KHH,NULL,NULL
高雄市苓雅區和煦里,64,高雄市,64000080,苓雅區,802,64000080020,和煦里,120,8,20,E,KHH,NULL,NULL
高雄市苓雅區晴朗里,64,高雄市,64000080,苓雅區,802,64000080021,晴朗里,120,8,21,E,KHH,NULL,NULL
高雄市苓雅區普天里,64,高雄市,64000080,苓雅區,802,64000080022,普天里,120,8,22,E,KHH,NULL,NULL
高雄市苓雅區林富里,64,高雄市,64000080,苓雅區,802,64000080023,林富里,120,8,23,E,KHH,NULL,NULL
高雄市苓雅區林圍里,64,高雄市,64000080,苓雅區,802,64000080024,林圍里,120,8,24,E,KHH,NULL,NULL
高雄市苓雅區林安里,64,高雄市,64000080,苓雅區,802,64000080025,林安里,120,8,25,E,KHH,NULL,NULL
高雄市苓雅區光華里,64,高雄市,64000080,苓雅區,802,64000080026,光華里,120,8,26,E,KHH,NULL,NULL
高雄市苓雅區林興里,64,高雄市,64000080,苓雅區,802,64000080027,林興里,120,8,27,E,KHH,NULL,NULL
高雄市苓雅區林華里,64,高雄市,64000080,苓雅區,802,64000080028,林華里,120,8,28,E,KHH,NULL,NULL
高雄市苓雅區林西里,64,高雄市,64000080,苓雅區,802,64000080029,林西里,120,8,29,E,KHH,NULL,NULL
高雄市苓雅區林中里,64,高雄市,64000080,苓雅區,802,64000080030,林中里,120,8,30,E,KHH,NULL,NULL
高雄市苓雅區林泉里,64,高雄市,64000080,苓雅區,802,64000080031,林泉里,120,8,31,E,KHH,NULL,NULL
高雄市苓雅區林南里,64,高雄市,64000080,苓雅區,802,64000080032,林南里,120,8,32,E,KHH,NULL,NULL
高雄市苓雅區中正里,64,高雄市,64000080,苓雅區,802,64000080033,中正里,120,8,33,E,KHH,NULL,NULL
高雄市苓雅區尚義里,64,高雄市,64000080,苓雅區,802,64000080034,尚義里,120,8,34,E,KHH,NULL,NULL
高雄市苓雅區同慶里,64,高雄市,64000080,苓雅區,802,64000080035,同慶里,120,8,35,E,KHH,NULL,NULL
高雄市苓雅區凱旋里,64,高雄市,64000080,苓雅區,802,64000080036,凱旋里,120,8,36,E,KHH,NULL,NULL
高雄市苓雅區安祥里,64,高雄市,64000080,苓雅區,802,64000080037,安祥里,120,8,37,E,KHH,NULL,NULL
高雄市苓雅區奏捷里,64,高雄市,64000080,苓雅區,802,64000080038,奏捷里,120,8,38,E,KHH,NULL,NULL
高雄市苓雅區福壽里,64,高雄市,64000080,苓雅區,802,64000080039,福壽里,120,8,39,E,KHH,NULL,NULL
高雄市苓雅區福南里,64,高雄市,64000080,苓雅區,802,64000080040,福南里,120,8,40,E,KHH,NULL,NULL
高雄市苓雅區五權里,64,高雄市,64000080,苓雅區,802,64000080041,五權里,120,8,41,E,KHH,NULL,NULL
高雄市苓雅區民主里,64,高雄市,64000080,苓雅區,802,64000080042,民主里,120,8,42,E,KHH,NULL,NULL
高雄市苓雅區林德里,64,高雄市,64000080,苓雅區,802,64000080043,林德里,120,8,43,E,KHH,NULL,NULL
高雄市苓雅區林貴里,64,高雄市,64000080,苓雅區,802,64000080044,林貴里,120,8,44,E,KHH,NULL,NULL
高雄市苓雅區林榮里,64,高雄市,64000080,苓雅區,802,64000080045,林榮里,120,8,45,E,KHH,NULL,NULL
高雄市苓雅區英明里,64,高雄市,64000080,苓雅區,802,64000080046,英明里,120,8,46,E,KHH,NULL,NULL
高雄市苓雅區林靖里,64,高雄市,64000080,苓雅區,802,64000080047,林靖里,120,8,47,E,KHH,NULL,NULL
高雄市苓雅區朝陽里,64,高雄市,64000080,苓雅區,802,64000080048,朝陽里,120,8,48,E,KHH,NULL,NULL
高雄市苓雅區福隆里,64,高雄市,64000080,苓雅區,802,64000080049,福隆里,120,8,49,E,KHH,NULL,NULL
高雄市苓雅區福祥里,64,高雄市,64000080,苓雅區,802,64000080050,福祥里,120,8,50,E,KHH,NULL,NULL
高雄市苓雅區福海里,64,高雄市,64000080,苓雅區,802,64000080051,福海里,120,8,51,E,KHH,NULL,NULL
高雄市苓雅區福康里,64,高雄市,64000080,苓雅區,802,64000080052,福康里,120,8,52,E,KHH,NULL,NULL
高雄市苓雅區福人里,64,高雄市,64000080,苓雅區,802,64000080053,福人里,120,8,53,E,KHH,NULL,NULL
高雄市苓雅區福地里,64,高雄市,64000080,苓雅區,802,64000080054,福地里,120,8,54,E,KHH,NULL,NULL
高雄市苓雅區福居里,64,高雄市,64000080,苓雅區,802,64000080055,福居里,120,8,55,E,KHH,NULL,NULL
高雄市苓雅區福東里,64,高雄市,64000080,苓雅區,802,64000080056,福東里,120,8,56,E,KHH,NULL,NULL
高雄市苓雅區福西里,64,高雄市,64000080,苓雅區,802,64000080057,福西里,120,8,57,E,KHH,NULL,NULL
高雄市苓雅區永康里,64,高雄市,64000080,苓雅區,802,64000080058,永康里,120,8,58,E,KHH,NULL,NULL
高雄市苓雅區正文里,64,高雄市,64000080,苓雅區,802,64000080059,正文里,120,8,59,E,KHH,NULL,NULL
高雄市苓雅區正言里,64,高雄市,64000080,苓雅區,802,64000080060,正言里,120,8,60,E,KHH,NULL,NULL
高雄市苓雅區正大里,64,高雄市,64000080,苓雅區,802,64000080061,正大里,120,8,61,E,KHH,NULL,NULL
高雄市苓雅區五福里,64,高雄市,64000080,苓雅區,802,64000080062,五福里,120,8,62,E,KHH,NULL,NULL
高雄市苓雅區正心里,64,高雄市,64000080,苓雅區,802,64000080063,正心里,120,8,63,E,KHH,NULL,NULL
高雄市苓雅區正道里,64,高雄市,64000080,苓雅區,802,64000080064,正道里,120,8,64,E,KHH,NULL,NULL
高雄市苓雅區正義里,64,高雄市,64000080,苓雅區,802,64000080065,正義里,120,8,65,E,KHH,NULL,NULL
高雄市苓雅區正仁里,64,高雄市,64000080,苓雅區,802,64000080066,正仁里,120,8,66,E,KHH,NULL,NULL
高雄市苓雅區文昌里,64,高雄市,64000080,苓雅區,802,64000080067,文昌里,120,8,67,E,KHH,NULL,NULL
高雄市苓雅區建軍里,64,高雄市,64000080,苓雅區,802,64000080068,建軍里,120,8,68,E,KHH,NULL,NULL
高雄市苓雅區衛武里,64,高雄市,64000080,苓雅區,802,64000080069,衛武里,120,8,69,E,KHH,NULL,NULL
高雄市前鎮區草衙里,64,高雄市,64000090,前鎮區,806,64000090001,草衙里,120,9,1,E,KHH,NULL,NULL
高雄市前鎮區明孝里,64,高雄市,64000090,前鎮區,806,64000090002,明孝里,120,9,2,E,KHH,NULL,NULL
高雄市前鎮區明正里,64,高雄市,64000090,前鎮區,806,64000090003,明正里,120,9,3,E,KHH,NULL,NULL
高雄市前鎮區明義里,64,高雄市,64000090,前鎮區,806,64000090004,明義里,120,9,4,E,KHH,NULL,NULL
高雄市前鎮區仁愛里,64,高雄市,64000090,前鎮區,806,64000090005,仁愛里,120,9,5,E,KHH,NULL,NULL
高雄市前鎮區德昌里,64,高雄市,64000090,前鎮區,806,64000090006,德昌里,120,9,6,E,KHH,NULL,NULL
高雄市前鎮區平等里,64,高雄市,64000090,前鎮區,806,64000090007,平等里,120,9,7,E,KHH,NULL,NULL
高雄市前鎮區平昌里,64,高雄市,64000090,前鎮區,806,64000090008,平昌里,120,9,8,E,KHH,NULL,NULL
高雄市前鎮區明禮里,64,高雄市,64000090,前鎮區,806,64000090009,明禮里,120,9,9,E,KHH,NULL,NULL
高雄市前鎮區信義里,64,高雄市,64000090,前鎮區,806,64000090010,信義里,120,9,10,E,KHH,NULL,NULL
高雄市前鎮區信德里,64,高雄市,64000090,前鎮區,806,64000090011,信德里,120,9,11,E,KHH,NULL,NULL
高雄市前鎮區明道里,64,高雄市,64000090,前鎮區,806,64000090012,明道里,120,9,12,E,KHH,NULL,NULL
高雄市前鎮區興化里,64,高雄市,64000090,前鎮區,806,64000090013,興化里,120,9,13,E,KHH,NULL,NULL
高雄市前鎮區興仁里,64,高雄市,64000090,前鎮區,806,64000090014,興仁里,120,9,14,E,KHH,NULL,NULL
高雄市前鎮區前鎮里,64,高雄市,64000090,前鎮區,806,64000090015,前鎮里,120,9,15,E,KHH,NULL,NULL
高雄市前鎮區鎮東里,64,高雄市,64000090,前鎮區,806,64000090016,鎮東里,120,9,16,E,KHH,NULL,NULL
高雄市前鎮區鎮榮里,64,高雄市,64000090,前鎮區,806,64000090017,鎮榮里,120,9,17,E,KHH,NULL,NULL
高雄市前鎮區鎮昌里,64,高雄市,64000090,前鎮區,806,64000090018,鎮昌里,120,9,18,E,KHH,NULL,NULL
高雄市前鎮區鎮海里,64,高雄市,64000090,前鎮區,806,64000090019,鎮海里,120,9,19,E,KHH,NULL,NULL
高雄市前鎮區鎮陽里,64,高雄市,64000090,前鎮區,806,64000090020,鎮陽里,120,9,20,E,KHH,NULL,NULL
高雄市前鎮區興邦里,64,高雄市,64000090,前鎮區,806,64000090021,興邦里,120,9,21,E,KHH,NULL,NULL
高雄市前鎮區鎮中里,64,高雄市,64000090,前鎮區,806,64000090022,鎮中里,120,9,22,E,KHH,NULL,NULL
高雄市前鎮區鎮北里,64,高雄市,64000090,前鎮區,806,64000090023,鎮北里,120,9,23,E,KHH,NULL,NULL
高雄市前鎮區忠純里,64,高雄市,64000090,前鎮區,806,64000090024,忠純里,120,9,24,E,KHH,NULL,NULL
高雄市前鎮區忠誠里,64,高雄市,64000090,前鎮區,806,64000090025,忠誠里,120,9,25,E,KHH,NULL,NULL
高雄市前鎮區西山里,64,高雄市,64000090,前鎮區,806,64000090028,西山里,120,9,28,E,KHH,NULL,NULL
高雄市前鎮區民權里,64,高雄市,64000090,前鎮區,806,64000090029,民權里,120,9,29,E,KHH,NULL,NULL
高雄市前鎮區建隆里,64,高雄市,64000090,前鎮區,806,64000090030,建隆里,120,9,30,E,KHH,NULL,NULL
高雄市前鎮區振興里,64,高雄市,64000090,前鎮區,806,64000090031,振興里,120,9,31,E,KHH,NULL,NULL
高雄市前鎮區良和里,64,高雄市,64000090,前鎮區,806,64000090032,良和里,120,9,32,E,KHH,NULL,NULL
高雄市前鎮區西甲里,64,高雄市,64000090,前鎮區,806,64000090033,西甲里,120,9,33,E,KHH,NULL,NULL
高雄市前鎮區盛興里,64,高雄市,64000090,前鎮區,806,64000090034,盛興里,120,9,34,E,KHH,NULL,NULL
高雄市前鎮區盛豐里,64,高雄市,64000090,前鎮區,806,64000090035,盛豐里,120,9,35,E,KHH,NULL,NULL
高雄市前鎮區興中里,64,高雄市,64000090,前鎮區,806,64000090036,興中里,120,9,36,E,KHH,NULL,NULL
高雄市前鎮區興東里,64,高雄市,64000090,前鎮區,806,64000090037,興東里,120,9,37,E,KHH,NULL,NULL
高雄市前鎮區忠孝里,64,高雄市,64000090,前鎮區,806,64000090038,忠孝里,120,9,38,E,KHH,NULL,NULL
高雄市前鎮區復國里,64,高雄市,64000090,前鎮區,806,64000090039,復國里,120,9,39,E,KHH,NULL,NULL
高雄市前鎮區竹內里,64,高雄市,64000090,前鎮區,806,64000090040,竹內里,120,9,40,E,KHH,NULL,NULL
高雄市前鎮區竹東里,64,高雄市,64000090,前鎮區,806,64000090041,竹東里,120,9,41,E,KHH,NULL,NULL
高雄市前鎮區竹南里,64,高雄市,64000090,前鎮區,806,64000090042,竹南里,120,9,42,E,KHH,NULL,NULL
高雄市前鎮區竹北里,64,高雄市,64000090,前鎮區,806,64000090043,竹北里,120,9,43,E,KHH,NULL,NULL
高雄市前鎮區竹西里,64,高雄市,64000090,前鎮區,806,64000090044,竹西里,120,9,44,E,KHH,NULL,NULL
高雄市前鎮區竹中里,64,高雄市,64000090,前鎮區,806,64000090045,竹中里,120,9,45,E,KHH,NULL,NULL
高雄市前鎮區瑞竹里,64,高雄市,64000090,前鎮區,806,64000090046,瑞竹里,120,9,46,E,KHH,NULL,NULL
高雄市前鎮區瑞南里,64,高雄市,64000090,前鎮區,806,64000090047,瑞南里,120,9,47,E,KHH,NULL,NULL
高雄市前鎮區瑞豐里,64,高雄市,64000090,前鎮區,806,64000090048,瑞豐里,120,9,48,E,KHH,NULL,NULL
高雄市前鎮區瑞祥里,64,高雄市,64000090,前鎮區,806,64000090049,瑞祥里,120,9,49,E,KHH,NULL,NULL
高雄市前鎮區瑞東里,64,高雄市,64000090,前鎮區,806,64000090050,瑞東里,120,9,50,E,KHH,NULL,NULL
高雄市前鎮區瑞和里,64,高雄市,64000090,前鎮區,806,64000090051,瑞和里,120,9,51,E,KHH,NULL,NULL
高雄市前鎮區瑞平里,64,高雄市,64000090,前鎮區,806,64000090052,瑞平里,120,9,52,E,KHH,NULL,NULL
高雄市前鎮區瑞隆里,64,高雄市,64000090,前鎮區,806,64000090053,瑞隆里,120,9,53,E,KHH,NULL,NULL
高雄市前鎮區瑞北里,64,高雄市,64000090,前鎮區,806,64000090054,瑞北里,120,9,54,E,KHH,NULL,NULL
高雄市前鎮區瑞西里,64,高雄市,64000090,前鎮區,806,64000090055,瑞西里,120,9,55,E,KHH,NULL,NULL
高雄市前鎮區瑞崗里,64,高雄市,64000090,前鎮區,806,64000090056,瑞崗里,120,9,56,E,KHH,NULL,NULL
高雄市前鎮區瑞興里,64,高雄市,64000090,前鎮區,806,64000090057,瑞興里,120,9,57,E,KHH,NULL,NULL
高雄市前鎮區瑞誠里,64,高雄市,64000090,前鎮區,806,64000090058,瑞誠里,120,9,58,E,KHH,NULL,NULL
高雄市前鎮區瑞文里,64,高雄市,64000090,前鎮區,806,64000090059,瑞文里,120,9,59,E,KHH,NULL,NULL
高雄市前鎮區瑞華里,64,高雄市,64000090,前鎮區,806,64000090060,瑞華里,120,9,60,E,KHH,NULL,NULL
高雄市前鎮區瑞昌里,64,高雄市,64000090,前鎮區,806,64000090061,瑞昌里,120,9,61,E,KHH,NULL,NULL
高雄市旗津區旗下里,64,高雄市,64000100,旗津區,805,64000100001,旗下里,120,10,1,E,KHH,NULL,NULL
高雄市旗津區永安里,64,高雄市,64000100,旗津區,805,64000100002,永安里,120,10,2,E,KHH,NULL,NULL
高雄市旗津區振興里,64,高雄市,64000100,旗津區,805,64000100003,振興里,120,10,3,E,KHH,NULL,NULL
高雄市旗津區慈愛里,64,高雄市,64000100,旗津區,805,64000100004,慈愛里,120,10,4,E,KHH,NULL,NULL
高雄市旗津區復興里,64,高雄市,64000100,旗津區,805,64000100005,復興里,120,10,5,E,KHH,NULL,NULL
高雄市旗津區中華里,64,高雄市,64000100,旗津區,805,64000100006,中華里,120,10,6,E,KHH,NULL,NULL
高雄市旗津區實踐里,64,高雄市,64000100,旗津區,805,64000100007,實踐里,120,10,7,E,KHH,NULL,NULL
高雄市旗津區北汕里,64,高雄市,64000100,旗津區,805,64000100008,北汕里,120,10,8,E,KHH,NULL,NULL
高雄市旗津區南汕里,64,高雄市,64000100,旗津區,805,64000100009,南汕里,120,10,9,E,KHH,NULL,NULL
高雄市旗津區上竹里,64,高雄市,64000100,旗津區,805,64000100010,上竹里,120,10,10,E,KHH,NULL,NULL
高雄市旗津區中洲里,64,高雄市,64000100,旗津區,805,64000100011,中洲里,120,10,11,E,KHH,NULL,NULL
高雄市旗津區安順里,64,高雄市,64000100,旗津區,805,64000100012,安順里,120,10,12,E,KHH,NULL,NULL
高雄市旗津區中興里,64,高雄市,64000100,旗津區,805,64000100013,中興里,120,10,13,E,KHH,NULL,NULL
高雄市小港區小港里,64,高雄市,64000110,小港區,812,64000110001,小港里,120,11,1,E,KHH,NULL,NULL
高雄市小港區港口里,64,高雄市,64000110,小港區,812,64000110002,港口里,120,11,2,E,KHH,NULL,NULL
高雄市小港區港正里,64,高雄市,64000110,小港區,812,64000110003,港正里,120,11,3,E,KHH,NULL,NULL
高雄市小港區港墘里,64,高雄市,64000110,小港區,812,64000110004,港墘里,120,11,4,E,KHH,NULL,NULL
高雄市小港區港明里,64,高雄市,64000110,小港區,812,64000110005,港明里,120,11,5,E,KHH,NULL,NULL
高雄市小港區港后里,64,高雄市,64000110,小港區,812,64000110006,港后里,120,11,6,E,KHH,NULL,NULL
高雄市小港區港南里,64,高雄市,64000110,小港區,812,64000110007,港南里,120,11,7,E,KHH,NULL,NULL
高雄市小港區港興里,64,高雄市,64000110,小港區,812,64000110008,港興里,120,11,8,E,KHH,NULL,NULL
高雄市小港區鳳宮里,64,高雄市,64000110,小港區,812,64000110009,鳳宮里,120,11,9,E,KHH,NULL,NULL
高雄市小港區店鎮里,64,高雄市,64000110,小港區,812,64000110010,店鎮里,120,11,10,E,KHH,NULL,NULL
高雄市小港區大苓里,64,高雄市,64000110,小港區,812,64000110011,大苓里,120,11,11,E,KHH,NULL,NULL
高雄市小港區二苓里,64,高雄市,64000110,小港區,812,64000110012,二苓里,120,11,12,E,KHH,NULL,NULL
高雄市小港區三苓里,64,高雄市,64000110,小港區,812,64000110013,三苓里,120,11,13,E,KHH,NULL,NULL
高雄市小港區正苓里,64,高雄市,64000110,小港區,812,64000110014,正苓里,120,11,14,E,KHH,NULL,NULL
高雄市小港區順苓里,64,高雄市,64000110,小港區,812,64000110015,順苓里,120,11,15,E,KHH,NULL,NULL
高雄市小港區六苓里,64,高雄市,64000110,小港區,812,64000110016,六苓里,120,11,16,E,KHH,NULL,NULL
高雄市小港區宏亮里,64,高雄市,64000110,小港區,812,64000110017,宏亮里,120,11,17,E,KHH,NULL,NULL
高雄市小港區山東里,64,高雄市,64000110,小港區,812,64000110018,山東里,120,11,18,E,KHH,NULL,NULL
高雄市小港區青島里,64,高雄市,64000110,小港區,812,64000110019,青島里,120,11,19,E,KHH,NULL,NULL
高雄市小港區濟南里,64,高雄市,64000110,小港區,812,64000110020,濟南里,120,11,20,E,KHH,NULL,NULL
高雄市小港區泰山里,64,高雄市,64000110,小港區,812,64000110021,泰山里,120,11,21,E,KHH,NULL,NULL
高雄市小港區山明里,64,高雄市,64000110,小港區,812,64000110022,山明里,120,11,22,E,KHH,NULL,NULL
高雄市小港區高松里,64,高雄市,64000110,小港區,812,64000110023,高松里,120,11,23,E,KHH,NULL,NULL
高雄市小港區松金里,64,高雄市,64000110,小港區,812,64000110024,松金里,120,11,24,E,KHH,NULL,NULL
高雄市小港區松山里,64,高雄市,64000110,小港區,812,64000110025,松山里,120,11,25,E,KHH,NULL,NULL
高雄市小港區大坪里,64,高雄市,64000110,小港區,812,64000110026,大坪里,120,11,26,E,KHH,NULL,NULL
高雄市小港區坪頂里,64,高雄市,64000110,小港區,812,64000110027,坪頂里,120,11,27,E,KHH,NULL,NULL
高雄市小港區孔宅里,64,高雄市,64000110,小港區,812,64000110028,孔宅里,120,11,28,E,KHH,NULL,NULL
高雄市小港區廈莊里,64,高雄市,64000110,小港區,812,64000110029,廈莊里,120,11,29,E,KHH,NULL,NULL
高雄市小港區合作里,64,高雄市,64000110,小港區,812,64000110030,合作里,120,11,30,E,KHH,NULL,NULL
高雄市小港區桂林里,64,高雄市,64000110,小港區,812,64000110031,桂林里,120,11,31,E,KHH,NULL,NULL
高雄市小港區中厝里,64,高雄市,64000110,小港區,812,64000110032,中厝里,120,11,32,E,KHH,NULL,NULL
高雄市小港區鳳鳴里,64,高雄市,64000110,小港區,812,64000110033,鳳鳴里,120,11,33,E,KHH,NULL,NULL
高雄市小港區龍鳳里,64,高雄市,64000110,小港區,812,64000110034,龍鳳里,120,11,34,E,KHH,NULL,NULL
高雄市小港區鳳森里,64,高雄市,64000110,小港區,812,64000110035,鳳森里,120,11,35,E,KHH,NULL,NULL
高雄市小港區鳳林里,64,高雄市,64000110,小港區,812,64000110036,鳳林里,120,11,36,E,KHH,NULL,NULL
高雄市小港區鳳興里,64,高雄市,64000110,小港區,812,64000110037,鳳興里,120,11,37,E,KHH,NULL,NULL
高雄市小港區鳳源里,64,高雄市,64000110,小港區,812,64000110038,鳳源里,120,11,38,E,KHH,NULL,NULL
高雄市鳳山區縣口里,64,高雄市,64000120,鳳山區,830,64000120001,縣口里,120,12,1,E,KHH,NULL,NULL
高雄市鳳山區成功里,64,高雄市,64000120,鳳山區,830,64000120002,成功里,120,12,2,E,KHH,NULL,NULL
高雄市鳳山區光明里,64,高雄市,64000120,鳳山區,830,64000120003,光明里,120,12,3,E,KHH,NULL,NULL
高雄市鳳山區興中里,64,高雄市,64000120,鳳山區,830,64000120004,興中里,120,12,4,E,KHH,NULL,NULL
高雄市鳳山區南興里,64,高雄市,64000120,鳳山區,830,64000120005,南興里,120,12,5,E,KHH,NULL,NULL
高雄市鳳山區和德里,64,高雄市,64000120,鳳山區,830,64000120006,和德里,120,12,6,E,KHH,NULL,NULL
高雄市鳳山區鳳崗里,64,高雄市,64000120,鳳山區,830,64000120007,鳳崗里,120,12,7,E,KHH,NULL,NULL
高雄市鳳山區中和里,64,高雄市,64000120,鳳山區,830,64000120008,中和里,120,12,8,E,KHH,NULL,NULL
高雄市鳳山區鎮北里,64,高雄市,64000120,鳳山區,830,64000120009,鎮北里,120,12,9,E,KHH,NULL,NULL
高雄市鳳山區縣衙里,64,高雄市,64000120,鳳山區,830,64000120010,縣衙里,120,12,10,E,KHH,NULL,NULL
高雄市鳳山區文英里,64,高雄市,64000120,鳳山區,830,64000120011,文英里,120,12,11,E,KHH,NULL,NULL
高雄市鳳山區鎮西里,64,高雄市,64000120,鳳山區,830,64000120012,鎮西里,120,12,12,E,KHH,NULL,NULL
高雄市鳳山區鎮東里,64,高雄市,64000120,鳳山區,830,64000120013,鎮東里,120,12,13,E,KHH,NULL,NULL
高雄市鳳山區埤頂里,64,高雄市,64000120,鳳山區,830,64000120014,埤頂里,120,12,14,E,KHH,NULL,NULL
高雄市鳳山區中正里,64,高雄市,64000120,鳳山區,830,64000120015,中正里,120,12,15,E,KHH,NULL,NULL
高雄市鳳山區鎮南里,64,高雄市,64000120,鳳山區,830,64000120016,鎮南里,120,12,16,E,KHH,NULL,NULL
高雄市鳳山區老爺里,64,高雄市,64000120,鳳山區,830,64000120017,老爺里,120,12,17,E,KHH,NULL,NULL
高雄市鳳山區瑞竹里,64,高雄市,64000120,鳳山區,830,64000120018,瑞竹里,120,12,18,E,KHH,NULL,NULL
高雄市鳳山區忠義里,64,高雄市,64000120,鳳山區,830,64000120019,忠義里,120,12,19,E,KHH,NULL,NULL
高雄市鳳山區誠義里,64,高雄市,64000120,鳳山區,830,64000120020,誠義里,120,12,20,E,KHH,NULL,NULL
高雄市鳳山區新興里,64,高雄市,64000120,鳳山區,830,64000120021,新興里,120,12,21,E,KHH,NULL,NULL
高雄市鳳山區海光里,64,高雄市,64000120,鳳山區,830,64000120022,海光里,120,12,22,E,KHH,NULL,NULL
高雄市鳳山區忠誠里,64,高雄市,64000120,鳳山區,830,64000120024,忠誠里,120,12,24,E,KHH,NULL,NULL
高雄市鳳山區新甲里,64,高雄市,64000120,鳳山區,830,64000120025,新甲里,120,12,25,E,KHH,NULL,NULL
高雄市鳳山區武漢里,64,高雄市,64000120,鳳山區,830,64000120026,武漢里,120,12,26,E,KHH,NULL,NULL
高雄市鳳山區正義里,64,高雄市,64000120,鳳山區,830,64000120027,正義里,120,12,27,E,KHH,NULL,NULL
高雄市鳳山區一甲里,64,高雄市,64000120,鳳山區,830,64000120028,一甲里,120,12,28,E,KHH,NULL,NULL
高雄市鳳山區福興里,64,高雄市,64000120,鳳山區,830,64000120029,福興里,120,12,29,E,KHH,NULL,NULL
高雄市鳳山區東門里,64,高雄市,64000120,鳳山區,830,64000120030,東門里,120,12,30,E,KHH,NULL,NULL
高雄市鳳山區瑞興里,64,高雄市,64000120,鳳山區,830,64000120031,瑞興里,120,12,31,E,KHH,NULL,NULL
高雄市鳳山區天興里,64,高雄市,64000120,鳳山區,830,64000120032,天興里,120,12,32,E,KHH,NULL,NULL
高雄市鳳山區新強里,64,高雄市,64000120,鳳山區,830,64000120033,新強里,120,12,33,E,KHH,NULL,NULL
高雄市鳳山區國泰里,64,高雄市,64000120,鳳山區,830,64000120034,國泰里,120,12,34,E,KHH,NULL,NULL
高雄市鳳山區鳳東里,64,高雄市,64000120,鳳山區,830,64000120035,鳳東里,120,12,35,E,KHH,NULL,NULL
高雄市鳳山區新富里,64,高雄市,64000120,鳳山區,830,64000120036,新富里,120,12,36,E,KHH,NULL,NULL
高雄市鳳山區國光里,64,高雄市,64000120,鳳山區,830,64000120037,國光里,120,12,37,E,KHH,NULL,NULL
高雄市鳳山區國隆里,64,高雄市,64000120,鳳山區,830,64000120038,國隆里,120,12,38,E,KHH,NULL,NULL
高雄市鳳山區文德里,64,高雄市,64000120,鳳山區,830,64000120039,文德里,120,12,39,E,KHH,NULL,NULL
高雄市鳳山區過埤里,64,高雄市,64000120,鳳山區,830,64000120040,過埤里,120,12,40,E,KHH,NULL,NULL
高雄市鳳山區曹公里,64,高雄市,64000120,鳳山區,830,64000120041,曹公里,120,12,41,E,KHH,NULL,NULL
高雄市鳳山區興仁里,64,高雄市,64000120,鳳山區,830,64000120042,興仁里,120,12,42,E,KHH,NULL,NULL
高雄市鳳山區五福里,64,高雄市,64000120,鳳山區,830,64000120043,五福里,120,12,43,E,KHH,NULL,NULL
高雄市鳳山區忠孝里,64,高雄市,64000120,鳳山區,830,64000120044,忠孝里,120,12,44,E,KHH,NULL,NULL
高雄市鳳山區生明里,64,高雄市,64000120,鳳山區,830,64000120045,生明里,120,12,45,E,KHH,NULL,NULL
高雄市鳳山區和興里,64,高雄市,64000120,鳳山區,830,64000120046,和興里,120,12,46,E,KHH,NULL,NULL
高雄市鳳山區協和里,64,高雄市,64000120,鳳山區,830,64000120047,協和里,120,12,47,E,KHH,NULL,NULL
高雄市鳳山區文山里,64,高雄市,64000120,鳳山區,830,64000120048,文山里,120,12,48,E,KHH,NULL,NULL
高雄市鳳山區福誠里,64,高雄市,64000120,鳳山區,830,64000120049,福誠里,120,12,49,E,KHH,NULL,NULL
高雄市鳳山區誠德里,64,高雄市,64000120,鳳山區,830,64000120050,誠德里,120,12,50,E,KHH,NULL,NULL
高雄市鳳山區三民里,64,高雄市,64000120,鳳山區,830,64000120051,三民里,120,12,51,E,KHH,NULL,NULL
高雄市鳳山區北門里,64,高雄市,64000120,鳳山區,830,64000120053,北門里,120,12,53,E,KHH,NULL,NULL
高雄市鳳山區富甲里,64,高雄市,64000120,鳳山區,830,64000120054,富甲里,120,12,54,E,KHH,NULL,NULL
高雄市鳳山區南成里,64,高雄市,64000120,鳳山區,830,64000120055,南成里,120,12,55,E,KHH,NULL,NULL
高雄市鳳山區文華里,64,高雄市,64000120,鳳山區,830,64000120056,文華里,120,12,56,E,KHH,NULL,NULL
高雄市鳳山區大德里,64,高雄市,64000120,鳳山區,830,64000120057,大德里,120,12,57,E,KHH,NULL,NULL
高雄市鳳山區武松里,64,高雄市,64000120,鳳山區,830,64000120058,武松里,120,12,58,E,KHH,NULL,NULL
高雄市鳳山區文衡里,64,高雄市,64000120,鳳山區,830,64000120059,文衡里,120,12,59,E,KHH,NULL,NULL
高雄市鳳山區文福里,64,高雄市,64000120,鳳山區,830,64000120060,文福里,120,12,60,E,KHH,NULL,NULL
高雄市鳳山區誠信里,64,高雄市,64000120,鳳山區,830,64000120061,誠信里,120,12,61,E,KHH,NULL,NULL
高雄市鳳山區誠智里,64,高雄市,64000120,鳳山區,830,64000120062,誠智里,120,12,62,E,KHH,NULL,NULL
高雄市鳳山區國富里,64,高雄市,64000120,鳳山區,830,64000120063,國富里,120,12,63,E,KHH,NULL,NULL
高雄市鳳山區武慶里,64,高雄市,64000120,鳳山區,830,64000120064,武慶里,120,12,64,E,KHH,NULL,NULL
高雄市鳳山區海洋里,64,高雄市,64000120,鳳山區,830,64000120065,海洋里,120,12,65,E,KHH,NULL,NULL
高雄市鳳山區新武里,64,高雄市,64000120,鳳山區,830,64000120066,新武里,120,12,66,E,KHH,NULL,NULL
高雄市鳳山區新樂里,64,高雄市,64000120,鳳山區,830,64000120067,新樂里,120,12,67,E,KHH,NULL,NULL
高雄市鳳山區新泰里,64,高雄市,64000120,鳳山區,830,64000120068,新泰里,120,12,68,E,KHH,NULL,NULL
高雄市鳳山區中崙里,64,高雄市,64000120,鳳山區,830,64000120069,中崙里,120,12,69,E,KHH,NULL,NULL
高雄市鳳山區中榮里,64,高雄市,64000120,鳳山區,830,64000120070,中榮里,120,12,70,E,KHH,NULL,NULL
高雄市鳳山區中民里,64,高雄市,64000120,鳳山區,830,64000120071,中民里,120,12,71,E,KHH,NULL,NULL
高雄市鳳山區二甲里,64,高雄市,64000120,鳳山區,830,64000120072,二甲里,120,12,72,E,KHH,NULL,NULL
高雄市鳳山區龍成里,64,高雄市,64000120,鳳山區,830,64000120073,龍成里,120,12,73,E,KHH,NULL,NULL
高雄市鳳山區富榮里,64,高雄市,64000120,鳳山區,830,64000120074,富榮里,120,12,74,E,KHH,NULL,NULL
高雄市鳳山區善美里,64,高雄市,64000120,鳳山區,830,64000120075,善美里,120,12,75,E,KHH,NULL,NULL
高雄市鳳山區南和里,64,高雄市,64000120,鳳山區,830,64000120076,南和里,120,12,76,E,KHH,NULL,NULL
高雄市鳳山區福祥里,64,高雄市,64000120,鳳山區,830,64000120077,福祥里,120,12,77,E,KHH,NULL,NULL
高雄市鳳山區保安里,64,高雄市,64000120,鳳山區,830,64000120078,保安里,120,12,78,E,KHH,NULL,NULL
高雄市林園區東林里,64,高雄市,64000130,林園區,832,64000130001,東林里,120,13,1,E,KHH,NULL,NULL
高雄市林園區林園里,64,高雄市,64000130,林園區,832,64000130002,林園里,120,13,2,E,KHH,NULL,NULL
高雄市林園區溪州里,64,高雄市,64000130,林園區,832,64000130003,溪州里,120,13,3,E,KHH,NULL,NULL
高雄市林園區潭頭里,64,高雄市,64000130,林園區,832,64000130004,潭頭里,120,13,4,E,KHH,NULL,NULL
高雄市林園區中厝里,64,高雄市,64000130,林園區,832,64000130005,中厝里,120,13,5,E,KHH,NULL,NULL
高雄市林園區中門里,64,高雄市,64000130,林園區,832,64000130006,中門里,120,13,6,E,KHH,NULL,NULL
高雄市林園區頂厝里,64,高雄市,64000130,林園區,832,64000130007,頂厝里,120,13,7,E,KHH,NULL,NULL
高雄市林園區港埔里,64,高雄市,64000130,林園區,832,64000130008,港埔里,120,13,8,E,KHH,NULL,NULL
高雄市林園區西溪里,64,高雄市,64000130,林園區,832,64000130009,西溪里,120,13,9,E,KHH,NULL,NULL
高雄市林園區港嘴里,64,高雄市,64000130,林園區,832,64000130010,港嘴里,120,13,10,E,KHH,NULL,NULL
高雄市林園區北汕里,64,高雄市,64000130,林園區,832,64000130011,北汕里,120,13,11,E,KHH,NULL,NULL
高雄市林園區林內里,64,高雄市,64000130,林園區,832,64000130012,林內里,120,13,12,E,KHH,NULL,NULL
高雄市林園區王公里,64,高雄市,64000130,林園區,832,64000130013,王公里,120,13,13,E,KHH,NULL,NULL
高雄市林園區林家里,64,高雄市,64000130,林園區,832,64000130014,林家里,120,13,14,E,KHH,NULL,NULL
高雄市林園區龔厝里,64,高雄市,64000130,林園區,832,64000130015,龔厝里,120,13,15,E,KHH,NULL,NULL
高雄市林園區鳳芸里,64,高雄市,64000130,林園區,832,64000130016,鳳芸里,120,13,16,E,KHH,NULL,NULL
高雄市林園區中芸里,64,高雄市,64000130,林園區,832,64000130017,中芸里,120,13,17,E,KHH,NULL,NULL
高雄市林園區東汕里,64,高雄市,64000130,林園區,832,64000130018,東汕里,120,13,18,E,KHH,NULL,NULL
高雄市林園區西汕里,64,高雄市,64000130,林園區,832,64000130019,西汕里,120,13,19,E,KHH,NULL,NULL
高雄市林園區仁愛里,64,高雄市,64000130,林園區,832,64000130020,仁愛里,120,13,20,E,KHH,NULL,NULL
高雄市林園區文賢里,64,高雄市,64000130,林園區,832,64000130021,文賢里,120,13,21,E,KHH,NULL,NULL
高雄市林園區廣應里,64,高雄市,64000130,林園區,832,64000130022,廣應里,120,13,22,E,KHH,NULL,NULL
高雄市林園區五福里,64,高雄市,64000130,林園區,832,64000130023,五福里,120,13,23,E,KHH,NULL,NULL
高雄市林園區中汕里,64,高雄市,64000130,林園區,832,64000130024,中汕里,120,13,24,E,KHH,NULL,NULL
高雄市大寮區拷潭里,64,高雄市,64000140,大寮區,831,64000140001,拷潭里,120,14,1,E,KHH,NULL,NULL
高雄市大寮區內坑里,64,高雄市,64000140,大寮區,831,64000140002,內坑里,120,14,2,E,KHH,NULL,NULL
高雄市大寮區大寮里,64,高雄市,64000140,大寮區,831,64000140003,大寮里,120,14,3,E,KHH,NULL,NULL
高雄市大寮區上寮里,64,高雄市,64000140,大寮區,831,64000140004,上寮里,120,14,4,E,KHH,NULL,NULL
高雄市大寮區三隆里,64,高雄市,64000140,大寮區,831,64000140005,三隆里,120,14,5,E,KHH,NULL,NULL
高雄市大寮區琉球里,64,高雄市,64000140,大寮區,831,64000140006,琉球里,120,14,6,E,KHH,NULL,NULL
高雄市大寮區翁園里,64,高雄市,64000140,大寮區,831,64000140007,翁園里,120,14,7,E,KHH,NULL,NULL
高雄市大寮區前庄里,64,高雄市,64000140,大寮區,831,64000140008,前庄里,120,14,8,E,KHH,NULL,NULL
高雄市大寮區中庄里,64,高雄市,64000140,大寮區,831,64000140009,中庄里,120,14,9,E,KHH,NULL,NULL
高雄市大寮區後庄里,64,高雄市,64000140,大寮區,831,64000140010,後庄里,120,14,10,E,KHH,NULL,NULL
高雄市大寮區義仁里,64,高雄市,64000140,大寮區,831,64000140011,義仁里,120,14,11,E,KHH,NULL,NULL
高雄市大寮區新厝里,64,高雄市,64000140,大寮區,831,64000140012,新厝里,120,14,12,E,KHH,NULL,NULL
高雄市大寮區過溪里,64,高雄市,64000140,大寮區,831,64000140013,過溪里,120,14,13,E,KHH,NULL,NULL
高雄市大寮區潮寮里,64,高雄市,64000140,大寮區,831,64000140014,潮寮里,120,14,14,E,KHH,NULL,NULL
高雄市大寮區會結里,64,高雄市,64000140,大寮區,831,64000140015,會結里,120,14,15,E,KHH,NULL,NULL
高雄市大寮區會社里,64,高雄市,64000140,大寮區,831,64000140016,會社里,120,14,16,E,KHH,NULL,NULL
高雄市大寮區山頂里,64,高雄市,64000140,大寮區,831,64000140017,山頂里,120,14,17,E,KHH,NULL,NULL
高雄市大寮區忠義里,64,高雄市,64000140,大寮區,831,64000140018,忠義里,120,14,18,E,KHH,NULL,NULL
高雄市大寮區永芳里,64,高雄市,64000140,大寮區,831,64000140019,永芳里,120,14,19,E,KHH,NULL,NULL
高雄市大寮區義和里,64,高雄市,64000140,大寮區,831,64000140020,義和里,120,14,20,E,KHH,NULL,NULL
高雄市大寮區溪寮里,64,高雄市,64000140,大寮區,831,64000140021,溪寮里,120,14,21,E,KHH,NULL,NULL
高雄市大寮區江山里,64,高雄市,64000140,大寮區,831,64000140022,江山里,120,14,22,E,KHH,NULL,NULL
高雄市大寮區昭明里,64,高雄市,64000140,大寮區,831,64000140023,昭明里,120,14,23,E,KHH,NULL,NULL
高雄市大寮區中興里,64,高雄市,64000140,大寮區,831,64000140025,中興里,120,14,25,E,KHH,NULL,NULL
高雄市大樹區竹寮里,64,高雄市,64000150,大樹區,840,64000150001,竹寮里,120,15,1,E,KHH,NULL,NULL
高雄市大樹區九曲里,64,高雄市,64000150,大樹區,840,64000150002,九曲里,120,15,2,E,KHH,NULL,NULL
高雄市大樹區久堂里,64,高雄市,64000150,大樹區,840,64000150003,久堂里,120,15,3,E,KHH,NULL,NULL
高雄市大樹區水安里,64,高雄市,64000150,大樹區,840,64000150004,水安里,120,15,4,E,KHH,NULL,NULL
高雄市大樹區水寮里,64,高雄市,64000150,大樹區,840,64000150005,水寮里,120,15,5,E,KHH,NULL,NULL
高雄市大樹區檨腳里,64,高雄市,64000150,大樹區,840,64000150006,檨腳里,120,15,6,E,KHH,NULL,NULL
高雄市大樹區興山里,64,高雄市,64000150,大樹區,840,64000150007,興山里,120,15,7,E,KHH,NULL,NULL
高雄市大樹區和山里,64,高雄市,64000150,大樹區,840,64000150008,和山里,120,15,8,E,KHH,NULL,NULL
高雄市大樹區姑山里,64,高雄市,64000150,大樹區,840,64000150009,姑山里,120,15,9,E,KHH,NULL,NULL
高雄市大樹區大坑里,64,高雄市,64000150,大樹區,840,64000150010,大坑里,120,15,10,E,KHH,NULL,NULL
高雄市大樹區井腳里,64,高雄市,64000150,大樹區,840,64000150011,井腳里,120,15,11,E,KHH,NULL,NULL
高雄市大樹區小坪里,64,高雄市,64000150,大樹區,840,64000150012,小坪里,120,15,12,E,KHH,NULL,NULL
高雄市大樹區龍目里,64,高雄市,64000150,大樹區,840,64000150013,龍目里,120,15,13,E,KHH,NULL,NULL
高雄市大樹區大樹里,64,高雄市,64000150,大樹區,840,64000150014,大樹里,120,15,14,E,KHH,NULL,NULL
高雄市大樹區三和里,64,高雄市,64000150,大樹區,840,64000150015,三和里,120,15,15,E,KHH,NULL,NULL
高雄市大樹區溪埔里,64,高雄市,64000150,大樹區,840,64000150016,溪埔里,120,15,16,E,KHH,NULL,NULL
高雄市大樹區興田里,64,高雄市,64000150,大樹區,840,64000150017,興田里,120,15,17,E,KHH,NULL,NULL
高雄市大樹區統嶺里,64,高雄市,64000150,大樹區,840,64000150018,統嶺里,120,15,18,E,KHH,NULL,NULL
高雄市大社區嘉誠里,64,高雄市,64000160,大社區,815,64000160001,嘉誠里,120,16,1,E,KHH,NULL,NULL
高雄市大社區保社里,64,高雄市,64000160,大社區,815,64000160002,保社里,120,16,2,E,KHH,NULL,NULL
高雄市大社區大社里,64,高雄市,64000160,大社區,815,64000160003,大社里,120,16,3,E,KHH,NULL,NULL
高雄市大社區翠屏里,64,高雄市,64000160,大社區,815,64000160004,翠屏里,120,16,4,E,KHH,NULL,NULL
高雄市大社區三奶里,64,高雄市,64000160,大社區,815,64000160005,三奶里,120,16,5,E,KHH,NULL,NULL
高雄市大社區觀音里,64,高雄市,64000160,大社區,815,64000160006,觀音里,120,16,6,E,KHH,NULL,NULL
高雄市大社區神農里,64,高雄市,64000160,大社區,815,64000160007,神農里,120,16,7,E,KHH,NULL,NULL
高雄市大社區中里里,64,高雄市,64000160,大社區,815,64000160008,中里里,120,16,8,E,KHH,NULL,NULL
高雄市大社區保安里,64,高雄市,64000160,大社區,815,64000160009,保安里,120,16,9,E,KHH,NULL,NULL
高雄市仁武區大灣里,64,高雄市,64000170,仁武區,814,64000170001,大灣里,120,17,1,E,KHH,NULL,NULL
高雄市仁武區灣內里,64,高雄市,64000170,仁武區,814,64000170002,灣內里,120,17,2,E,KHH,NULL,NULL
高雄市仁武區考潭里,64,高雄市,64000170,仁武區,814,64000170003,考潭里,120,17,3,E,KHH,NULL,NULL
高雄市仁武區烏林里,64,高雄市,64000170,仁武區,814,64000170004,烏林里,120,17,4,E,KHH,NULL,NULL
高雄市仁武區仁福里,64,高雄市,64000170,仁武區,814,64000170005,仁福里,120,17,5,E,KHH,NULL,NULL
高雄市仁武區仁武里,64,高雄市,64000170,仁武區,814,64000170006,仁武里,120,17,6,E,KHH,NULL,NULL
高雄市仁武區文武里,64,高雄市,64000170,仁武區,814,64000170007,文武里,120,17,7,E,KHH,NULL,NULL
高雄市仁武區竹後里,64,高雄市,64000170,仁武區,814,64000170008,竹後里,120,17,8,E,KHH,NULL,NULL
高雄市仁武區八卦里,64,高雄市,64000170,仁武區,814,64000170009,八卦里,120,17,9,E,KHH,NULL,NULL
高雄市仁武區高楠里,64,高雄市,64000170,仁武區,814,64000170010,高楠里,120,17,10,E,KHH,NULL,NULL
高雄市仁武區後安里,64,高雄市,64000170,仁武區,814,64000170011,後安里,120,17,11,E,KHH,NULL,NULL
高雄市仁武區中華里,64,高雄市,64000170,仁武區,814,64000170012,中華里,120,17,12,E,KHH,NULL,NULL
高雄市仁武區五和里,64,高雄市,64000170,仁武區,814,64000170013,五和里,120,17,13,E,KHH,NULL,NULL
高雄市仁武區仁和里,64,高雄市,64000170,仁武區,814,64000170014,仁和里,120,17,14,E,KHH,NULL,NULL
高雄市仁武區赤山里,64,高雄市,64000170,仁武區,814,64000170015,赤山里,120,17,15,E,KHH,NULL,NULL
高雄市仁武區仁慈里,64,高雄市,64000170,仁武區,814,64000170016,仁慈里,120,17,16,E,KHH,NULL,NULL
高雄市鳥松區鳥松里,64,高雄市,64000180,鳥松區,833,64000180001,鳥松里,120,18,1,E,KHH,NULL,NULL
高雄市鳥松區夢裡里,64,高雄市,64000180,鳥松區,833,64000180002,夢裡里,120,18,2,E,KHH,NULL,NULL
高雄市鳥松區大華里,64,高雄市,64000180,鳥松區,833,64000180003,大華里,120,18,3,E,KHH,NULL,NULL
高雄市鳥松區坔埔里,64,高雄市,64000180,鳥松區,833,64000180004,坔埔里,120,18,4,E,KHH,NULL,NULL
高雄市鳥松區仁美里,64,高雄市,64000180,鳥松區,833,64000180005,仁美里,120,18,5,E,KHH,NULL,NULL
高雄市鳥松區大竹里,64,高雄市,64000180,鳥松區,833,64000180006,大竹里,120,18,6,E,KHH,NULL,NULL
高雄市鳥松區華美里,64,高雄市,64000180,鳥松區,833,64000180007,華美里,120,18,7,E,KHH,NULL,NULL
高雄市岡山區平安里,64,高雄市,64000190,岡山區,820,64000190001,平安里,120,19,1,E,KHH,NULL,NULL
高雄市岡山區岡山里,64,高雄市,64000190,岡山區,820,64000190002,岡山里,120,19,2,E,KHH,NULL,NULL
高雄市岡山區壽天里,64,高雄市,64000190,岡山區,820,64000190003,壽天里,120,19,3,E,KHH,NULL,NULL
高雄市岡山區維仁里,64,高雄市,64000190,岡山區,820,64000190004,維仁里,120,19,4,E,KHH,NULL,NULL
高雄市岡山區後紅里,64,高雄市,64000190,岡山區,820,64000190005,後紅里,120,19,5,E,KHH,NULL,NULL
高雄市岡山區大遼里,64,高雄市,64000190,岡山區,820,64000190006,大遼里,120,19,6,E,KHH,NULL,NULL
高雄市岡山區忠孝里,64,高雄市,64000190,岡山區,820,64000190007,忠孝里,120,19,7,E,KHH,NULL,NULL
高雄市岡山區和平里,64,高雄市,64000190,岡山區,820,64000190008,和平里,120,19,8,E,KHH,NULL,NULL
高雄市岡山區前峰里,64,高雄市,64000190,岡山區,820,64000190009,前峰里,120,19,9,E,KHH,NULL,NULL
高雄市岡山區劉厝里,64,高雄市,64000190,岡山區,820,64000190010,劉厝里,120,19,10,E,KHH,NULL,NULL
高雄市岡山區協和里,64,高雄市,64000190,岡山區,820,64000190011,協和里,120,19,11,E,KHH,NULL,NULL
高雄市岡山區後協里,64,高雄市,64000190,岡山區,820,64000190012,後協里,120,19,12,E,KHH,NULL,NULL
高雄市岡山區信義里,64,高雄市,64000190,岡山區,820,64000190013,信義里,120,19,13,E,KHH,NULL,NULL
高雄市岡山區潭底里,64,高雄市,64000190,岡山區,820,64000190014,潭底里,120,19,14,E,KHH,NULL,NULL
高雄市岡山區三和里,64,高雄市,64000190,岡山區,820,64000190015,三和里,120,19,15,E,KHH,NULL,NULL
高雄市岡山區仁壽里,64,高雄市,64000190,岡山區,820,64000190016,仁壽里,120,19,16,E,KHH,NULL,NULL
高雄市岡山區碧紅里,64,高雄市,64000190,岡山區,820,64000190017,碧紅里,120,19,17,E,KHH,NULL,NULL
高雄市岡山區程香里,64,高雄市,64000190,岡山區,820,64000190018,程香里,120,19,18,E,KHH,NULL,NULL
高雄市岡山區竹圍里,64,高雄市,64000190,岡山區,820,64000190019,竹圍里,120,19,19,E,KHH,NULL,NULL
高雄市岡山區台上里,64,高雄市,64000190,岡山區,820,64000190020,台上里,120,19,20,E,KHH,NULL,NULL
高雄市岡山區灣裡里,64,高雄市,64000190,岡山區,820,64000190021,灣裡里,120,19,21,E,KHH,NULL,NULL
高雄市岡山區白米里,64,高雄市,64000190,岡山區,820,64000190022,白米里,120,19,22,E,KHH,NULL,NULL
高雄市岡山區石潭里,64,高雄市,64000190,岡山區,820,64000190023,石潭里,120,19,23,E,KHH,NULL,NULL
高雄市岡山區福興里,64,高雄市,64000190,岡山區,820,64000190024,福興里,120,19,24,E,KHH,NULL,NULL
高雄市岡山區本洲里,64,高雄市,64000190,岡山區,820,64000190025,本洲里,120,19,25,E,KHH,NULL,NULL
高雄市岡山區嘉興里,64,高雄市,64000190,岡山區,820,64000190026,嘉興里,120,19,26,E,KHH,NULL,NULL
高雄市岡山區嘉峰里,64,高雄市,64000190,岡山區,820,64000190027,嘉峰里,120,19,27,E,KHH,NULL,NULL
高雄市岡山區華崗里,64,高雄市,64000190,岡山區,820,64000190028,華崗里,120,19,28,E,KHH,NULL,NULL
高雄市岡山區大莊里,64,高雄市,64000190,岡山區,820,64000190029,大莊里,120,19,29,E,KHH,NULL,NULL
高雄市岡山區協榮里,64,高雄市,64000190,岡山區,820,64000190030,協榮里,120,19,30,E,KHH,NULL,NULL
高雄市岡山區為隨里,64,高雄市,64000190,岡山區,820,64000190031,為隨里,120,19,31,E,KHH,NULL,NULL
高雄市岡山區壽峰里,64,高雄市,64000190,岡山區,820,64000190032,壽峰里,120,19,32,E,KHH,NULL,NULL
高雄市岡山區仁義里,64,高雄市,64000190,岡山區,820,64000190033,仁義里,120,19,33,E,KHH,NULL,NULL
高雄市橋頭區橋頭里,64,高雄市,64000200,橋頭區,825,64000200001,橋頭里,120,20,1,E,KHH,NULL,NULL
高雄市橋頭區橋南里,64,高雄市,64000200,橋頭區,825,64000200002,橋南里,120,20,2,E,KHH,NULL,NULL
高雄市橋頭區仕隆里,64,高雄市,64000200,橋頭區,825,64000200003,仕隆里,120,20,3,E,KHH,NULL,NULL
高雄市橋頭區仕豐里,64,高雄市,64000200,橋頭區,825,64000200004,仕豐里,120,20,4,E,KHH,NULL,NULL
高雄市橋頭區芋寮里,64,高雄市,64000200,橋頭區,825,64000200005,芋寮里,120,20,5,E,KHH,NULL,NULL
高雄市橋頭區東林里,64,高雄市,64000200,橋頭區,825,64000200006,東林里,120,20,6,E,KHH,NULL,NULL
高雄市橋頭區西林里,64,高雄市,64000200,橋頭區,825,64000200007,西林里,120,20,7,E,KHH,NULL,NULL
高雄市橋頭區白樹里,64,高雄市,64000200,橋頭區,825,64000200008,白樹里,120,20,8,E,KHH,NULL,NULL
高雄市橋頭區筆秀里,64,高雄市,64000200,橋頭區,825,64000200009,筆秀里,120,20,9,E,KHH,NULL,NULL
高雄市橋頭區新莊里,64,高雄市,64000200,橋頭區,825,64000200010,新莊里,120,20,10,E,KHH,NULL,NULL
高雄市橋頭區甲北里,64,高雄市,64000200,橋頭區,825,64000200011,甲北里,120,20,11,E,KHH,NULL,NULL
高雄市橋頭區甲南里,64,高雄市,64000200,橋頭區,825,64000200012,甲南里,120,20,12,E,KHH,NULL,NULL
高雄市橋頭區頂鹽里,64,高雄市,64000200,橋頭區,825,64000200013,頂鹽里,120,20,13,E,KHH,NULL,NULL
高雄市橋頭區中崎里,64,高雄市,64000200,橋頭區,825,64000200014,中崎里,120,20,14,E,KHH,NULL,NULL
高雄市橋頭區仕和里,64,高雄市,64000200,橋頭區,825,64000200015,仕和里,120,20,15,E,KHH,NULL,NULL
高雄市橋頭區德松里,64,高雄市,64000200,橋頭區,825,64000200016,德松里,120,20,16,E,KHH,NULL,NULL
高雄市橋頭區三德里,64,高雄市,64000200,橋頭區,825,64000200017,三德里,120,20,17,E,KHH,NULL,NULL
高雄市燕巢區尖山里,64,高雄市,64000210,燕巢區,824,64000210001,尖山里,120,21,1,E,KHH,NULL,NULL
高雄市燕巢區瓊林里,64,高雄市,64000210,燕巢區,824,64000210002,瓊林里,120,21,2,E,KHH,NULL,NULL
高雄市燕巢區安招里,64,高雄市,64000210,燕巢區,824,64000210003,安招里,120,21,3,E,KHH,NULL,NULL
高雄市燕巢區角宿里,64,高雄市,64000210,燕巢區,824,64000210004,角宿里,120,21,4,E,KHH,NULL,NULL
高雄市燕巢區鳳雄里,64,高雄市,64000210,燕巢區,824,64000210005,鳳雄里,120,21,5,E,KHH,NULL,NULL
高雄市燕巢區金山里,64,高雄市,64000210,燕巢區,824,64000210006,金山里,120,21,6,E,KHH,NULL,NULL
高雄市燕巢區東燕里,64,高雄市,64000210,燕巢區,824,64000210007,東燕里,120,21,7,E,KHH,NULL,NULL
高雄市燕巢區南燕里,64,高雄市,64000210,燕巢區,824,64000210008,南燕里,120,21,8,E,KHH,NULL,NULL
高雄市燕巢區西燕里,64,高雄市,64000210,燕巢區,824,64000210009,西燕里,120,21,9,E,KHH,NULL,NULL
高雄市燕巢區橫山里,64,高雄市,64000210,燕巢區,824,64000210010,橫山里,120,21,10,E,KHH,NULL,NULL
高雄市燕巢區深水里,64,高雄市,64000210,燕巢區,824,64000210011,深水里,120,21,11,E,KHH,NULL,NULL
高雄市田寮區鹿埔里,64,高雄市,64000220,田寮區,823,64000220001,鹿埔里,120,22,1,E,KHH,NULL,NULL
高雄市田寮區南安里,64,高雄市,64000220,田寮區,823,64000220002,南安里,120,22,2,E,KHH,NULL,NULL
高雄市田寮區大同里,64,高雄市,64000220,田寮區,823,64000220003,大同里,120,22,3,E,KHH,NULL,NULL
高雄市田寮區田寮里,64,高雄市,64000220,田寮區,823,64000220004,田寮里,120,22,4,E,KHH,NULL,NULL
高雄市田寮區七星里,64,高雄市,64000220,田寮區,823,64000220005,七星里,120,22,5,E,KHH,NULL,NULL
高雄市田寮區崇德里,64,高雄市,64000220,田寮區,823,64000220006,崇德里,120,22,6,E,KHH,NULL,NULL
高雄市田寮區西德里,64,高雄市,64000220,田寮區,823,64000220007,西德里,120,22,7,E,KHH,NULL,NULL
高雄市田寮區三和里,64,高雄市,64000220,田寮區,823,64000220008,三和里,120,22,8,E,KHH,NULL,NULL
高雄市田寮區古亭里,64,高雄市,64000220,田寮區,823,64000220009,古亭里,120,22,9,E,KHH,NULL,NULL
高雄市田寮區新興里,64,高雄市,64000220,田寮區,823,64000220010,新興里,120,22,10,E,KHH,NULL,NULL
高雄市阿蓮區石安里,64,高雄市,64000230,阿蓮區,822,64000230001,石安里,120,23,1,E,KHH,NULL,NULL
高雄市阿蓮區中路里,64,高雄市,64000230,阿蓮區,822,64000230002,中路里,120,23,2,E,KHH,NULL,NULL
高雄市阿蓮區峯山里,64,高雄市,64000230,阿蓮區,822,64000230003,峯山里,120,23,3,E,KHH,NULL,NULL
高雄市阿蓮區港後里,64,高雄市,64000230,阿蓮區,822,64000230004,港後里,120,23,4,E,KHH,NULL,NULL
高雄市阿蓮區崗山里,64,高雄市,64000230,阿蓮區,822,64000230005,崗山里,120,23,5,E,KHH,NULL,NULL
高雄市阿蓮區阿蓮里,64,高雄市,64000230,阿蓮區,822,64000230006,阿蓮里,120,23,6,E,KHH,NULL,NULL
高雄市阿蓮區清蓮里,64,高雄市,64000230,阿蓮區,822,64000230007,清蓮里,120,23,7,E,KHH,NULL,NULL
高雄市阿蓮區和蓮里,64,高雄市,64000230,阿蓮區,822,64000230008,和蓮里,120,23,8,E,KHH,NULL,NULL
高雄市阿蓮區青旗里,64,高雄市,64000230,阿蓮區,822,64000230009,青旗里,120,23,9,E,KHH,NULL,NULL
高雄市阿蓮區復安里,64,高雄市,64000230,阿蓮區,822,64000230010,復安里,120,23,10,E,KHH,NULL,NULL
高雄市阿蓮區玉庫里,64,高雄市,64000230,阿蓮區,822,64000230011,玉庫里,120,23,11,E,KHH,NULL,NULL
高雄市阿蓮區南蓮里,64,高雄市,64000230,阿蓮區,822,64000230012,南蓮里,120,23,12,E,KHH,NULL,NULL
高雄市路竹區竹滬里,64,高雄市,64000240,路竹區,821,64000240001,竹滬里,120,24,1,E,KHH,NULL,NULL
高雄市路竹區頂寮里,64,高雄市,64000240,路竹區,821,64000240002,頂寮里,120,24,2,E,KHH,NULL,NULL
高雄市路竹區新達里,64,高雄市,64000240,路竹區,821,64000240003,新達里,120,24,3,E,KHH,NULL,NULL
高雄市路竹區後鄉里,64,高雄市,64000240,路竹區,821,64000240004,後鄉里,120,24,4,E,KHH,NULL,NULL
高雄市路竹區北嶺里,64,高雄市,64000240,路竹區,821,64000240005,北嶺里,120,24,5,E,KHH,NULL,NULL
高雄市路竹區社西里,64,高雄市,64000240,路竹區,821,64000240006,社西里,120,24,6,E,KHH,NULL,NULL
高雄市路竹區甲北里,64,高雄市,64000240,路竹區,821,64000240007,甲北里,120,24,7,E,KHH,NULL,NULL
高雄市路竹區甲南里,64,高雄市,64000240,路竹區,821,64000240008,甲南里,120,24,8,E,KHH,NULL,NULL
高雄市路竹區下坑里,64,高雄市,64000240,路竹區,821,64000240009,下坑里,120,24,9,E,KHH,NULL,NULL
高雄市路竹區竹園里,64,高雄市,64000240,路竹區,821,64000240010,竹園里,120,24,10,E,KHH,NULL,NULL
高雄市路竹區竹東里,64,高雄市,64000240,路竹區,821,64000240011,竹東里,120,24,11,E,KHH,NULL,NULL
高雄市路竹區竹西里,64,高雄市,64000240,路竹區,821,64000240012,竹西里,120,24,12,E,KHH,NULL,NULL
高雄市路竹區文北里,64,高雄市,64000240,路竹區,821,64000240013,文北里,120,24,13,E,KHH,NULL,NULL
高雄市路竹區文南里,64,高雄市,64000240,路竹區,821,64000240014,文南里,120,24,14,E,KHH,NULL,NULL
高雄市路竹區三爺里,64,高雄市,64000240,路竹區,821,64000240015,三爺里,120,24,15,E,KHH,NULL,NULL
高雄市路竹區鴨寮里,64,高雄市,64000240,路竹區,821,64000240016,鴨寮里,120,24,16,E,KHH,NULL,NULL
高雄市路竹區社東里,64,高雄市,64000240,路竹區,821,64000240017,社東里,120,24,17,E,KHH,NULL,NULL
高雄市路竹區社中里,64,高雄市,64000240,路竹區,821,64000240018,社中里,120,24,18,E,KHH,NULL,NULL
高雄市路竹區竹南里,64,高雄市,64000240,路竹區,821,64000240019,竹南里,120,24,19,E,KHH,NULL,NULL
高雄市路竹區社南里,64,高雄市,64000240,路竹區,821,64000240020,社南里,120,24,20,E,KHH,NULL,NULL
高雄市湖內區海山里,64,高雄市,64000250,湖內區,829,64000250001,海山里,120,25,1,E,KHH,NULL,NULL
高雄市湖內區劉家里,64,高雄市,64000250,湖內區,829,64000250002,劉家里,120,25,2,E,KHH,NULL,NULL
高雄市湖內區太爺里,64,高雄市,64000250,湖內區,829,64000250003,太爺里,120,25,3,E,KHH,NULL,NULL
高雄市湖內區公舘里,64,高雄市,64000250,湖內區,829,64000250004,公舘里,120,25,4,E,KHH,NULL,NULL
高雄市湖內區葉厝里,64,高雄市,64000250,湖內區,829,64000250005,葉厝里,120,25,5,E,KHH,NULL,NULL
高雄市湖內區大湖里,64,高雄市,64000250,湖內區,829,64000250006,大湖里,120,25,6,E,KHH,NULL,NULL
高雄市湖內區田尾里,64,高雄市,64000250,湖內區,829,64000250007,田尾里,120,25,7,E,KHH,NULL,NULL
高雄市湖內區湖內里,64,高雄市,64000250,湖內區,829,64000250008,湖內里,120,25,8,E,KHH,NULL,NULL
高雄市湖內區海埔里,64,高雄市,64000250,湖內區,829,64000250009,海埔里,120,25,9,E,KHH,NULL,NULL
高雄市湖內區文賢里,64,高雄市,64000250,湖內區,829,64000250010,文賢里,120,25,10,E,KHH,NULL,NULL
高雄市湖內區中賢里,64,高雄市,64000250,湖內區,829,64000250011,中賢里,120,25,11,E,KHH,NULL,NULL
高雄市湖內區逸賢里,64,高雄市,64000250,湖內區,829,64000250012,逸賢里,120,25,12,E,KHH,NULL,NULL
高雄市湖內區忠興里,64,高雄市,64000250,湖內區,829,64000250013,忠興里,120,25,13,E,KHH,NULL,NULL
高雄市湖內區湖東里,64,高雄市,64000250,湖內區,829,64000250014,湖東里,120,25,14,E,KHH,NULL,NULL
高雄市茄萣區福德里,64,高雄市,64000260,茄萣區,852,64000260001,福德里,120,26,1,E,KHH,NULL,NULL
高雄市茄萣區萬福里,64,高雄市,64000260,茄萣區,852,64000260002,萬福里,120,26,2,E,KHH,NULL,NULL
高雄市茄萣區白雲里,64,高雄市,64000260,茄萣區,852,64000260003,白雲里,120,26,3,E,KHH,NULL,NULL
高雄市茄萣區嘉賜里,64,高雄市,64000260,茄萣區,852,64000260004,嘉賜里,120,26,4,E,KHH,NULL,NULL
高雄市茄萣區嘉安里,64,高雄市,64000260,茄萣區,852,64000260005,嘉安里,120,26,5,E,KHH,NULL,NULL
高雄市茄萣區嘉定里,64,高雄市,64000260,茄萣區,852,64000260006,嘉定里,120,26,6,E,KHH,NULL,NULL
高雄市茄萣區保定里,64,高雄市,64000260,茄萣區,852,64000260007,保定里,120,26,7,E,KHH,NULL,NULL
高雄市茄萣區光定里,64,高雄市,64000260,茄萣區,852,64000260008,光定里,120,26,8,E,KHH,NULL,NULL
高雄市茄萣區大定里,64,高雄市,64000260,茄萣區,852,64000260009,大定里,120,26,9,E,KHH,NULL,NULL
高雄市茄萣區吉定里,64,高雄市,64000260,茄萣區,852,64000260010,吉定里,120,26,10,E,KHH,NULL,NULL
高雄市茄萣區嘉樂里,64,高雄市,64000260,茄萣區,852,64000260011,嘉樂里,120,26,11,E,KHH,NULL,NULL
高雄市茄萣區嘉泰里,64,高雄市,64000260,茄萣區,852,64000260012,嘉泰里,120,26,12,E,KHH,NULL,NULL
高雄市茄萣區嘉福里,64,高雄市,64000260,茄萣區,852,64000260013,嘉福里,120,26,13,E,KHH,NULL,NULL
高雄市茄萣區和協里,64,高雄市,64000260,茄萣區,852,64000260014,和協里,120,26,14,E,KHH,NULL,NULL
高雄市茄萣區崎漏里,64,高雄市,64000260,茄萣區,852,64000260015,崎漏里,120,26,15,E,KHH,NULL,NULL
高雄市永安區永安里,64,高雄市,64000270,永安區,828,64000270001,永安里,120,27,1,E,KHH,NULL,NULL
高雄市永安區永華里,64,高雄市,64000270,永安區,828,64000270002,永華里,120,27,2,E,KHH,NULL,NULL
高雄市永安區新港里,64,高雄市,64000270,永安區,828,64000270003,新港里,120,27,3,E,KHH,NULL,NULL
高雄市永安區鹽田里,64,高雄市,64000270,永安區,828,64000270004,鹽田里,120,27,4,E,KHH,NULL,NULL
高雄市永安區保寧里,64,高雄市,64000270,永安區,828,64000270005,保寧里,120,27,5,E,KHH,NULL,NULL
高雄市永安區維新里,64,高雄市,64000270,永安區,828,64000270006,維新里,120,27,6,E,KHH,NULL,NULL
高雄市彌陀區光和里,64,高雄市,64000280,彌陀區,827,64000280001,光和里,120,28,1,E,KHH,NULL,NULL
高雄市彌陀區彌靖里,64,高雄市,64000280,彌陀區,827,64000280002,彌靖里,120,28,2,E,KHH,NULL,NULL
高雄市彌陀區彌仁里,64,高雄市,64000280,彌陀區,827,64000280003,彌仁里,120,28,3,E,KHH,NULL,NULL
高雄市彌陀區彌壽里,64,高雄市,64000280,彌陀區,827,64000280004,彌壽里,120,28,4,E,KHH,NULL,NULL
高雄市彌陀區彌陀里,64,高雄市,64000280,彌陀區,827,64000280005,彌陀里,120,28,5,E,KHH,NULL,NULL
高雄市彌陀區舊港里,64,高雄市,64000280,彌陀區,827,64000280006,舊港里,120,28,6,E,KHH,NULL,NULL
高雄市彌陀區文安里,64,高雄市,64000280,彌陀區,827,64000280007,文安里,120,28,7,E,KHH,NULL,NULL
高雄市彌陀區鹽埕里,64,高雄市,64000280,彌陀區,827,64000280008,鹽埕里,120,28,8,E,KHH,NULL,NULL
高雄市彌陀區過港里,64,高雄市,64000280,彌陀區,827,64000280009,過港里,120,28,9,E,KHH,NULL,NULL
高雄市彌陀區海尾里,64,高雄市,64000280,彌陀區,827,64000280010,海尾里,120,28,10,E,KHH,NULL,NULL
高雄市彌陀區漯底里,64,高雄市,64000280,彌陀區,827,64000280011,漯底里,120,28,11,E,KHH,NULL,NULL
高雄市彌陀區南寮里,64,高雄市,64000280,彌陀區,827,64000280012,南寮里,120,28,12,E,KHH,NULL,NULL
高雄市梓官區梓信里,64,高雄市,64000290,梓官區,826,64000290001,梓信里,120,29,1,E,KHH,NULL,NULL
高雄市梓官區梓義里,64,高雄市,64000290,梓官區,826,64000290002,梓義里,120,29,2,E,KHH,NULL,NULL
高雄市梓官區梓和里,64,高雄市,64000290,梓官區,826,64000290003,梓和里,120,29,3,E,KHH,NULL,NULL
高雄市梓官區梓平里,64,高雄市,64000290,梓官區,826,64000290004,梓平里,120,29,4,E,KHH,NULL,NULL
高雄市梓官區中崙里,64,高雄市,64000290,梓官區,826,64000290005,中崙里,120,29,5,E,KHH,NULL,NULL
高雄市梓官區赤崁里,64,高雄市,64000290,梓官區,826,64000290006,赤崁里,120,29,6,E,KHH,NULL,NULL
高雄市梓官區禮蚵里,64,高雄市,64000290,梓官區,826,64000290007,禮蚵里,120,29,7,E,KHH,NULL,NULL
高雄市梓官區智蚵里,64,高雄市,64000290,梓官區,826,64000290008,智蚵里,120,29,8,E,KHH,NULL,NULL
高雄市梓官區信蚵里,64,高雄市,64000290,梓官區,826,64000290009,信蚵里,120,29,9,E,KHH,NULL,NULL
高雄市梓官區同安里,64,高雄市,64000290,梓官區,826,64000290010,同安里,120,29,10,E,KHH,NULL,NULL
高雄市梓官區大舍里,64,高雄市,64000290,梓官區,826,64000290011,大舍里,120,29,11,E,KHH,NULL,NULL
高雄市梓官區赤東里,64,高雄市,64000290,梓官區,826,64000290012,赤東里,120,29,12,E,KHH,NULL,NULL
高雄市梓官區赤西里,64,高雄市,64000290,梓官區,826,64000290013,赤西里,120,29,13,E,KHH,NULL,NULL
高雄市梓官區茄苳里,64,高雄市,64000290,梓官區,826,64000290014,茄苳里,120,29,14,E,KHH,NULL,NULL
高雄市梓官區典寶里,64,高雄市,64000290,梓官區,826,64000290015,典寶里,120,29,15,E,KHH,NULL,NULL
高雄市旗山區太平里,64,高雄市,64000300,旗山區,842,64000300001,太平里,120,30,1,E,KHH,NULL,NULL
高雄市旗山區大德里,64,高雄市,64000300,旗山區,842,64000300002,大德里,120,30,2,E,KHH,NULL,NULL
高雄市旗山區湄洲里,64,高雄市,64000300,旗山區,842,64000300003,湄洲里,120,30,3,E,KHH,NULL,NULL
高雄市旗山區圓富里,64,高雄市,64000300,旗山區,842,64000300004,圓富里,120,30,4,E,KHH,NULL,NULL
高雄市旗山區中正里,64,高雄市,64000300,旗山區,842,64000300005,中正里,120,30,5,E,KHH,NULL,NULL
高雄市旗山區大林里,64,高雄市,64000300,旗山區,842,64000300006,大林里,120,30,6,E,KHH,NULL,NULL
高雄市旗山區上洲里,64,高雄市,64000300,旗山區,842,64000300007,上洲里,120,30,7,E,KHH,NULL,NULL
高雄市旗山區新光里,64,高雄市,64000300,旗山區,842,64000300008,新光里,120,30,8,E,KHH,NULL,NULL
高雄市旗山區南勝里,64,高雄市,64000300,旗山區,842,64000300009,南勝里,120,30,9,E,KHH,NULL,NULL
高雄市旗山區中寮里,64,高雄市,64000300,旗山區,842,64000300010,中寮里,120,30,10,E,KHH,NULL,NULL
高雄市旗山區東平里,64,高雄市,64000300,旗山區,842,64000300011,東平里,120,30,11,E,KHH,NULL,NULL
高雄市旗山區東昌里,64,高雄市,64000300,旗山區,842,64000300012,東昌里,120,30,12,E,KHH,NULL,NULL
高雄市旗山區竹峰里,64,高雄市,64000300,旗山區,842,64000300013,竹峰里,120,30,13,E,KHH,NULL,NULL
高雄市旗山區瑞吉里,64,高雄市,64000300,旗山區,842,64000300014,瑞吉里,120,30,14,E,KHH,NULL,NULL
高雄市旗山區永和里,64,高雄市,64000300,旗山區,842,64000300015,永和里,120,30,15,E,KHH,NULL,NULL
高雄市旗山區三協里,64,高雄市,64000300,旗山區,842,64000300016,三協里,120,30,16,E,KHH,NULL,NULL
高雄市旗山區鯤洲里,64,高雄市,64000300,旗山區,842,64000300017,鯤洲里,120,30,17,E,KHH,NULL,NULL
高雄市旗山區大山里,64,高雄市,64000300,旗山區,842,64000300018,大山里,120,30,18,E,KHH,NULL,NULL
高雄市旗山區中洲里,64,高雄市,64000300,旗山區,842,64000300019,中洲里,120,30,19,E,KHH,NULL,NULL
高雄市旗山區南洲里,64,高雄市,64000300,旗山區,842,64000300020,南洲里,120,30,20,E,KHH,NULL,NULL
高雄市旗山區廣福里,64,高雄市,64000300,旗山區,842,64000300021,廣福里,120,30,21,E,KHH,NULL,NULL
高雄市美濃區福安里,64,高雄市,64000310,美濃區,843,64000310001,福安里,120,31,1,E,KHH,NULL,NULL
高雄市美濃區合和里,64,高雄市,64000310,美濃區,843,64000310002,合和里,120,31,2,E,KHH,NULL,NULL
高雄市美濃區祿興里,64,高雄市,64000310,美濃區,843,64000310003,祿興里,120,31,3,E,KHH,NULL,NULL
高雄市美濃區中壇里,64,高雄市,64000310,美濃區,843,64000310004,中壇里,120,31,4,E,KHH,NULL,NULL
高雄市美濃區德興里,64,高雄市,64000310,美濃區,843,64000310005,德興里,120,31,5,E,KHH,NULL,NULL
高雄市美濃區龍山里,64,高雄市,64000310,美濃區,843,64000310006,龍山里,120,31,6,E,KHH,NULL,NULL
高雄市美濃區獅山里,64,高雄市,64000310,美濃區,843,64000310007,獅山里,120,31,7,E,KHH,NULL,NULL
高雄市美濃區龍肚里,64,高雄市,64000310,美濃區,843,64000310008,龍肚里,120,31,8,E,KHH,NULL,NULL
高雄市美濃區廣德里,64,高雄市,64000310,美濃區,843,64000310009,廣德里,120,31,9,E,KHH,NULL,NULL
高雄市美濃區興隆里,64,高雄市,64000310,美濃區,843,64000310010,興隆里,120,31,10,E,KHH,NULL,NULL
高雄市美濃區中圳里,64,高雄市,64000310,美濃區,843,64000310011,中圳里,120,31,11,E,KHH,NULL,NULL
高雄市美濃區東門里,64,高雄市,64000310,美濃區,843,64000310012,東門里,120,31,12,E,KHH,NULL,NULL
高雄市美濃區泰安里,64,高雄市,64000310,美濃區,843,64000310013,泰安里,120,31,13,E,KHH,NULL,NULL
高雄市美濃區瀰濃里,64,高雄市,64000310,美濃區,843,64000310014,瀰濃里,120,31,14,E,KHH,NULL,NULL
高雄市美濃區清水里,64,高雄市,64000310,美濃區,843,64000310015,清水里,120,31,15,E,KHH,NULL,NULL
高雄市美濃區吉洋里,64,高雄市,64000310,美濃區,843,64000310016,吉洋里,120,31,16,E,KHH,NULL,NULL
高雄市美濃區吉和里,64,高雄市,64000310,美濃區,843,64000310017,吉和里,120,31,17,E,KHH,NULL,NULL
高雄市美濃區吉東里,64,高雄市,64000310,美濃區,843,64000310018,吉東里,120,31,18,E,KHH,NULL,NULL
高雄市美濃區廣林里,64,高雄市,64000310,美濃區,843,64000310019,廣林里,120,31,19,E,KHH,NULL,NULL
高雄市六龜區新威里,64,高雄市,64000320,六龜區,844,64000320001,新威里,120,32,1,E,KHH,NULL,NULL
高雄市六龜區新興里,64,高雄市,64000320,六龜區,844,64000320002,新興里,120,32,2,E,KHH,NULL,NULL
高雄市六龜區新寮里,64,高雄市,64000320,六龜區,844,64000320003,新寮里,120,32,3,E,KHH,NULL,NULL
高雄市六龜區新發里,64,高雄市,64000320,六龜區,844,64000320004,新發里,120,32,4,E,KHH,NULL,NULL
高雄市六龜區荖濃里,64,高雄市,64000320,六龜區,844,64000320005,荖濃里,120,32,5,E,KHH,NULL,NULL
高雄市六龜區六龜里,64,高雄市,64000320,六龜區,844,64000320006,六龜里,120,32,6,E,KHH,NULL,NULL
高雄市六龜區義寶里,64,高雄市,64000320,六龜區,844,64000320007,義寶里,120,32,7,E,KHH,NULL,NULL
高雄市六龜區興龍里,64,高雄市,64000320,六龜區,844,64000320008,興龍里,120,32,8,E,KHH,NULL,NULL
高雄市六龜區中興里,64,高雄市,64000320,六龜區,844,64000320009,中興里,120,32,9,E,KHH,NULL,NULL
高雄市六龜區寶來里,64,高雄市,64000320,六龜區,844,64000320010,寶來里,120,32,10,E,KHH,NULL,NULL
高雄市六龜區文武里,64,高雄市,64000320,六龜區,844,64000320011,文武里,120,32,11,E,KHH,NULL,NULL
高雄市六龜區大津里,64,高雄市,64000320,六龜區,844,64000320012,大津里,120,32,12,E,KHH,NULL,NULL
高雄市甲仙區東安里,64,高雄市,64000330,甲仙區,847,64000330001,東安里,120,33,1,E,KHH,NULL,NULL
高雄市甲仙區西安里,64,高雄市,64000330,甲仙區,847,64000330002,西安里,120,33,2,E,KHH,NULL,NULL
高雄市甲仙區和安里,64,高雄市,64000330,甲仙區,847,64000330003,和安里,120,33,3,E,KHH,NULL,NULL
高雄市甲仙區大田里,64,高雄市,64000330,甲仙區,847,64000330004,大田里,120,33,4,E,KHH,NULL,NULL
高雄市甲仙區寶隆里,64,高雄市,64000330,甲仙區,847,64000330005,寶隆里,120,33,5,E,KHH,NULL,NULL
高雄市甲仙區關山里,64,高雄市,64000330,甲仙區,847,64000330006,關山里,120,33,6,E,KHH,NULL,NULL
高雄市甲仙區小林里,64,高雄市,64000330,甲仙區,847,64000330007,小林里,120,33,7,E,KHH,NULL,NULL
高雄市杉林區杉林里,64,高雄市,64000340,杉林區,846,64000340001,杉林里,120,34,1,E,KHH,NULL,NULL
高雄市杉林區木梓里,64,高雄市,64000340,杉林區,846,64000340002,木梓里,120,34,2,E,KHH,NULL,NULL
高雄市杉林區集來里,64,高雄市,64000340,杉林區,846,64000340003,集來里,120,34,3,E,KHH,NULL,NULL
高雄市杉林區新庄里,64,高雄市,64000340,杉林區,846,64000340004,新庄里,120,34,4,E,KHH,NULL,NULL
高雄市杉林區上平里,64,高雄市,64000340,杉林區,846,64000340005,上平里,120,34,5,E,KHH,NULL,NULL
高雄市杉林區月眉里,64,高雄市,64000340,杉林區,846,64000340006,月眉里,120,34,6,E,KHH,NULL,NULL
高雄市杉林區月美里,64,高雄市,64000340,杉林區,846,64000340007,月美里,120,34,7,E,KHH,NULL,NULL
高雄市杉林區大愛里,64,高雄市,64000340,杉林區,846,64000340008,大愛里,120,34,8,E,KHH,NULL,NULL
高雄市內門區溝坪里,64,高雄市,64000350,內門區,845,64000350001,溝坪里,120,35,1,E,KHH,NULL,NULL
高雄市內門區金竹里,64,高雄市,64000350,內門區,845,64000350002,金竹里,120,35,2,E,KHH,NULL,NULL
高雄市內門區永富里,64,高雄市,64000350,內門區,845,64000350003,永富里,120,35,3,E,KHH,NULL,NULL
高雄市內門區永吉里,64,高雄市,64000350,內門區,845,64000350004,永吉里,120,35,4,E,KHH,NULL,NULL
高雄市內門區永興里,64,高雄市,64000350,內門區,845,64000350005,永興里,120,35,5,E,KHH,NULL,NULL
高雄市內門區石坑里,64,高雄市,64000350,內門區,845,64000350006,石坑里,120,35,6,E,KHH,NULL,NULL
高雄市內門區內門里,64,高雄市,64000350,內門區,845,64000350007,內門里,120,35,7,E,KHH,NULL,NULL
高雄市內門區內豊里,64,高雄市,64000350,內門區,845,64000350008,內豊里,120,35,8,E,KHH,NULL,NULL
高雄市內門區觀亭里,64,高雄市,64000350,內門區,845,64000350009,觀亭里,120,35,9,E,KHH,NULL,NULL
高雄市內門區中埔里,64,高雄市,64000350,內門區,845,64000350010,中埔里,120,35,10,E,KHH,NULL,NULL
高雄市內門區內東里,64,高雄市,64000350,內門區,845,64000350011,內東里,120,35,11,E,KHH,NULL,NULL
高雄市內門區內南里,64,高雄市,64000350,內門區,845,64000350012,內南里,120,35,12,E,KHH,NULL,NULL
高雄市內門區東埔里,64,高雄市,64000350,內門區,845,64000350013,東埔里,120,35,13,E,KHH,NULL,NULL
高雄市內門區三平里,64,高雄市,64000350,內門區,845,64000350014,三平里,120,35,14,E,KHH,NULL,NULL
高雄市內門區木柵里,64,高雄市,64000350,內門區,845,64000350015,木柵里,120,35,15,E,KHH,NULL,NULL
高雄市內門區內興里,64,高雄市,64000350,內門區,845,64000350016,內興里,120,35,16,E,KHH,NULL,NULL
高雄市內門區瑞山里,64,高雄市,64000350,內門區,845,64000350017,瑞山里,120,35,17,E,KHH,NULL,NULL
高雄市內門區光興里,64,高雄市,64000350,內門區,845,64000350018,光興里,120,35,18,E,KHH,NULL,NULL
高雄市茂林區茂林里,64,高雄市,64000360,茂林區,851,64000360001,茂林里,120,36,1,E,KHH,NULL,NULL
高雄市茂林區萬山里,64,高雄市,64000360,茂林區,851,64000360002,萬山里,120,36,2,E,KHH,NULL,NULL
高雄市茂林區多納里,64,高雄市,64000360,茂林區,851,64000360003,多納里,120,36,3,E,KHH,NULL,NULL
高雄市桃源區桃源里,64,高雄市,64000370,桃源區,848,64000370001,桃源里,120,37,1,E,KHH,NULL,NULL
高雄市桃源區寶山里,64,高雄市,64000370,桃源區,848,64000370002,寶山里,120,37,2,E,KHH,NULL,NULL
高雄市桃源區建山里,64,高雄市,64000370,桃源區,848,64000370003,建山里,120,37,3,E,KHH,NULL,NULL
高雄市桃源區高中里,64,高雄市,64000370,桃源區,848,64000370004,高中里,120,37,4,E,KHH,NULL,NULL
高雄市桃源區勤和里,64,高雄市,64000370,桃源區,848,64000370005,勤和里,120,37,5,E,KHH,NULL,NULL
高雄市桃源區復興里,64,高雄市,64000370,桃源區,848,64000370006,復興里,120,37,6,E,KHH,NULL,NULL
高雄市桃源區拉芙蘭里,64,高雄市,64000370,桃源區,848,64000370007,拉芙蘭里,120,37,7,E,KHH,NULL,NULL
高雄市桃源區梅山里,64,高雄市,64000370,桃源區,848,64000370008,梅山里,120,37,8,E,KHH,NULL,NULL
高雄市那瑪夏區達卡努瓦里,64,高雄市,64000380,那瑪夏區,849,64000380001,達卡努瓦里,120,38,1,E,KHH,NULL,NULL
高雄市那瑪夏區瑪雅里,64,高雄市,64000380,那瑪夏區,849,64000380002,瑪雅里,120,38,2,E,KHH,NULL,NULL
高雄市那瑪夏區南沙魯里,64,高雄市,64000380,那瑪夏區,849,64000380003,南沙魯里,120,38,3,E,KHH,NULL,NULL
新北市板橋區留侯里,65,新北市,65000010,板橋區,220,65000010001,留侯里,130,1,1,F,NWT,NULL,NULL
新北市板橋區流芳里,65,新北市,65000010,板橋區,220,65000010002,流芳里,130,1,2,F,NWT,NULL,NULL
新北市板橋區赤松里,65,新北市,65000010,板橋區,220,65000010003,赤松里,130,1,3,F,NWT,NULL,NULL
新北市板橋區黃石里,65,新北市,65000010,板橋區,220,65000010004,黃石里,130,1,4,F,NWT,NULL,NULL
新北市板橋區挹秀里,65,新北市,65000010,板橋區,220,65000010005,挹秀里,130,1,5,F,NWT,NULL,NULL
新北市板橋區湳興里,65,新北市,65000010,板橋區,220,65000010006,湳興里,130,1,6,F,NWT,NULL,NULL
新北市板橋區新興里,65,新北市,65000010,板橋區,220,65000010007,新興里,130,1,7,F,NWT,NULL,NULL
新北市板橋區社後里,65,新北市,65000010,板橋區,220,65000010008,社後里,130,1,8,F,NWT,NULL,NULL
新北市板橋區香社里,65,新北市,65000010,板橋區,220,65000010009,香社里,130,1,9,F,NWT,NULL,NULL
新北市板橋區中正里,65,新北市,65000010,板橋區,220,65000010010,中正里,130,1,10,F,NWT,NULL,NULL
新北市板橋區自強里,65,新北市,65000010,板橋區,220,65000010011,自強里,130,1,11,F,NWT,NULL,NULL
新北市板橋區自立里,65,新北市,65000010,板橋區,220,65000010012,自立里,130,1,12,F,NWT,NULL,NULL
新北市板橋區光華里,65,新北市,65000010,板橋區,220,65000010013,光華里,130,1,13,F,NWT,NULL,NULL
新北市板橋區國光里,65,新北市,65000010,板橋區,220,65000010014,國光里,130,1,14,F,NWT,NULL,NULL
新北市板橋區港尾里,65,新北市,65000010,板橋區,220,65000010015,港尾里,130,1,15,F,NWT,NULL,NULL
新北市板橋區金華里,65,新北市,65000010,板橋區,220,65000010016,金華里,130,1,16,F,NWT,NULL,NULL
新北市板橋區港德里,65,新北市,65000010,板橋區,220,65000010017,港德里,130,1,17,F,NWT,NULL,NULL
新北市板橋區民權里,65,新北市,65000010,板橋區,220,65000010018,民權里,130,1,18,F,NWT,NULL,NULL
新北市板橋區建國里,65,新北市,65000010,板橋區,220,65000010019,建國里,130,1,19,F,NWT,NULL,NULL
新北市板橋區漢生里,65,新北市,65000010,板橋區,220,65000010020,漢生里,130,1,20,F,NWT,NULL,NULL
新北市板橋區公舘里,65,新北市,65000010,板橋區,220,65000010021,公舘里,130,1,21,F,NWT,NULL,NULL
新北市板橋區新民里,65,新北市,65000010,板橋區,220,65000010022,新民里,130,1,22,F,NWT,NULL,NULL
新北市板橋區幸福里,65,新北市,65000010,板橋區,220,65000010023,幸福里,130,1,23,F,NWT,NULL,NULL
新北市板橋區忠誠里,65,新北市,65000010,板橋區,220,65000010024,忠誠里,130,1,24,F,NWT,NULL,NULL
新北市板橋區百壽里,65,新北市,65000010,板橋區,220,65000010025,百壽里,130,1,25,F,NWT,NULL,NULL
新北市板橋區介壽里,65,新北市,65000010,板橋區,220,65000010026,介壽里,130,1,26,F,NWT,NULL,NULL
新北市板橋區新埔里,65,新北市,65000010,板橋區,220,65000010027,新埔里,130,1,27,F,NWT,NULL,NULL
新北市板橋區華江里,65,新北市,65000010,板橋區,220,65000010028,華江里,130,1,28,F,NWT,NULL,NULL
新北市板橋區江翠里,65,新北市,65000010,板橋區,220,65000010029,江翠里,130,1,29,F,NWT,NULL,NULL
新北市板橋區純翠里,65,新北市,65000010,板橋區,220,65000010030,純翠里,130,1,30,F,NWT,NULL,NULL
新北市板橋區溪頭里,65,新北市,65000010,板橋區,220,65000010031,溪頭里,130,1,31,F,NWT,NULL,NULL
新北市板橋區聯翠里,65,新北市,65000010,板橋區,220,65000010032,聯翠里,130,1,32,F,NWT,NULL,NULL
新北市板橋區宏翠里,65,新北市,65000010,板橋區,220,65000010033,宏翠里,130,1,33,F,NWT,NULL,NULL
新北市板橋區仁翠里,65,新北市,65000010,板橋區,220,65000010034,仁翠里,130,1,34,F,NWT,NULL,NULL
新北市板橋區新翠里,65,新北市,65000010,板橋區,220,65000010035,新翠里,130,1,35,F,NWT,NULL,NULL
新北市板橋區吉翠里,65,新北市,65000010,板橋區,220,65000010036,吉翠里,130,1,36,F,NWT,NULL,NULL
新北市板橋區德翠里,65,新北市,65000010,板橋區,220,65000010037,德翠里,130,1,37,F,NWT,NULL,NULL
新北市板橋區滿翠里,65,新北市,65000010,板橋區,220,65000010038,滿翠里,130,1,38,F,NWT,NULL,NULL
新北市板橋區明翠里,65,新北市,65000010,板橋區,220,65000010039,明翠里,130,1,39,F,NWT,NULL,NULL
新北市板橋區松翠里,65,新北市,65000010,板橋區,220,65000010040,松翠里,130,1,40,F,NWT,NULL,NULL
新北市板橋區柏翠里,65,新北市,65000010,板橋區,220,65000010041,柏翠里,130,1,41,F,NWT,NULL,NULL
新北市板橋區龍翠里,65,新北市,65000010,板橋區,220,65000010042,龍翠里,130,1,42,F,NWT,NULL,NULL
新北市板橋區華翠里,65,新北市,65000010,板橋區,220,65000010043,華翠里,130,1,43,F,NWT,NULL,NULL
新北市板橋區忠翠里,65,新北市,65000010,板橋區,220,65000010044,忠翠里,130,1,44,F,NWT,NULL,NULL
新北市板橋區嵐翠里,65,新北市,65000010,板橋區,220,65000010045,嵐翠里,130,1,45,F,NWT,NULL,NULL
新北市板橋區文翠里,65,新北市,65000010,板橋區,220,65000010046,文翠里,130,1,46,F,NWT,NULL,NULL
新北市板橋區青翠里,65,新北市,65000010,板橋區,220,65000010047,青翠里,130,1,47,F,NWT,NULL,NULL
新北市板橋區懷翠里,65,新北市,65000010,板橋區,220,65000010048,懷翠里,130,1,48,F,NWT,NULL,NULL
新北市板橋區福翠里,65,新北市,65000010,板橋區,220,65000010049,福翠里,130,1,49,F,NWT,NULL,NULL
新北市板橋區港嘴里,65,新北市,65000010,板橋區,220,65000010050,港嘴里,130,1,50,F,NWT,NULL,NULL
新北市板橋區振興里,65,新北市,65000010,板橋區,220,65000010051,振興里,130,1,51,F,NWT,NULL,NULL
新北市板橋區振義里,65,新北市,65000010,板橋區,220,65000010052,振義里,130,1,52,F,NWT,NULL,NULL
新北市板橋區光復里,65,新北市,65000010,板橋區,220,65000010053,光復里,130,1,53,F,NWT,NULL,NULL
新北市板橋區埔墘里,65,新北市,65000010,板橋區,220,65000010054,埔墘里,130,1,54,F,NWT,NULL,NULL
新北市板橋區長壽里,65,新北市,65000010,板橋區,220,65000010055,長壽里,130,1,55,F,NWT,NULL,NULL
新北市板橋區福壽里,65,新北市,65000010,板橋區,220,65000010056,福壽里,130,1,56,F,NWT,NULL,NULL
新北市板橋區海山里,65,新北市,65000010,板橋區,220,65000010057,海山里,130,1,57,F,NWT,NULL,NULL
新北市板橋區九如里,65,新北市,65000010,板橋區,220,65000010058,九如里,130,1,58,F,NWT,NULL,NULL
新北市板橋區玉光里,65,新北市,65000010,板橋區,220,65000010059,玉光里,130,1,59,F,NWT,NULL,NULL
新北市板橋區光仁里,65,新北市,65000010,板橋區,220,65000010060,光仁里,130,1,60,F,NWT,NULL,NULL
新北市板橋區埤墘里,65,新北市,65000010,板橋區,220,65000010061,埤墘里,130,1,61,F,NWT,NULL,NULL
新北市板橋區永安里,65,新北市,65000010,板橋區,220,65000010062,永安里,130,1,62,F,NWT,NULL,NULL
新北市板橋區雙玉里,65,新北市,65000010,板橋區,220,65000010063,雙玉里,130,1,63,F,NWT,NULL,NULL
新北市板橋區廣新里,65,新北市,65000010,板橋區,220,65000010064,廣新里,130,1,64,F,NWT,NULL,NULL
新北市板橋區深丘里,65,新北市,65000010,板橋區,220,65000010065,深丘里,130,1,65,F,NWT,NULL,NULL
新北市板橋區香丘里,65,新北市,65000010,板橋區,220,65000010066,香丘里,130,1,66,F,NWT,NULL,NULL
新北市板橋區西安里,65,新北市,65000010,板橋區,220,65000010067,西安里,130,1,67,F,NWT,NULL,NULL
新北市板橋區東丘里,65,新北市,65000010,板橋區,220,65000010068,東丘里,130,1,68,F,NWT,NULL,NULL
新北市板橋區長安里,65,新北市,65000010,板橋區,220,65000010069,長安里,130,1,69,F,NWT,NULL,NULL
新北市板橋區福丘里,65,新北市,65000010,板橋區,220,65000010070,福丘里,130,1,70,F,NWT,NULL,NULL
新北市板橋區福祿里,65,新北市,65000010,板橋區,220,65000010071,福祿里,130,1,71,F,NWT,NULL,NULL
新北市板橋區民族里,65,新北市,65000010,板橋區,220,65000010072,民族里,130,1,72,F,NWT,NULL,NULL
新北市板橋區國泰里,65,新北市,65000010,板橋區,220,65000010073,國泰里,130,1,73,F,NWT,NULL,NULL
新北市板橋區福德里,65,新北市,65000010,板橋區,220,65000010074,福德里,130,1,74,F,NWT,NULL,NULL
新北市板橋區景星里,65,新北市,65000010,板橋區,220,65000010075,景星里,130,1,75,F,NWT,NULL,NULL
新北市板橋區福星里,65,新北市,65000010,板橋區,220,65000010076,福星里,130,1,76,F,NWT,NULL,NULL
新北市板橋區鄉雲里,65,新北市,65000010,板橋區,220,65000010077,鄉雲里,130,1,77,F,NWT,NULL,NULL
新北市板橋區廣德里,65,新北市,65000010,板橋區,220,65000010078,廣德里,130,1,78,F,NWT,NULL,NULL
新北市板橋區大豐里,65,新北市,65000010,板橋區,220,65000010079,大豐里,130,1,79,F,NWT,NULL,NULL
新北市板橋區重慶里,65,新北市,65000010,板橋區,220,65000010080,重慶里,130,1,80,F,NWT,NULL,NULL
新北市板橋區仁愛里,65,新北市,65000010,板橋區,220,65000010081,仁愛里,130,1,81,F,NWT,NULL,NULL
新北市板橋區和平里,65,新北市,65000010,板橋區,220,65000010082,和平里,130,1,82,F,NWT,NULL,NULL
新北市板橋區廣福里,65,新北市,65000010,板橋區,220,65000010083,廣福里,130,1,83,F,NWT,NULL,NULL
新北市板橋區華興里,65,新北市,65000010,板橋區,220,65000010084,華興里,130,1,84,F,NWT,NULL,NULL
新北市板橋區華貴里,65,新北市,65000010,板橋區,220,65000010085,華貴里,130,1,85,F,NWT,NULL,NULL
新北市板橋區華德里,65,新北市,65000010,板橋區,220,65000010086,華德里,130,1,86,F,NWT,NULL,NULL
新北市板橋區華東里,65,新北市,65000010,板橋區,220,65000010087,華東里,130,1,87,F,NWT,NULL,NULL
新北市板橋區信義里,65,新北市,65000010,板橋區,220,65000010088,信義里,130,1,88,F,NWT,NULL,NULL
新北市板橋區浮洲里,65,新北市,65000010,板橋區,220,65000010089,浮洲里,130,1,89,F,NWT,NULL,NULL
新北市板橋區華中里,65,新北市,65000010,板橋區,220,65000010090,華中里,130,1,90,F,NWT,NULL,NULL
新北市板橋區僑中里,65,新北市,65000010,板橋區,220,65000010091,僑中里,130,1,91,F,NWT,NULL,NULL
新北市板橋區中山里,65,新北市,65000010,板橋區,220,65000010092,中山里,130,1,92,F,NWT,NULL,NULL
新北市板橋區復興里,65,新北市,65000010,板橋區,220,65000010093,復興里,130,1,93,F,NWT,NULL,NULL
新北市板橋區大安里,65,新北市,65000010,板橋區,220,65000010094,大安里,130,1,94,F,NWT,NULL,NULL
新北市板橋區福安里,65,新北市,65000010,板橋區,220,65000010095,福安里,130,1,95,F,NWT,NULL,NULL
新北市板橋區聚安里,65,新北市,65000010,板橋區,220,65000010096,聚安里,130,1,96,F,NWT,NULL,NULL
新北市板橋區龍安里,65,新北市,65000010,板橋區,220,65000010097,龍安里,130,1,97,F,NWT,NULL,NULL
新北市板橋區崑崙里,65,新北市,65000010,板橋區,220,65000010098,崑崙里,130,1,98,F,NWT,NULL,NULL
新北市板橋區溪洲里,65,新北市,65000010,板橋區,220,65000010099,溪洲里,130,1,99,F,NWT,NULL,NULL
新北市板橋區溪北里,65,新北市,65000010,板橋區,220,65000010100,溪北里,130,1,100,F,NWT,NULL,NULL
新北市板橋區香雅里,65,新北市,65000010,板橋區,220,65000010101,香雅里,130,1,101,F,NWT,NULL,NULL
新北市板橋區新生里,65,新北市,65000010,板橋區,220,65000010102,新生里,130,1,102,F,NWT,NULL,NULL
新北市板橋區文德里,65,新北市,65000010,板橋區,220,65000010103,文德里,130,1,103,F,NWT,NULL,NULL
新北市板橋區文化里,65,新北市,65000010,板橋區,220,65000010104,文化里,130,1,104,F,NWT,NULL,NULL
新北市板橋區新海里,65,新北市,65000010,板橋區,220,65000010105,新海里,130,1,105,F,NWT,NULL,NULL
新北市板橋區莒光里,65,新北市,65000010,板橋區,220,65000010106,莒光里,130,1,106,F,NWT,NULL,NULL
新北市板橋區富貴里,65,新北市,65000010,板橋區,220,65000010107,富貴里,130,1,107,F,NWT,NULL,NULL
新北市板橋區正泰里,65,新北市,65000010,板橋區,220,65000010108,正泰里,130,1,108,F,NWT,NULL,NULL
新北市板橋區民生里,65,新北市,65000010,板橋區,220,65000010109,民生里,130,1,109,F,NWT,NULL,NULL
新北市板橋區後埔里,65,新北市,65000010,板橋區,220,65000010110,後埔里,130,1,110,F,NWT,NULL,NULL
新北市板橋區華福里,65,新北市,65000010,板橋區,220,65000010111,華福里,130,1,111,F,NWT,NULL,NULL
新北市板橋區堂春里,65,新北市,65000010,板橋區,220,65000010112,堂春里,130,1,112,F,NWT,NULL,NULL
新北市板橋區成和里,65,新北市,65000010,板橋區,220,65000010113,成和里,130,1,113,F,NWT,NULL,NULL
新北市板橋區光榮里,65,新北市,65000010,板橋區,220,65000010114,光榮里,130,1,114,F,NWT,NULL,NULL
新北市板橋區民安里,65,新北市,65000010,板橋區,220,65000010115,民安里,130,1,115,F,NWT,NULL,NULL
新北市板橋區陽明里,65,新北市,65000010,板橋區,220,65000010116,陽明里,130,1,116,F,NWT,NULL,NULL
新北市板橋區朝陽里,65,新北市,65000010,板橋區,220,65000010117,朝陽里,130,1,117,F,NWT,NULL,NULL
新北市板橋區松柏里,65,新北市,65000010,板橋區,220,65000010118,松柏里,130,1,118,F,NWT,NULL,NULL
新北市板橋區文聖里,65,新北市,65000010,板橋區,220,65000010119,文聖里,130,1,119,F,NWT,NULL,NULL
新北市板橋區居仁里,65,新北市,65000010,板橋區,220,65000010120,居仁里,130,1,120,F,NWT,NULL,NULL
新北市板橋區莊敬里,65,新北市,65000010,板橋區,220,65000010121,莊敬里,130,1,121,F,NWT,NULL,NULL
新北市板橋區東安里,65,新北市,65000010,板橋區,220,65000010122,東安里,130,1,122,F,NWT,NULL,NULL
新北市板橋區五權里,65,新北市,65000010,板橋區,220,65000010123,五權里,130,1,123,F,NWT,NULL,NULL
新北市板橋區溪福里,65,新北市,65000010,板橋區,220,65000010124,溪福里,130,1,124,F,NWT,NULL,NULL
新北市板橋區大觀里,65,新北市,65000010,板橋區,220,65000010125,大觀里,130,1,125,F,NWT,NULL,NULL
新北市板橋區歡園里,65,新北市,65000010,板橋區,220,65000010126,歡園里,130,1,126,F,NWT,NULL,NULL
新北市三重區大有里,65,新北市,65000020,三重區,241,65000020001,大有里,130,2,1,F,NWT,NULL,NULL
新北市三重區二重里,65,新北市,65000020,三重區,241,65000020002,二重里,130,2,2,F,NWT,NULL,NULL
新北市三重區頂崁里,65,新北市,65000020,三重區,241,65000020003,頂崁里,130,2,3,F,NWT,NULL,NULL
新北市三重區谷王里,65,新北市,65000020,三重區,241,65000020004,谷王里,130,2,4,F,NWT,NULL,NULL
新北市三重區中興里,65,新北市,65000020,三重區,241,65000020005,中興里,130,2,5,F,NWT,NULL,NULL
新北市三重區德厚里,65,新北市,65000020,三重區,241,65000020006,德厚里,130,2,6,F,NWT,NULL,NULL
新北市三重區成功里,65,新北市,65000020,三重區,241,65000020007,成功里,130,2,7,F,NWT,NULL,NULL
新北市三重區福祉里,65,新北市,65000020,三重區,241,65000020008,福祉里,130,2,8,F,NWT,NULL,NULL
新北市三重區福民里,65,新北市,65000020,三重區,241,65000020009,福民里,130,2,9,F,NWT,NULL,NULL
新北市三重區過田里,65,新北市,65000020,三重區,241,65000020010,過田里,130,2,10,F,NWT,NULL,NULL
新北市三重區錦田里,65,新北市,65000020,三重區,241,65000020011,錦田里,130,2,11,F,NWT,NULL,NULL
新北市三重區重明里,65,新北市,65000020,三重區,241,65000020012,重明里,130,2,12,F,NWT,NULL,NULL
新北市三重區光田里,65,新北市,65000020,三重區,241,65000020013,光田里,130,2,13,F,NWT,NULL,NULL
新北市三重區光陽里,65,新北市,65000020,三重區,241,65000020014,光陽里,130,2,14,F,NWT,NULL,NULL
新北市三重區田心里,65,新北市,65000020,三重區,241,65000020015,田心里,130,2,15,F,NWT,NULL,NULL
新北市三重區福田里,65,新北市,65000020,三重區,241,65000020016,福田里,130,2,16,F,NWT,NULL,NULL
新北市三重區田中里,65,新北市,65000020,三重區,241,65000020017,田中里,130,2,17,F,NWT,NULL,NULL
新北市三重區田安里,65,新北市,65000020,三重區,241,65000020018,田安里,130,2,18,F,NWT,NULL,NULL
新北市三重區三民里,65,新北市,65000020,三重區,241,65000020019,三民里,130,2,19,F,NWT,NULL,NULL
新北市三重區光明里,65,新北市,65000020,三重區,241,65000020020,光明里,130,2,20,F,NWT,NULL,NULL
新北市三重區光正里,65,新北市,65000020,三重區,241,65000020021,光正里,130,2,21,F,NWT,NULL,NULL
新北市三重區同安里,65,新北市,65000020,三重區,241,65000020022,同安里,130,2,22,F,NWT,NULL,NULL
新北市三重區同慶里,65,新北市,65000020,三重區,241,65000020023,同慶里,130,2,23,F,NWT,NULL,NULL
新北市三重區菜寮里,65,新北市,65000020,三重區,241,65000020024,菜寮里,130,2,24,F,NWT,NULL,NULL
新北市三重區永春里,65,新北市,65000020,三重區,241,65000020025,永春里,130,2,25,F,NWT,NULL,NULL
新北市三重區中正里,65,新北市,65000020,三重區,241,65000020026,中正里,130,2,26,F,NWT,NULL,NULL
新北市三重區吉利里,65,新北市,65000020,三重區,241,65000020027,吉利里,130,2,27,F,NWT,NULL,NULL
新北市三重區大同里,65,新北市,65000020,三重區,241,65000020028,大同里,130,2,28,F,NWT,NULL,NULL
新北市三重區中民里,65,新北市,65000020,三重區,241,65000020029,中民里,130,2,29,F,NWT,NULL,NULL
新北市三重區平和里,65,新北市,65000020,三重區,241,65000020030,平和里,130,2,30,F,NWT,NULL,NULL
新北市三重區大安里,65,新北市,65000020,三重區,241,65000020031,大安里,130,2,31,F,NWT,NULL,NULL
新北市三重區仁德里,65,新北市,65000020,三重區,241,65000020032,仁德里,130,2,32,F,NWT,NULL,NULL
新北市三重區忠孝里,65,新北市,65000020,三重區,241,65000020033,忠孝里,130,2,33,F,NWT,NULL,NULL
新北市三重區仁義里,65,新北市,65000020,三重區,241,65000020034,仁義里,130,2,34,F,NWT,NULL,NULL
新北市三重區光榮里,65,新北市,65000020,三重區,241,65000020035,光榮里,130,2,35,F,NWT,NULL,NULL
新北市三重區光輝里,65,新北市,65000020,三重區,241,65000020036,光輝里,130,2,36,F,NWT,NULL,NULL
新北市三重區福星里,65,新北市,65000020,三重區,241,65000020037,福星里,130,2,37,F,NWT,NULL,NULL
新北市三重區福利里,65,新北市,65000020,三重區,241,65000020038,福利里,130,2,38,F,NWT,NULL,NULL
新北市三重區清和里,65,新北市,65000020,三重區,241,65000020039,清和里,130,2,39,F,NWT,NULL,NULL
新北市三重區永興里,65,新北市,65000020,三重區,241,65000020040,永興里,130,2,40,F,NWT,NULL,NULL
新北市三重區中山里,65,新北市,65000020,三重區,241,65000020041,中山里,130,2,41,F,NWT,NULL,NULL
新北市三重區大園里,65,新北市,65000020,三重區,241,65000020042,大園里,130,2,42,F,NWT,NULL,NULL
新北市三重區國隆里,65,新北市,65000020,三重區,241,65000020043,國隆里,130,2,43,F,NWT,NULL,NULL
新北市三重區重陽里,65,新北市,65000020,三重區,241,65000020044,重陽里,130,2,44,F,NWT,NULL,NULL
新北市三重區民生里,65,新北市,65000020,三重區,241,65000020045,民生里,130,2,45,F,NWT,NULL,NULL
新北市三重區重新里,65,新北市,65000020,三重區,241,65000020046,重新里,130,2,46,F,NWT,NULL,NULL
新北市三重區正德里,65,新北市,65000020,三重區,241,65000020047,正德里,130,2,47,F,NWT,NULL,NULL
新北市三重區正義里,65,新北市,65000020,三重區,241,65000020048,正義里,130,2,48,F,NWT,NULL,NULL
新北市三重區正安里,65,新北市,65000020,三重區,241,65000020049,正安里,130,2,49,F,NWT,NULL,NULL
新北市三重區自強里,65,新北市,65000020,三重區,241,65000020050,自強里,130,2,50,F,NWT,NULL,NULL
新北市三重區文化里,65,新北市,65000020,三重區,241,65000020051,文化里,130,2,51,F,NWT,NULL,NULL
新北市三重區中央里,65,新北市,65000020,三重區,241,65000020052,中央里,130,2,52,F,NWT,NULL,NULL
新北市三重區雙園里,65,新北市,65000020,三重區,241,65000020053,雙園里,130,2,53,F,NWT,NULL,NULL
新北市三重區錦通里,65,新北市,65000020,三重區,241,65000020054,錦通里,130,2,54,F,NWT,NULL,NULL
新北市三重區錦安里,65,新北市,65000020,三重區,241,65000020055,錦安里,130,2,55,F,NWT,NULL,NULL
新北市三重區長安里,65,新北市,65000020,三重區,241,65000020056,長安里,130,2,56,F,NWT,NULL,NULL
新北市三重區光華里,65,新北市,65000020,三重區,241,65000020057,光華里,130,2,57,F,NWT,NULL,NULL
新北市三重區長生里,65,新北市,65000020,三重區,241,65000020058,長生里,130,2,58,F,NWT,NULL,NULL
新北市三重區開元里,65,新北市,65000020,三重區,241,65000020059,開元里,130,2,59,F,NWT,NULL,NULL
新北市三重區大德里,65,新北市,65000020,三重區,241,65000020060,大德里,130,2,60,F,NWT,NULL,NULL
新北市三重區長元里,65,新北市,65000020,三重區,241,65000020061,長元里,130,2,61,F,NWT,NULL,NULL
新北市三重區長江里,65,新北市,65000020,三重區,241,65000020062,長江里,130,2,62,F,NWT,NULL,NULL
新北市三重區長泰里,65,新北市,65000020,三重區,241,65000020063,長泰里,130,2,63,F,NWT,NULL,NULL
新北市三重區長福里,65,新北市,65000020,三重區,241,65000020064,長福里,130,2,64,F,NWT,NULL,NULL
新北市三重區介壽里,65,新北市,65000020,三重區,241,65000020065,介壽里,130,2,65,F,NWT,NULL,NULL
新北市三重區萬壽里,65,新北市,65000020,三重區,241,65000020066,萬壽里,130,2,66,F,NWT,NULL,NULL
新北市三重區錦江里,65,新北市,65000020,三重區,241,65000020067,錦江里,130,2,67,F,NWT,NULL,NULL
新北市三重區龍濱里,65,新北市,65000020,三重區,241,65000020068,龍濱里,130,2,68,F,NWT,NULL,NULL
新北市三重區龍門里,65,新北市,65000020,三重區,241,65000020069,龍門里,130,2,69,F,NWT,NULL,NULL
新北市三重區秀江里,65,新北市,65000020,三重區,241,65000020070,秀江里,130,2,70,F,NWT,NULL,NULL
新北市三重區奕壽里,65,新北市,65000020,三重區,241,65000020071,奕壽里,130,2,71,F,NWT,NULL,NULL
新北市三重區三安里,65,新北市,65000020,三重區,241,65000020072,三安里,130,2,72,F,NWT,NULL,NULL
新北市三重區福安里,65,新北市,65000020,三重區,241,65000020073,福安里,130,2,73,F,NWT,NULL,NULL
新北市三重區信安里,65,新北市,65000020,三重區,241,65000020074,信安里,130,2,74,F,NWT,NULL,NULL
新北市三重區安慶里,65,新北市,65000020,三重區,241,65000020075,安慶里,130,2,75,F,NWT,NULL,NULL
新北市三重區幸福里,65,新北市,65000020,三重區,241,65000020076,幸福里,130,2,76,F,NWT,NULL,NULL
新北市三重區六合里,65,新北市,65000020,三重區,241,65000020077,六合里,130,2,77,F,NWT,NULL,NULL
新北市三重區六福里,65,新北市,65000020,三重區,241,65000020078,六福里,130,2,78,F,NWT,NULL,NULL
新北市三重區順德里,65,新北市,65000020,三重區,241,65000020079,順德里,130,2,79,F,NWT,NULL,NULL
新北市三重區承德里,65,新北市,65000020,三重區,241,65000020080,承德里,130,2,80,F,NWT,NULL,NULL
新北市三重區瑞德里,65,新北市,65000020,三重區,241,65000020081,瑞德里,130,2,81,F,NWT,NULL,NULL
新北市三重區崇德里,65,新北市,65000020,三重區,241,65000020082,崇德里,130,2,82,F,NWT,NULL,NULL
新北市三重區厚德里,65,新北市,65000020,三重區,241,65000020083,厚德里,130,2,83,F,NWT,NULL,NULL
新北市三重區維德里,65,新北市,65000020,三重區,241,65000020084,維德里,130,2,84,F,NWT,NULL,NULL
新北市三重區尚德里,65,新北市,65000020,三重區,241,65000020085,尚德里,130,2,85,F,NWT,NULL,NULL
新北市三重區培德里,65,新北市,65000020,三重區,241,65000020086,培德里,130,2,86,F,NWT,NULL,NULL
新北市三重區永德里,65,新北市,65000020,三重區,241,65000020087,永德里,130,2,87,F,NWT,NULL,NULL
新北市三重區永盛里,65,新北市,65000020,三重區,241,65000020088,永盛里,130,2,88,F,NWT,NULL,NULL
新北市三重區永福里,65,新北市,65000020,三重區,241,65000020089,永福里,130,2,89,F,NWT,NULL,NULL
新北市三重區永清里,65,新北市,65000020,三重區,241,65000020090,永清里,130,2,90,F,NWT,NULL,NULL
新北市三重區永安里,65,新北市,65000020,三重區,241,65000020091,永安里,130,2,91,F,NWT,NULL,NULL
新北市三重區永煇里,65,新北市,65000020,三重區,241,65000020092,永煇里,130,2,92,F,NWT,NULL,NULL
新北市三重區溪美里,65,新北市,65000020,三重區,241,65000020093,溪美里,130,2,93,F,NWT,NULL,NULL
新北市三重區福隆里,65,新北市,65000020,三重區,241,65000020094,福隆里,130,2,94,F,NWT,NULL,NULL
新北市三重區五常里,65,新北市,65000020,三重區,241,65000020095,五常里,130,2,95,F,NWT,NULL,NULL
新北市三重區五福里,65,新北市,65000020,三重區,241,65000020096,五福里,130,2,96,F,NWT,NULL,NULL
新北市三重區仁忠里,65,新北市,65000020,三重區,241,65000020097,仁忠里,130,2,97,F,NWT,NULL,NULL
新北市三重區慈福里,65,新北市,65000020,三重區,241,65000020098,慈福里,130,2,98,F,NWT,NULL,NULL
新北市三重區慈生里,65,新北市,65000020,三重區,241,65000020099,慈生里,130,2,99,F,NWT,NULL,NULL
新北市三重區慈惠里,65,新北市,65000020,三重區,241,65000020100,慈惠里,130,2,100,F,NWT,NULL,NULL
新北市三重區慈愛里,65,新北市,65000020,三重區,241,65000020101,慈愛里,130,2,101,F,NWT,NULL,NULL
新北市三重區慈化里,65,新北市,65000020,三重區,241,65000020102,慈化里,130,2,102,F,NWT,NULL,NULL
新北市三重區慈祐里,65,新北市,65000020,三重區,241,65000020103,慈祐里,130,2,103,F,NWT,NULL,NULL
新北市三重區五華里,65,新北市,65000020,三重區,241,65000020104,五華里,130,2,104,F,NWT,NULL,NULL
新北市三重區富貴里,65,新北市,65000020,三重區,241,65000020105,富貴里,130,2,105,F,NWT,NULL,NULL
新北市三重區富華里,65,新北市,65000020,三重區,241,65000020106,富華里,130,2,106,F,NWT,NULL,NULL
新北市三重區富福里,65,新北市,65000020,三重區,241,65000020107,富福里,130,2,107,F,NWT,NULL,NULL
新北市三重區碧華里,65,新北市,65000020,三重區,241,65000020108,碧華里,130,2,108,F,NWT,NULL,NULL
新北市三重區五谷里,65,新北市,65000020,三重區,241,65000020109,五谷里,130,2,109,F,NWT,NULL,NULL
新北市三重區博愛里,65,新北市,65000020,三重區,241,65000020110,博愛里,130,2,110,F,NWT,NULL,NULL
新北市三重區福德里,65,新北市,65000020,三重區,241,65000020111,福德里,130,2,111,F,NWT,NULL,NULL
新北市三重區永吉里,65,新北市,65000020,三重區,241,65000020112,永吉里,130,2,112,F,NWT,NULL,NULL
新北市三重區永發里,65,新北市,65000020,三重區,241,65000020113,永發里,130,2,113,F,NWT,NULL,NULL
新北市三重區永順里,65,新北市,65000020,三重區,241,65000020114,永順里,130,2,114,F,NWT,NULL,NULL
新北市三重區永豐里,65,新北市,65000020,三重區,241,65000020115,永豐里,130,2,115,F,NWT,NULL,NULL
新北市三重區立德里,65,新北市,65000020,三重區,241,65000020116,立德里,130,2,116,F,NWT,NULL,NULL
新北市三重區福樂里,65,新北市,65000020,三重區,241,65000020117,福樂里,130,2,117,F,NWT,NULL,NULL
新北市三重區仁華里,65,新北市,65000020,三重區,241,65000020118,仁華里,130,2,118,F,NWT,NULL,NULL
新北市三重區五順里,65,新北市,65000020,三重區,241,65000020119,五順里,130,2,119,F,NWT,NULL,NULL
新北市中和區中原里,65,新北市,65000030,中和區,235,65000030001,中原里,130,3,1,F,NWT,NULL,NULL
新北市中和區平河里,65,新北市,65000030,中和區,235,65000030002,平河里,130,3,2,F,NWT,NULL,NULL
新北市中和區信和里,65,新北市,65000030,中和區,235,65000030003,信和里,130,3,3,F,NWT,NULL,NULL
新北市中和區仁和里,65,新北市,65000030,中和區,235,65000030004,仁和里,130,3,4,F,NWT,NULL,NULL
新北市中和區中正里,65,新北市,65000030,中和區,235,65000030005,中正里,130,3,5,F,NWT,NULL,NULL
新北市中和區建和里,65,新北市,65000030,中和區,235,65000030006,建和里,130,3,6,F,NWT,NULL,NULL
新北市中和區連和里,65,新北市,65000030,中和區,235,65000030007,連和里,130,3,7,F,NWT,NULL,NULL
新北市中和區連城里,65,新北市,65000030,中和區,235,65000030008,連城里,130,3,8,F,NWT,NULL,NULL
新北市中和區力行里,65,新北市,65000030,中和區,235,65000030009,力行里,130,3,9,F,NWT,NULL,NULL
新北市中和區枋寮里,65,新北市,65000030,中和區,235,65000030010,枋寮里,130,3,10,F,NWT,NULL,NULL
新北市中和區漳和里,65,新北市,65000030,中和區,235,65000030011,漳和里,130,3,11,F,NWT,NULL,NULL
新北市中和區廟美里,65,新北市,65000030,中和區,235,65000030012,廟美里,130,3,12,F,NWT,NULL,NULL
新北市中和區福真里,65,新北市,65000030,中和區,235,65000030013,福真里,130,3,13,F,NWT,NULL,NULL
新北市中和區福善里,65,新北市,65000030,中和區,235,65000030014,福善里,130,3,14,F,NWT,NULL,NULL
新北市中和區福美里,65,新北市,65000030,中和區,235,65000030015,福美里,130,3,15,F,NWT,NULL,NULL
新北市中和區福祥里,65,新北市,65000030,中和區,235,65000030016,福祥里,130,3,16,F,NWT,NULL,NULL
新北市中和區瓦󿾨里,65,新北市,65000030,中和區,235,65000030017,瓦󿾨里,130,3,17,F,NWT,NULL,NULL
新北市中和區福和里,65,新北市,65000030,中和區,235,65000030018,福和里,130,3,18,F,NWT,NULL,NULL
新北市中和區佳和里,65,新北市,65000030,中和區,235,65000030019,佳和里,130,3,19,F,NWT,NULL,NULL
新北市中和區安樂里,65,新北市,65000030,中和區,235,65000030020,安樂里,130,3,20,F,NWT,NULL,NULL
新北市中和區安和里,65,新北市,65000030,中和區,235,65000030021,安和里,130,3,21,F,NWT,NULL,NULL
新北市中和區安平里,65,新北市,65000030,中和區,235,65000030022,安平里,130,3,22,F,NWT,NULL,NULL
新北市中和區中安里,65,新北市,65000030,中和區,235,65000030023,中安里,130,3,23,F,NWT,NULL,NULL
新北市中和區泰安里,65,新北市,65000030,中和區,235,65000030024,泰安里,130,3,24,F,NWT,NULL,NULL
新北市中和區新南里,65,新北市,65000030,中和區,235,65000030025,新南里,130,3,25,F,NWT,NULL,NULL
新北市中和區南山里,65,新北市,65000030,中和區,235,65000030026,南山里,130,3,26,F,NWT,NULL,NULL
新北市中和區秀山里,65,新北市,65000030,中和區,235,65000030027,秀山里,130,3,27,F,NWT,NULL,NULL
新北市中和區秀成里,65,新北市,65000030,中和區,235,65000030028,秀成里,130,3,28,F,NWT,NULL,NULL
新北市中和區秀福里,65,新北市,65000030,中和區,235,65000030029,秀福里,130,3,29,F,NWT,NULL,NULL
新北市中和區秀景里,65,新北市,65000030,中和區,235,65000030030,秀景里,130,3,30,F,NWT,NULL,NULL
新北市中和區秀明里,65,新北市,65000030,中和區,235,65000030031,秀明里,130,3,31,F,NWT,NULL,NULL
新北市中和區秀峰里,65,新北市,65000030,中和區,235,65000030032,秀峰里,130,3,32,F,NWT,NULL,NULL
新北市中和區秀仁里,65,新北市,65000030,中和區,235,65000030033,秀仁里,130,3,33,F,NWT,NULL,NULL
新北市中和區頂南里,65,新北市,65000030,中和區,235,65000030034,頂南里,130,3,34,F,NWT,NULL,NULL
新北市中和區華新里,65,新北市,65000030,中和區,235,65000030035,華新里,130,3,35,F,NWT,NULL,NULL
新北市中和區東南里,65,新北市,65000030,中和區,235,65000030036,東南里,130,3,36,F,NWT,NULL,NULL
新北市中和區華南里,65,新北市,65000030,中和區,235,65000030037,華南里,130,3,37,F,NWT,NULL,NULL
新北市中和區忠孝里,65,新北市,65000030,中和區,235,65000030038,忠孝里,130,3,38,F,NWT,NULL,NULL
新北市中和區崇南里,65,新北市,65000030,中和區,235,65000030039,崇南里,130,3,39,F,NWT,NULL,NULL
新北市中和區景南里,65,新北市,65000030,中和區,235,65000030040,景南里,130,3,40,F,NWT,NULL,NULL
新北市中和區橫路里,65,新北市,65000030,中和區,235,65000030041,橫路里,130,3,41,F,NWT,NULL,NULL
新北市中和區內南里,65,新北市,65000030,中和區,235,65000030042,內南里,130,3,42,F,NWT,NULL,NULL
新北市中和區壽南里,65,新北市,65000030,中和區,235,65000030043,壽南里,130,3,43,F,NWT,NULL,NULL
新北市中和區外南里,65,新北市,65000030,中和區,235,65000030044,外南里,130,3,44,F,NWT,NULL,NULL
新北市中和區復興里,65,新北市,65000030,中和區,235,65000030045,復興里,130,3,45,F,NWT,NULL,NULL
新北市中和區和興里,65,新北市,65000030,中和區,235,65000030046,和興里,130,3,46,F,NWT,NULL,NULL
新北市中和區景平里,65,新北市,65000030,中和區,235,65000030047,景平里,130,3,47,F,NWT,NULL,NULL
新北市中和區景新里,65,新北市,65000030,中和區,235,65000030048,景新里,130,3,48,F,NWT,NULL,NULL
新北市中和區景福里,65,新北市,65000030,中和區,235,65000030049,景福里,130,3,49,F,NWT,NULL,NULL
新北市中和區景安里,65,新北市,65000030,中和區,235,65000030050,景安里,130,3,50,F,NWT,NULL,NULL
新北市中和區景文里,65,新北市,65000030,中和區,235,65000030051,景文里,130,3,51,F,NWT,NULL,NULL
新北市中和區錦和里,65,新北市,65000030,中和區,235,65000030052,錦和里,130,3,52,F,NWT,NULL,NULL
新北市中和區錦昌里,65,新北市,65000030,中和區,235,65000030053,錦昌里,130,3,53,F,NWT,NULL,NULL
新北市中和區灰󿾨里,65,新北市,65000030,中和區,235,65000030054,灰󿾨里,130,3,54,F,NWT,NULL,NULL
新北市中和區積穗里,65,新北市,65000030,中和區,235,65000030055,積穗里,130,3,55,F,NWT,NULL,NULL
新北市中和區民享里,65,新北市,65000030,中和區,235,65000030056,民享里,130,3,56,F,NWT,NULL,NULL
新北市中和區員山里,65,新北市,65000030,中和區,235,65000030057,員山里,130,3,57,F,NWT,NULL,NULL
新北市中和區嘉穗里,65,新北市,65000030,中和區,235,65000030058,嘉穗里,130,3,58,F,NWT,NULL,NULL
新北市中和區文元里,65,新北市,65000030,中和區,235,65000030059,文元里,130,3,59,F,NWT,NULL,NULL
新北市中和區嘉新里,65,新北市,65000030,中和區,235,65000030060,嘉新里,130,3,60,F,NWT,NULL,NULL
新北市中和區民安里,65,新北市,65000030,中和區,235,65000030061,民安里,130,3,61,F,NWT,NULL,NULL
新北市中和區安穗里,65,新北市,65000030,中和區,235,65000030062,安穗里,130,3,62,F,NWT,NULL,NULL
新北市中和區瑞穗里,65,新北市,65000030,中和區,235,65000030063,瑞穗里,130,3,63,F,NWT,NULL,NULL
新北市中和區明穗里,65,新北市,65000030,中和區,235,65000030064,明穗里,130,3,64,F,NWT,NULL,NULL
新北市中和區清穗里,65,新北市,65000030,中和區,235,65000030065,清穗里,130,3,65,F,NWT,NULL,NULL
新北市中和區自強里,65,新北市,65000030,中和區,235,65000030066,自強里,130,3,66,F,NWT,NULL,NULL
新北市中和區德穗里,65,新北市,65000030,中和區,235,65000030067,德穗里,130,3,67,F,NWT,NULL,NULL
新北市中和區民生里,65,新北市,65000030,中和區,235,65000030068,民生里,130,3,68,F,NWT,NULL,NULL
新北市中和區國光里,65,新北市,65000030,中和區,235,65000030069,國光里,130,3,69,F,NWT,NULL,NULL
新北市中和區壽德里,65,新北市,65000030,中和區,235,65000030070,壽德里,130,3,70,F,NWT,NULL,NULL
新北市中和區明德里,65,新北市,65000030,中和區,235,65000030071,明德里,130,3,71,F,NWT,NULL,NULL
新北市中和區秀水里,65,新北市,65000030,中和區,235,65000030072,秀水里,130,3,72,F,NWT,NULL,NULL
新北市中和區德行里,65,新北市,65000030,中和區,235,65000030073,德行里,130,3,73,F,NWT,NULL,NULL
新北市中和區宜安里,65,新北市,65000030,中和區,235,65000030074,宜安里,130,3,74,F,NWT,NULL,NULL
新北市中和區安順里,65,新北市,65000030,中和區,235,65000030075,安順里,130,3,75,F,NWT,NULL,NULL
新北市中和區秀義里,65,新北市,65000030,中和區,235,65000030076,秀義里,130,3,76,F,NWT,NULL,NULL
新北市中和區秀士里,65,新北市,65000030,中和區,235,65000030077,秀士里,130,3,77,F,NWT,NULL,NULL
新北市中和區興南里,65,新北市,65000030,中和區,235,65000030078,興南里,130,3,78,F,NWT,NULL,NULL
新北市中和區景本里,65,新北市,65000030,中和區,235,65000030079,景本里,130,3,79,F,NWT,NULL,NULL
新北市中和區福南里,65,新北市,65000030,中和區,235,65000030080,福南里,130,3,80,F,NWT,NULL,NULL
新北市中和區中興里,65,新北市,65000030,中和區,235,65000030081,中興里,130,3,81,F,NWT,NULL,NULL
新北市中和區吉興里,65,新北市,65000030,中和區,235,65000030082,吉興里,130,3,82,F,NWT,NULL,NULL
新北市中和區中山里,65,新北市,65000030,中和區,235,65000030083,中山里,130,3,83,F,NWT,NULL,NULL
新北市中和區碧河里,65,新北市,65000030,中和區,235,65000030084,碧河里,130,3,84,F,NWT,NULL,NULL
新北市中和區錦中里,65,新北市,65000030,中和區,235,65000030085,錦中里,130,3,85,F,NWT,NULL,NULL
新北市中和區錦盛里,65,新北市,65000030,中和區,235,65000030086,錦盛里,130,3,86,F,NWT,NULL,NULL
新北市中和區民有里,65,新北市,65000030,中和區,235,65000030087,民有里,130,3,87,F,NWT,NULL,NULL
新北市中和區員富里,65,新北市,65000030,中和區,235,65000030088,員富里,130,3,88,F,NWT,NULL,NULL
新北市中和區嘉慶里,65,新北市,65000030,中和區,235,65000030089,嘉慶里,130,3,89,F,NWT,NULL,NULL
新北市中和區冠穗里,65,新北市,65000030,中和區,235,65000030090,冠穗里,130,3,90,F,NWT,NULL,NULL
新北市中和區國華里,65,新北市,65000030,中和區,235,65000030091,國華里,130,3,91,F,NWT,NULL,NULL
新北市中和區正南里,65,新北市,65000030,中和區,235,65000030092,正南里,130,3,92,F,NWT,NULL,NULL
新北市中和區正行里,65,新北市,65000030,中和區,235,65000030093,正行里,130,3,93,F,NWT,NULL,NULL
新北市永和區福林里,65,新北市,65000040,永和區,234,65000040001,福林里,130,4,1,F,NWT,NULL,NULL
新北市永和區文化里,65,新北市,65000040,永和區,234,65000040002,文化里,130,4,2,F,NWT,NULL,NULL
新北市永和區豫溪里,65,新北市,65000040,永和區,234,65000040003,豫溪里,130,4,3,F,NWT,NULL,NULL
新北市永和區光明里,65,新北市,65000040,永和區,234,65000040004,光明里,130,4,4,F,NWT,NULL,NULL
新北市永和區仁愛里,65,新北市,65000040,永和區,234,65000040005,仁愛里,130,4,5,F,NWT,NULL,NULL
新北市永和區永貞里,65,新北市,65000040,永和區,234,65000040006,永貞里,130,4,6,F,NWT,NULL,NULL
新北市永和區永福里,65,新北市,65000040,永和區,234,65000040007,永福里,130,4,7,F,NWT,NULL,NULL
新北市永和區民治里,65,新北市,65000040,永和區,234,65000040008,民治里,130,4,8,F,NWT,NULL,NULL
新北市永和區永成里,65,新北市,65000040,永和區,234,65000040009,永成里,130,4,9,F,NWT,NULL,NULL
新北市永和區忠義里,65,新北市,65000040,永和區,234,65000040010,忠義里,130,4,10,F,NWT,NULL,NULL
新北市永和區永元里,65,新北市,65000040,永和區,234,65000040011,永元里,130,4,11,F,NWT,NULL,NULL
新北市永和區秀林里,65,新北市,65000040,永和區,234,65000040012,秀林里,130,4,12,F,NWT,NULL,NULL
新北市永和區保安里,65,新北市,65000040,永和區,234,65000040013,保安里,130,4,13,F,NWT,NULL,NULL
新北市永和區中溪里,65,新北市,65000040,永和區,234,65000040014,中溪里,130,4,14,F,NWT,NULL,NULL
新北市永和區永安里,65,新北市,65000040,永和區,234,65000040015,永安里,130,4,15,F,NWT,NULL,NULL
新北市永和區民族里,65,新北市,65000040,永和區,234,65000040016,民族里,130,4,16,F,NWT,NULL,NULL
新北市永和區民權里,65,新北市,65000040,永和區,234,65000040017,民權里,130,4,17,F,NWT,NULL,NULL
新北市永和區中興里,65,新北市,65000040,永和區,234,65000040018,中興里,130,4,18,F,NWT,NULL,NULL
新北市永和區勵行里,65,新北市,65000040,永和區,234,65000040019,勵行里,130,4,19,F,NWT,NULL,NULL
新北市永和區秀朗里,65,新北市,65000040,永和區,234,65000040020,秀朗里,130,4,20,F,NWT,NULL,NULL
新北市永和區秀成里,65,新北市,65000040,永和區,234,65000040021,秀成里,130,4,21,F,NWT,NULL,NULL
新北市永和區上溪里,65,新北市,65000040,永和區,234,65000040022,上溪里,130,4,22,F,NWT,NULL,NULL
新北市永和區竹林里,65,新北市,65000040,永和區,234,65000040023,竹林里,130,4,23,F,NWT,NULL,NULL
新北市永和區雙和里,65,新北市,65000040,永和區,234,65000040024,雙和里,130,4,24,F,NWT,NULL,NULL
新北市永和區安和里,65,新北市,65000040,永和區,234,65000040025,安和里,130,4,25,F,NWT,NULL,NULL
新北市永和區水源里,65,新北市,65000040,永和區,234,65000040026,水源里,130,4,26,F,NWT,NULL,NULL
新北市永和區協和里,65,新北市,65000040,永和區,234,65000040027,協和里,130,4,27,F,NWT,NULL,NULL
新北市永和區河堤里,65,新北市,65000040,永和區,234,65000040028,河堤里,130,4,28,F,NWT,NULL,NULL
新北市永和區頂溪里,65,新北市,65000040,永和區,234,65000040029,頂溪里,130,4,29,F,NWT,NULL,NULL
新北市永和區潭墘里,65,新北市,65000040,永和區,234,65000040030,潭墘里,130,4,30,F,NWT,NULL,NULL
新北市永和區潭安里,65,新北市,65000040,永和區,234,65000040031,潭安里,130,4,31,F,NWT,NULL,NULL
新北市永和區大新里,65,新北市,65000040,永和區,234,65000040032,大新里,130,4,32,F,NWT,NULL,NULL
新北市永和區保平里,65,新北市,65000040,永和區,234,65000040033,保平里,130,4,33,F,NWT,NULL,NULL
新北市永和區民本里,65,新北市,65000040,永和區,234,65000040034,民本里,130,4,34,F,NWT,NULL,NULL
新北市永和區民樂里,65,新北市,65000040,永和區,234,65000040035,民樂里,130,4,35,F,NWT,NULL,NULL
新北市永和區光復里,65,新北市,65000040,永和區,234,65000040036,光復里,130,4,36,F,NWT,NULL,NULL
新北市永和區復興里,65,新北市,65000040,永和區,234,65000040037,復興里,130,4,37,F,NWT,NULL,NULL
新北市永和區福和里,65,新北市,65000040,永和區,234,65000040038,福和里,130,4,38,F,NWT,NULL,NULL
新北市永和區得和里,65,新北市,65000040,永和區,234,65000040039,得和里,130,4,39,F,NWT,NULL,NULL
新北市永和區智光里,65,新北市,65000040,永和區,234,65000040040,智光里,130,4,40,F,NWT,NULL,NULL
新北市永和區新生里,65,新北市,65000040,永和區,234,65000040041,新生里,130,4,41,F,NWT,NULL,NULL
新北市永和區大同里,65,新北市,65000040,永和區,234,65000040042,大同里,130,4,42,F,NWT,NULL,NULL
新北市永和區前溪里,65,新北市,65000040,永和區,234,65000040043,前溪里,130,4,43,F,NWT,NULL,NULL
新北市永和區和平里,65,新北市,65000040,永和區,234,65000040044,和平里,130,4,44,F,NWT,NULL,NULL
新北市永和區新廍里,65,新北市,65000040,永和區,234,65000040045,新廍里,130,4,45,F,NWT,NULL,NULL
新北市永和區下溪里,65,新北市,65000040,永和區,234,65000040046,下溪里,130,4,46,F,NWT,NULL,NULL
新北市永和區秀和里,65,新北市,65000040,永和區,234,65000040047,秀和里,130,4,47,F,NWT,NULL,NULL
新北市永和區河濱里,65,新北市,65000040,永和區,234,65000040048,河濱里,130,4,48,F,NWT,NULL,NULL
新北市永和區民生里,65,新北市,65000040,永和區,234,65000040049,民生里,130,4,49,F,NWT,NULL,NULL
新北市永和區秀得里,65,新北市,65000040,永和區,234,65000040050,秀得里,130,4,50,F,NWT,NULL,NULL
新北市永和區上林里,65,新北市,65000040,永和區,234,65000040051,上林里,130,4,51,F,NWT,NULL,NULL
新北市永和區網溪里,65,新北市,65000040,永和區,234,65000040052,網溪里,130,4,52,F,NWT,NULL,NULL
新北市永和區正興里,65,新北市,65000040,永和區,234,65000040053,正興里,130,4,53,F,NWT,NULL,NULL
新北市永和區永興里,65,新北市,65000040,永和區,234,65000040054,永興里,130,4,54,F,NWT,NULL,NULL
新北市永和區桂林里,65,新北市,65000040,永和區,234,65000040055,桂林里,130,4,55,F,NWT,NULL,NULL
新北市永和區店街里,65,新北市,65000040,永和區,234,65000040056,店街里,130,4,56,F,NWT,NULL,NULL
新北市永和區信義里,65,新北市,65000040,永和區,234,65000040057,信義里,130,4,57,F,NWT,NULL,NULL
新北市永和區後溪里,65,新北市,65000040,永和區,234,65000040058,後溪里,130,4,58,F,NWT,NULL,NULL
新北市永和區民富里,65,新北市,65000040,永和區,234,65000040059,民富里,130,4,59,F,NWT,NULL,NULL
新北市永和區秀元里,65,新北市,65000040,永和區,234,65000040060,秀元里,130,4,60,F,NWT,NULL,NULL
新北市永和區永樂里,65,新北市,65000040,永和區,234,65000040061,永樂里,130,4,61,F,NWT,NULL,NULL
新北市永和區保順里,65,新北市,65000040,永和區,234,65000040062,保順里,130,4,62,F,NWT,NULL,NULL
新北市新莊區海山里,65,新北市,65000050,新莊區,242,65000050001,海山里,130,5,1,F,NWT,NULL,NULL
新北市新莊區頭前里,65,新北市,65000050,新莊區,242,65000050002,頭前里,130,5,2,F,NWT,NULL,NULL
新北市新莊區國泰里,65,新北市,65000050,新莊區,242,65000050003,國泰里,130,5,3,F,NWT,NULL,NULL
新北市新莊區全安里,65,新北市,65000050,新莊區,242,65000050004,全安里,130,5,4,F,NWT,NULL,NULL
新北市新莊區福基里,65,新北市,65000050,新莊區,242,65000050005,福基里,130,5,5,F,NWT,NULL,NULL
新北市新莊區豐年里,65,新北市,65000050,新莊區,242,65000050006,豐年里,130,5,6,F,NWT,NULL,NULL
新北市新莊區忠孝里,65,新北市,65000050,新莊區,242,65000050007,忠孝里,130,5,7,F,NWT,NULL,NULL
新北市新莊區恆安里,65,新北市,65000050,新莊區,242,65000050008,恆安里,130,5,8,F,NWT,NULL,NULL
新北市新莊區後港里,65,新北市,65000050,新莊區,242,65000050009,後港里,130,5,9,F,NWT,NULL,NULL
新北市新莊區文衡里,65,新北市,65000050,新莊區,242,65000050010,文衡里,130,5,10,F,NWT,NULL,NULL
新北市新莊區中美里,65,新北市,65000050,新莊區,242,65000050011,中美里,130,5,11,F,NWT,NULL,NULL
新北市新莊區八德里,65,新北市,65000050,新莊區,242,65000050012,八德里,130,5,12,F,NWT,NULL,NULL
新北市新莊區興漢里,65,新北市,65000050,新莊區,242,65000050013,興漢里,130,5,13,F,NWT,NULL,NULL
新北市新莊區中和里,65,新北市,65000050,新莊區,242,65000050014,中和里,130,5,14,F,NWT,NULL,NULL
新北市新莊區西盛里,65,新北市,65000050,新莊區,242,65000050015,西盛里,130,5,15,F,NWT,NULL,NULL
新北市新莊區榮和里,65,新北市,65000050,新莊區,242,65000050016,榮和里,130,5,16,F,NWT,NULL,NULL
新北市新莊區中泰里,65,新北市,65000050,新莊區,242,65000050017,中泰里,130,5,17,F,NWT,NULL,NULL
新北市新莊區瓊林里,65,新北市,65000050,新莊區,242,65000050018,瓊林里,130,5,18,F,NWT,NULL,NULL
新北市新莊區文德里,65,新北市,65000050,新莊區,242,65000050019,文德里,130,5,19,F,NWT,NULL,NULL
新北市新莊區中誠里,65,新北市,65000050,新莊區,242,65000050020,中誠里,130,5,20,F,NWT,NULL,NULL
新北市新莊區裕民里,65,新北市,65000050,新莊區,242,65000050021,裕民里,130,5,21,F,NWT,NULL,NULL
新北市新莊區文明里,65,新北市,65000050,新莊區,242,65000050022,文明里,130,5,22,F,NWT,NULL,NULL
新北市新莊區中港里,65,新北市,65000050,新莊區,242,65000050023,中港里,130,5,23,F,NWT,NULL,NULL
新北市新莊區富國里,65,新北市,65000050,新莊區,242,65000050024,富國里,130,5,24,F,NWT,NULL,NULL
新北市新莊區思源里,65,新北市,65000050,新莊區,242,65000050025,思源里,130,5,25,F,NWT,NULL,NULL
新北市新莊區立人里,65,新北市,65000050,新莊區,242,65000050026,立人里,130,5,26,F,NWT,NULL,NULL
新北市新莊區南港里,65,新北市,65000050,新莊區,242,65000050027,南港里,130,5,27,F,NWT,NULL,NULL
新北市新莊區仁愛里,65,新北市,65000050,新莊區,242,65000050028,仁愛里,130,5,28,F,NWT,NULL,NULL
新北市新莊區立德里,65,新北市,65000050,新莊區,242,65000050029,立德里,130,5,29,F,NWT,NULL,NULL
新北市新莊區信義里,65,新北市,65000050,新莊區,242,65000050030,信義里,130,5,30,F,NWT,NULL,NULL
新北市新莊區立言里,65,新北市,65000050,新莊區,242,65000050031,立言里,130,5,31,F,NWT,NULL,NULL
新北市新莊區民安里,65,新北市,65000050,新莊區,242,65000050032,民安里,130,5,32,F,NWT,NULL,NULL
新北市新莊區和平里,65,新北市,65000050,新莊區,242,65000050033,和平里,130,5,33,F,NWT,NULL,NULL
新北市新莊區立功里,65,新北市,65000050,新莊區,242,65000050034,立功里,130,5,34,F,NWT,NULL,NULL
新北市新莊區民本里,65,新北市,65000050,新莊區,242,65000050035,民本里,130,5,35,F,NWT,NULL,NULL
新北市新莊區化成里,65,新北市,65000050,新莊區,242,65000050036,化成里,130,5,36,F,NWT,NULL,NULL
新北市新莊區立志里,65,新北市,65000050,新莊區,242,65000050037,立志里,130,5,37,F,NWT,NULL,NULL
新北市新莊區光華里,65,新北市,65000050,新莊區,242,65000050038,光華里,130,5,38,F,NWT,NULL,NULL
新北市新莊區思賢里,65,新北市,65000050,新莊區,242,65000050039,思賢里,130,5,39,F,NWT,NULL,NULL
新北市新莊區營盤里,65,新北市,65000050,新莊區,242,65000050040,營盤里,130,5,40,F,NWT,NULL,NULL
新北市新莊區光榮里,65,新北市,65000050,新莊區,242,65000050041,光榮里,130,5,41,F,NWT,NULL,NULL
新北市新莊區自強里,65,新北市,65000050,新莊區,242,65000050042,自強里,130,5,42,F,NWT,NULL,NULL
新北市新莊區丹鳳里,65,新北市,65000050,新莊區,242,65000050043,丹鳳里,130,5,43,F,NWT,NULL,NULL
新北市新莊區光明里,65,新北市,65000050,新莊區,242,65000050044,光明里,130,5,44,F,NWT,NULL,NULL
新北市新莊區自立里,65,新北市,65000050,新莊區,242,65000050045,自立里,130,5,45,F,NWT,NULL,NULL
新北市新莊區合鳳里,65,新北市,65000050,新莊區,242,65000050046,合鳳里,130,5,46,F,NWT,NULL,NULL
新北市新莊區幸福里,65,新北市,65000050,新莊區,242,65000050047,幸福里,130,5,47,F,NWT,NULL,NULL
新北市新莊區雙鳳里,65,新北市,65000050,新莊區,242,65000050048,雙鳳里,130,5,48,F,NWT,NULL,NULL
新北市新莊區自信里,65,新北市,65000050,新莊區,242,65000050049,自信里,130,5,49,F,NWT,NULL,NULL
新北市新莊區龍鳳里,65,新北市,65000050,新莊區,242,65000050050,龍鳳里,130,5,50,F,NWT,NULL,NULL
新北市新莊區中華里,65,新北市,65000050,新莊區,242,65000050051,中華里,130,5,51,F,NWT,NULL,NULL
新北市新莊區中隆里,65,新北市,65000050,新莊區,242,65000050052,中隆里,130,5,52,F,NWT,NULL,NULL
新北市新莊區中原里,65,新北市,65000050,新莊區,242,65000050053,中原里,130,5,53,F,NWT,NULL,NULL
新北市新莊區中信里,65,新北市,65000050,新莊區,242,65000050054,中信里,130,5,54,F,NWT,NULL,NULL
新北市新莊區四維里,65,新北市,65000050,新莊區,242,65000050055,四維里,130,5,55,F,NWT,NULL,NULL
新北市新莊區建福里,65,新北市,65000050,新莊區,242,65000050056,建福里,130,5,56,F,NWT,NULL,NULL
新北市新莊區中宏里,65,新北市,65000050,新莊區,242,65000050057,中宏里,130,5,57,F,NWT,NULL,NULL
新北市新莊區中全里,65,新北市,65000050,新莊區,242,65000050058,中全里,130,5,58,F,NWT,NULL,NULL
新北市新莊區立泰里,65,新北市,65000050,新莊區,242,65000050059,立泰里,130,5,59,F,NWT,NULL,NULL
新北市新莊區全泰里,65,新北市,65000050,新莊區,242,65000050060,全泰里,130,5,60,F,NWT,NULL,NULL
新北市新莊區仁義里,65,新北市,65000050,新莊區,242,65000050061,仁義里,130,5,61,F,NWT,NULL,NULL
新北市新莊區立基里,65,新北市,65000050,新莊區,242,65000050062,立基里,130,5,62,F,NWT,NULL,NULL
新北市新莊區昌明里,65,新北市,65000050,新莊區,242,65000050063,昌明里,130,5,63,F,NWT,NULL,NULL
新北市新莊區昌平里,65,新北市,65000050,新莊區,242,65000050064,昌平里,130,5,64,F,NWT,NULL,NULL
新北市新莊區文聖里,65,新北市,65000050,新莊區,242,65000050065,文聖里,130,5,65,F,NWT,NULL,NULL
新北市新莊區萬安里,65,新北市,65000050,新莊區,242,65000050066,萬安里,130,5,66,F,NWT,NULL,NULL
新北市新莊區龍安里,65,新北市,65000050,新莊區,242,65000050067,龍安里,130,5,67,F,NWT,NULL,NULL
新北市新莊區福營里,65,新北市,65000050,新莊區,242,65000050068,福營里,130,5,68,F,NWT,NULL,NULL
新北市新莊區後德里,65,新北市,65000050,新莊區,242,65000050069,後德里,130,5,69,F,NWT,NULL,NULL
新北市新莊區建安里,65,新北市,65000050,新莊區,242,65000050070,建安里,130,5,70,F,NWT,NULL,NULL
新北市新莊區成德里,65,新北市,65000050,新莊區,242,65000050071,成德里,130,5,71,F,NWT,NULL,NULL
新北市新莊區福興里,65,新北市,65000050,新莊區,242,65000050072,福興里,130,5,72,F,NWT,NULL,NULL
新北市新莊區昌信里,65,新北市,65000050,新莊區,242,65000050073,昌信里,130,5,73,F,NWT,NULL,NULL
新北市新莊區昌隆里,65,新北市,65000050,新莊區,242,65000050074,昌隆里,130,5,74,F,NWT,NULL,NULL
新北市新莊區中平里,65,新北市,65000050,新莊區,242,65000050075,中平里,130,5,75,F,NWT,NULL,NULL
新北市新莊區立廷里,65,新北市,65000050,新莊區,242,65000050076,立廷里,130,5,76,F,NWT,NULL,NULL
新北市新莊區泰豐里,65,新北市,65000050,新莊區,242,65000050077,泰豐里,130,5,77,F,NWT,NULL,NULL
新北市新莊區富民里,65,新北市,65000050,新莊區,242,65000050078,富民里,130,5,78,F,NWT,NULL,NULL
新北市新莊區龍福里,65,新北市,65000050,新莊區,242,65000050079,龍福里,130,5,79,F,NWT,NULL,NULL
新北市新莊區祥鳳里,65,新北市,65000050,新莊區,242,65000050080,祥鳳里,130,5,80,F,NWT,NULL,NULL
新北市新莊區民全里,65,新北市,65000050,新莊區,242,65000050081,民全里,130,5,81,F,NWT,NULL,NULL
新北市新莊區民有里,65,新北市,65000050,新莊區,242,65000050082,民有里,130,5,82,F,NWT,NULL,NULL
新北市新莊區光正里,65,新北市,65000050,新莊區,242,65000050083,光正里,130,5,83,F,NWT,NULL,NULL
新北市新莊區光和里,65,新北市,65000050,新莊區,242,65000050084,光和里,130,5,84,F,NWT,NULL,NULL
新北市新店區國豐里,65,新北市,65000060,新店區,231,65000060001,國豐里,130,6,1,F,NWT,NULL,NULL
新北市新店區明德里,65,新北市,65000060,新店區,231,65000060002,明德里,130,6,2,F,NWT,NULL,NULL
新北市新店區大豐里,65,新北市,65000060,新店區,231,65000060003,大豐里,130,6,3,F,NWT,NULL,NULL
新北市新店區大同里,65,新北市,65000060,新店區,231,65000060004,大同里,130,6,4,F,NWT,NULL,NULL
新北市新店區江陵里,65,新北市,65000060,新店區,231,65000060005,江陵里,130,6,5,F,NWT,NULL,NULL
新北市新店區寶興里,65,新北市,65000060,新店區,231,65000060006,寶興里,130,6,6,F,NWT,NULL,NULL
新北市新店區寶安里,65,新北市,65000060,新店區,231,65000060007,寶安里,130,6,7,F,NWT,NULL,NULL
新北市新店區信義里,65,新北市,65000060,新店區,231,65000060008,信義里,130,6,8,F,NWT,NULL,NULL
新北市新店區忠孝里,65,新北市,65000060,新店區,231,65000060009,忠孝里,130,6,9,F,NWT,NULL,NULL
新北市新店區大鵬里,65,新北市,65000060,新店區,231,65000060010,大鵬里,130,6,10,F,NWT,NULL,NULL
新北市新店區太平里,65,新北市,65000060,新店區,231,65000060011,太平里,130,6,11,F,NWT,NULL,NULL
新北市新店區頂城里,65,新北市,65000060,新店區,231,65000060012,頂城里,130,6,12,F,NWT,NULL,NULL
新北市新店區下城里,65,新北市,65000060,新店區,231,65000060013,下城里,130,6,13,F,NWT,NULL,NULL
新北市新店區柴埕里,65,新北市,65000060,新店區,231,65000060014,柴埕里,130,6,14,F,NWT,NULL,NULL
新北市新店區永安里,65,新北市,65000060,新店區,231,65000060015,永安里,130,6,15,F,NWT,NULL,NULL
新北市新店區公崙里,65,新北市,65000060,新店區,231,65000060016,公崙里,130,6,16,F,NWT,NULL,NULL
新北市新店區德安里,65,新北市,65000060,新店區,231,65000060017,德安里,130,6,17,F,NWT,NULL,NULL
新北市新店區雙城里,65,新北市,65000060,新店區,231,65000060018,雙城里,130,6,18,F,NWT,NULL,NULL
新北市新店區日興里,65,新北市,65000060,新店區,231,65000060019,日興里,130,6,19,F,NWT,NULL,NULL
新北市新店區玫瑰里,65,新北市,65000060,新店區,231,65000060020,玫瑰里,130,6,20,F,NWT,NULL,NULL
新北市新店區塗潭里,65,新北市,65000060,新店區,231,65000060021,塗潭里,130,6,21,F,NWT,NULL,NULL
新北市新店區美潭里,65,新北市,65000060,新店區,231,65000060022,美潭里,130,6,22,F,NWT,NULL,NULL
新北市新店區員潭里,65,新北市,65000060,新店區,231,65000060023,員潭里,130,6,23,F,NWT,NULL,NULL
新北市新店區雙坑里,65,新北市,65000060,新店區,231,65000060024,雙坑里,130,6,24,F,NWT,NULL,NULL
新北市新店區粗坑里,65,新北市,65000060,新店區,231,65000060025,粗坑里,130,6,25,F,NWT,NULL,NULL
新北市新店區屈尺里,65,新北市,65000060,新店區,231,65000060026,屈尺里,130,6,26,F,NWT,NULL,NULL
新北市新店區龜山里,65,新北市,65000060,新店區,231,65000060027,龜山里,130,6,27,F,NWT,NULL,NULL
新北市新店區廣興里,65,新北市,65000060,新店區,231,65000060028,廣興里,130,6,28,F,NWT,NULL,NULL
新北市新店區直潭里,65,新北市,65000060,新店區,231,65000060029,直潭里,130,6,29,F,NWT,NULL,NULL
新北市新店區青潭里,65,新北市,65000060,新店區,231,65000060030,青潭里,130,6,30,F,NWT,NULL,NULL
新北市新店區新店里,65,新北市,65000060,新店區,231,65000060031,新店里,130,6,31,F,NWT,NULL,NULL
新北市新店區張南里,65,新北市,65000060,新店區,231,65000060032,張南里,130,6,32,F,NWT,NULL,NULL
新北市新店區國校里,65,新北市,65000060,新店區,231,65000060033,國校里,130,6,33,F,NWT,NULL,NULL
新北市新店區文中里,65,新北市,65000060,新店區,231,65000060034,文中里,130,6,34,F,NWT,NULL,NULL
新北市新店區廣明里,65,新北市,65000060,新店區,231,65000060035,廣明里,130,6,35,F,NWT,NULL,NULL
新北市新店區文明里,65,新北市,65000060,新店區,231,65000060036,文明里,130,6,36,F,NWT,NULL,NULL
新北市新店區中興里,65,新北市,65000060,新店區,231,65000060037,中興里,130,6,37,F,NWT,NULL,NULL
新北市新店區新生里,65,新北市,65000060,新店區,231,65000060038,新生里,130,6,38,F,NWT,NULL,NULL
新北市新店區新德里,65,新北市,65000060,新店區,231,65000060039,新德里,130,6,39,F,NWT,NULL,NULL
新北市新店區張北里,65,新北市,65000060,新店區,231,65000060040,張北里,130,6,40,F,NWT,NULL,NULL
新北市新店區五峯里,65,新北市,65000060,新店區,231,65000060041,五峯里,130,6,41,F,NWT,NULL,NULL
新北市新店區新安里,65,新北市,65000060,新店區,231,65000060042,新安里,130,6,42,F,NWT,NULL,NULL
新北市新店區忠誠里,65,新北市,65000060,新店區,231,65000060043,忠誠里,130,6,43,F,NWT,NULL,NULL
新北市新店區中正里,65,新北市,65000060,新店區,231,65000060044,中正里,130,6,44,F,NWT,NULL,NULL
新北市新店區中華里,65,新北市,65000060,新店區,231,65000060045,中華里,130,6,45,F,NWT,NULL,NULL
新北市新店區仁愛里,65,新北市,65000060,新店區,231,65000060046,仁愛里,130,6,46,F,NWT,NULL,NULL
新北市新店區百忍里,65,新北市,65000060,新店區,231,65000060047,百忍里,130,6,47,F,NWT,NULL,NULL
新北市新店區百和里,65,新北市,65000060,新店區,231,65000060048,百和里,130,6,48,F,NWT,NULL,NULL
新北市新店區福德里,65,新北市,65000060,新店區,231,65000060049,福德里,130,6,49,F,NWT,NULL,NULL
新北市新店區百福里,65,新北市,65000060,新店區,231,65000060050,百福里,130,6,50,F,NWT,NULL,NULL
新北市新店區福民里,65,新北市,65000060,新店區,231,65000060051,福民里,130,6,51,F,NWT,NULL,NULL
新北市新店區中山里,65,新北市,65000060,新店區,231,65000060052,中山里,130,6,52,F,NWT,NULL,NULL
新北市新店區和平里,65,新北市,65000060,新店區,231,65000060053,和平里,130,6,53,F,NWT,NULL,NULL
新北市新店區中央里,65,新北市,65000060,新店區,231,65000060054,中央里,130,6,54,F,NWT,NULL,NULL
新北市新店區明城里,65,新北市,65000060,新店區,231,65000060055,明城里,130,6,55,F,NWT,NULL,NULL
新北市新店區安和里,65,新北市,65000060,新店區,231,65000060056,安和里,130,6,56,F,NWT,NULL,NULL
新北市新店區吉祥里,65,新北市,65000060,新店區,231,65000060057,吉祥里,130,6,57,F,NWT,NULL,NULL
新北市新店區寶福里,65,新北市,65000060,新店區,231,65000060058,寶福里,130,6,58,F,NWT,NULL,NULL
新北市新店區小城里,65,新北市,65000060,新店區,231,65000060059,小城里,130,6,59,F,NWT,NULL,NULL
新北市新店區香坡里,65,新北市,65000060,新店區,231,65000060060,香坡里,130,6,60,F,NWT,NULL,NULL
新北市新店區建國里,65,新北市,65000060,新店區,231,65000060061,建國里,130,6,61,F,NWT,NULL,NULL
新北市新店區復興里,65,新北市,65000060,新店區,231,65000060062,復興里,130,6,62,F,NWT,NULL,NULL
新北市新店區美城里,65,新北市,65000060,新店區,231,65000060063,美城里,130,6,63,F,NWT,NULL,NULL
新北市新店區安昌里,65,新北市,65000060,新店區,231,65000060064,安昌里,130,6,64,F,NWT,NULL,NULL
新北市新店區長春里,65,新北市,65000060,新店區,231,65000060065,長春里,130,6,65,F,NWT,NULL,NULL
新北市新店區新和里,65,新北市,65000060,新店區,231,65000060066,新和里,130,6,66,F,NWT,NULL,NULL
新北市新店區永平里,65,新北市,65000060,新店區,231,65000060067,永平里,130,6,67,F,NWT,NULL,NULL
新北市新店區達觀里,65,新北市,65000060,新店區,231,65000060068,達觀里,130,6,68,F,NWT,NULL,NULL
新北市新店區華城里,65,新北市,65000060,新店區,231,65000060069,華城里,130,6,69,F,NWT,NULL,NULL
新北市樹林區三多里,65,新北市,65000070,樹林區,238,65000070001,三多里,130,7,1,F,NWT,NULL,NULL
新北市樹林區三福里,65,新北市,65000070,樹林區,238,65000070002,三福里,130,7,2,F,NWT,NULL,NULL
新北市樹林區三興里,65,新北市,65000070,樹林區,238,65000070003,三興里,130,7,3,F,NWT,NULL,NULL
新北市樹林區圳安里,65,新北市,65000070,樹林區,238,65000070004,圳安里,130,7,4,F,NWT,NULL,NULL
新北市樹林區保安里,65,新北市,65000070,樹林區,238,65000070005,保安里,130,7,5,F,NWT,NULL,NULL
新北市樹林區潭底里,65,新北市,65000070,樹林區,238,65000070006,潭底里,130,7,6,F,NWT,NULL,NULL
新北市樹林區󿾵寮里,65,新北市,65000070,樹林區,238,65000070007,󿾵寮里,130,7,7,F,NWT,NULL,NULL
新北市樹林區樹德里,65,新北市,65000070,樹林區,238,65000070008,樹德里,130,7,8,F,NWT,NULL,NULL
新北市樹林區樹西里,65,新北市,65000070,樹林區,238,65000070009,樹西里,130,7,9,F,NWT,NULL,NULL
新北市樹林區樹南里,65,新北市,65000070,樹林區,238,65000070010,樹南里,130,7,10,F,NWT,NULL,NULL
新北市樹林區樹人里,65,新北市,65000070,樹林區,238,65000070011,樹人里,130,7,11,F,NWT,NULL,NULL
新北市樹林區坡內里,65,新北市,65000070,樹林區,238,65000070012,坡內里,130,7,12,F,NWT,NULL,NULL
新北市樹林區樹東里,65,新北市,65000070,樹林區,238,65000070013,樹東里,130,7,13,F,NWT,NULL,NULL
新北市樹林區大同里,65,新北市,65000070,樹林區,238,65000070014,大同里,130,7,14,F,NWT,NULL,NULL
新北市樹林區和平里,65,新北市,65000070,樹林區,238,65000070015,和平里,130,7,15,F,NWT,NULL,NULL
新北市樹林區彭厝里,65,新北市,65000070,樹林區,238,65000070016,彭厝里,130,7,16,F,NWT,NULL,NULL
新北市樹林區彭福里,65,新北市,65000070,樹林區,238,65000070017,彭福里,130,7,17,F,NWT,NULL,NULL
新北市樹林區東山里,65,新北市,65000070,樹林區,238,65000070018,東山里,130,7,18,F,NWT,NULL,NULL
新北市樹林區東陽里,65,新北市,65000070,樹林區,238,65000070019,東陽里,130,7,19,F,NWT,NULL,NULL
新北市樹林區東昇里,65,新北市,65000070,樹林區,238,65000070020,東昇里,130,7,20,F,NWT,NULL,NULL
新北市樹林區樂山里,65,新北市,65000070,樹林區,238,65000070021,樂山里,130,7,21,F,NWT,NULL,NULL
新北市樹林區東園里,65,新北市,65000070,樹林區,238,65000070022,東園里,130,7,22,F,NWT,NULL,NULL
新北市樹林區西園里,65,新北市,65000070,樹林區,238,65000070023,西園里,130,7,23,F,NWT,NULL,NULL
新北市樹林區南園里,65,新北市,65000070,樹林區,238,65000070024,南園里,130,7,24,F,NWT,NULL,NULL
新北市樹林區北園里,65,新北市,65000070,樹林區,238,65000070025,北園里,130,7,25,F,NWT,NULL,NULL
新北市樹林區柑園里,65,新北市,65000070,樹林區,238,65000070026,柑園里,130,7,26,F,NWT,NULL,NULL
新北市樹林區樹北里,65,新北市,65000070,樹林區,238,65000070027,樹北里,130,7,27,F,NWT,NULL,NULL
新北市樹林區圳福里,65,新北市,65000070,樹林區,238,65000070028,圳福里,130,7,28,F,NWT,NULL,NULL
新北市樹林區樹興里,65,新北市,65000070,樹林區,238,65000070029,樹興里,130,7,29,F,NWT,NULL,NULL
新北市樹林區樹福里,65,新北市,65000070,樹林區,238,65000070030,樹福里,130,7,30,F,NWT,NULL,NULL
新北市樹林區光興里,65,新北市,65000070,樹林區,238,65000070031,光興里,130,7,31,F,NWT,NULL,NULL
新北市樹林區金寮里,65,新北市,65000070,樹林區,238,65000070032,金寮里,130,7,32,F,NWT,NULL,NULL
新北市樹林區彭興里,65,新北市,65000070,樹林區,238,65000070033,彭興里,130,7,33,F,NWT,NULL,NULL
新北市樹林區文林里,65,新北市,65000070,樹林區,238,65000070034,文林里,130,7,34,F,NWT,NULL,NULL
新北市樹林區山佳里,65,新北市,65000070,樹林區,238,65000070035,山佳里,130,7,35,F,NWT,NULL,NULL
新北市樹林區中山里,65,新北市,65000070,樹林區,238,65000070036,中山里,130,7,36,F,NWT,NULL,NULL
新北市樹林區育英里,65,新北市,65000070,樹林區,238,65000070037,育英里,130,7,37,F,NWT,NULL,NULL
新北市樹林區中華里,65,新北市,65000070,樹林區,238,65000070038,中華里,130,7,38,F,NWT,NULL,NULL
新北市樹林區太順里,65,新北市,65000070,樹林區,238,65000070039,太順里,130,7,39,F,NWT,NULL,NULL
新北市樹林區圳民里,65,新北市,65000070,樹林區,238,65000070040,圳民里,130,7,40,F,NWT,NULL,NULL
新北市樹林區圳生里,65,新北市,65000070,樹林區,238,65000070041,圳生里,130,7,41,F,NWT,NULL,NULL
新北市樹林區三龍里,65,新北市,65000070,樹林區,238,65000070042,三龍里,130,7,42,F,NWT,NULL,NULL
新北市鶯歌區東鶯里,65,新北市,65000080,鶯歌區,239,65000080001,東鶯里,130,8,1,F,NWT,NULL,NULL
新北市鶯歌區西鶯里,65,新北市,65000080,鶯歌區,239,65000080002,西鶯里,130,8,2,F,NWT,NULL,NULL
新北市鶯歌區南鶯里,65,新北市,65000080,鶯歌區,239,65000080003,南鶯里,130,8,3,F,NWT,NULL,NULL
新北市鶯歌區北鶯里,65,新北市,65000080,鶯歌區,239,65000080004,北鶯里,130,8,4,F,NWT,NULL,NULL
新北市鶯歌區中鶯里,65,新北市,65000080,鶯歌區,239,65000080005,中鶯里,130,8,5,F,NWT,NULL,NULL
新北市鶯歌區建德里,65,新北市,65000080,鶯歌區,239,65000080006,建德里,130,8,6,F,NWT,NULL,NULL
新北市鶯歌區同慶里,65,新北市,65000080,鶯歌區,239,65000080007,同慶里,130,8,7,F,NWT,NULL,NULL
新北市鶯歌區永昌里,65,新北市,65000080,鶯歌區,239,65000080008,永昌里,130,8,8,F,NWT,NULL,NULL
新北市鶯歌區南靖里,65,新北市,65000080,鶯歌區,239,65000080009,南靖里,130,8,9,F,NWT,NULL,NULL
新北市鶯歌區尖山里,65,新北市,65000080,鶯歌區,239,65000080010,尖山里,130,8,10,F,NWT,NULL,NULL
新北市鶯歌區二橋里,65,新北市,65000080,鶯歌區,239,65000080011,二橋里,130,8,11,F,NWT,NULL,NULL
新北市鶯歌區二甲里,65,新北市,65000080,鶯歌區,239,65000080012,二甲里,130,8,12,F,NWT,NULL,NULL
新北市鶯歌區東湖里,65,新北市,65000080,鶯歌區,239,65000080013,東湖里,130,8,13,F,NWT,NULL,NULL
新北市鶯歌區大湖里,65,新北市,65000080,鶯歌區,239,65000080014,大湖里,130,8,14,F,NWT,NULL,NULL
新北市鶯歌區鳳鳴里,65,新北市,65000080,鶯歌區,239,65000080015,鳳鳴里,130,8,15,F,NWT,NULL,NULL
新北市鶯歌區鳳福里,65,新北市,65000080,鶯歌區,239,65000080016,鳳福里,130,8,16,F,NWT,NULL,NULL
新北市鶯歌區永吉里,65,新北市,65000080,鶯歌區,239,65000080017,永吉里,130,8,17,F,NWT,NULL,NULL
新北市鶯歌區中湖里,65,新北市,65000080,鶯歌區,239,65000080018,中湖里,130,8,18,F,NWT,NULL,NULL
新北市鶯歌區鳳祥里,65,新北市,65000080,鶯歌區,239,65000080019,鳳祥里,130,8,19,F,NWT,NULL,NULL
新北市鶯歌區建國里,65,新北市,65000080,鶯歌區,239,65000080020,建國里,130,8,20,F,NWT,NULL,NULL
新北市三峽區三峽里,65,新北市,65000090,三峽區,237,65000090001,三峽里,130,9,1,F,NWT,NULL,NULL
新北市三峽區秀川里,65,新北市,65000090,三峽區,237,65000090002,秀川里,130,9,2,F,NWT,NULL,NULL
新北市三峽區八張里,65,新北市,65000090,三峽區,237,65000090003,八張里,130,9,3,F,NWT,NULL,NULL
新北市三峽區中埔里,65,新北市,65000090,三峽區,237,65000090004,中埔里,130,9,4,F,NWT,NULL,NULL
新北市三峽區弘道里,65,新北市,65000090,三峽區,237,65000090005,弘道里,130,9,5,F,NWT,NULL,NULL
新北市三峽區永舘里,65,新北市,65000090,三峽區,237,65000090006,永舘里,130,9,6,F,NWT,NULL,NULL
新北市三峽區礁溪里,65,新北市,65000090,三峽區,237,65000090007,礁溪里,130,9,7,F,NWT,NULL,NULL
新北市三峽區鳶山里,65,新北市,65000090,三峽區,237,65000090008,鳶山里,130,9,8,F,NWT,NULL,NULL
新北市三峽區龍埔里,65,新北市,65000090,三峽區,237,65000090009,龍埔里,130,9,9,F,NWT,NULL,NULL
新北市三峽區大埔里,65,新北市,65000090,三峽區,237,65000090010,大埔里,130,9,10,F,NWT,NULL,NULL
新北市三峽區嘉添里,65,新北市,65000090,三峽區,237,65000090011,嘉添里,130,9,11,F,NWT,NULL,NULL
新北市三峽區添福里,65,新北市,65000090,三峽區,237,65000090012,添福里,130,9,12,F,NWT,NULL,NULL
新北市三峽區金圳里,65,新北市,65000090,三峽區,237,65000090013,金圳里,130,9,13,F,NWT,NULL,NULL
新北市三峽區五寮里,65,新北市,65000090,三峽區,237,65000090014,五寮里,130,9,14,F,NWT,NULL,NULL
新北市三峽區插角里,65,新北市,65000090,三峽區,237,65000090015,插角里,130,9,15,F,NWT,NULL,NULL
新北市三峽區有木里,65,新北市,65000090,三峽區,237,65000090016,有木里,130,9,16,F,NWT,NULL,NULL
新北市三峽區溪北里,65,新北市,65000090,三峽區,237,65000090017,溪北里,130,9,17,F,NWT,NULL,NULL
新北市三峽區溪南里,65,新北市,65000090,三峽區,237,65000090018,溪南里,130,9,18,F,NWT,NULL,NULL
新北市三峽區溪東里,65,新北市,65000090,三峽區,237,65000090019,溪東里,130,9,19,F,NWT,NULL,NULL
新北市三峽區成福里,65,新北市,65000090,三峽區,237,65000090020,成福里,130,9,20,F,NWT,NULL,NULL
新北市三峽區安坑里,65,新北市,65000090,三峽區,237,65000090021,安坑里,130,9,21,F,NWT,NULL,NULL
新北市三峽區竹崙里,65,新北市,65000090,三峽區,237,65000090022,竹崙里,130,9,22,F,NWT,NULL,NULL
新北市三峽區介壽里,65,新北市,65000090,三峽區,237,65000090023,介壽里,130,9,23,F,NWT,NULL,NULL
新北市三峽區安溪里,65,新北市,65000090,三峽區,237,65000090024,安溪里,130,9,24,F,NWT,NULL,NULL
新北市三峽區中正里,65,新北市,65000090,三峽區,237,65000090025,中正里,130,9,25,F,NWT,NULL,NULL
新北市三峽區二鬮里,65,新北市,65000090,三峽區,237,65000090026,二鬮里,130,9,26,F,NWT,NULL,NULL
新北市三峽區龍學里,65,新北市,65000090,三峽區,237,65000090027,龍學里,130,9,27,F,NWT,NULL,NULL
新北市三峽區龍恩里,65,新北市,65000090,三峽區,237,65000090028,龍恩里,130,9,28,F,NWT,NULL,NULL
新北市淡水區中和里,65,新北市,65000100,淡水區,251,65000100001,中和里,130,10,1,F,NWT,NULL,NULL
新北市淡水區屯山里,65,新北市,65000100,淡水區,251,65000100002,屯山里,130,10,2,F,NWT,NULL,NULL
新北市淡水區賢孝里,65,新北市,65000100,淡水區,251,65000100003,賢孝里,130,10,3,F,NWT,NULL,NULL
新北市淡水區興仁里,65,新北市,65000100,淡水區,251,65000100004,興仁里,130,10,4,F,NWT,NULL,NULL
新北市淡水區蕃薯里,65,新北市,65000100,淡水區,251,65000100005,蕃薯里,130,10,5,F,NWT,NULL,NULL
新北市淡水區義山里,65,新北市,65000100,淡水區,251,65000100006,義山里,130,10,6,F,NWT,NULL,NULL
新北市淡水區忠山里,65,新北市,65000100,淡水區,251,65000100007,忠山里,130,10,7,F,NWT,NULL,NULL
新北市淡水區崁頂里,65,新北市,65000100,淡水區,251,65000100008,崁頂里,130,10,8,F,NWT,NULL,NULL
新北市淡水區埤島里,65,新北市,65000100,淡水區,251,65000100009,埤島里,130,10,9,F,NWT,NULL,NULL
新北市淡水區新興里,65,新北市,65000100,淡水區,251,65000100010,新興里,130,10,10,F,NWT,NULL,NULL
新北市淡水區水碓里,65,新北市,65000100,淡水區,251,65000100011,水碓里,130,10,11,F,NWT,NULL,NULL
新北市淡水區北投里,65,新北市,65000100,淡水區,251,65000100012,北投里,130,10,12,F,NWT,NULL,NULL
新北市淡水區水源里,65,新北市,65000100,淡水區,251,65000100013,水源里,130,10,13,F,NWT,NULL,NULL
新北市淡水區忠寮里,65,新北市,65000100,淡水區,251,65000100014,忠寮里,130,10,14,F,NWT,NULL,NULL
新北市淡水區樹興里,65,新北市,65000100,淡水區,251,65000100015,樹興里,130,10,15,F,NWT,NULL,NULL
新北市淡水區坪頂里,65,新北市,65000100,淡水區,251,65000100016,坪頂里,130,10,16,F,NWT,NULL,NULL
新北市淡水區福德里,65,新北市,65000100,淡水區,251,65000100017,福德里,130,10,17,F,NWT,NULL,NULL
新北市淡水區竹圍里,65,新北市,65000100,淡水區,251,65000100018,竹圍里,130,10,18,F,NWT,NULL,NULL
新北市淡水區民生里,65,新北市,65000100,淡水區,251,65000100019,民生里,130,10,19,F,NWT,NULL,NULL
新北市淡水區八勢里,65,新北市,65000100,淡水區,251,65000100020,八勢里,130,10,20,F,NWT,NULL,NULL
新北市淡水區竿蓁里,65,新北市,65000100,淡水區,251,65000100021,竿蓁里,130,10,21,F,NWT,NULL,NULL
新北市淡水區鄧公里,65,新北市,65000100,淡水區,251,65000100022,鄧公里,130,10,22,F,NWT,NULL,NULL
新北市淡水區中興里,65,新北市,65000100,淡水區,251,65000100023,中興里,130,10,23,F,NWT,NULL,NULL
新北市淡水區長庚里,65,新北市,65000100,淡水區,251,65000100024,長庚里,130,10,24,F,NWT,NULL,NULL
新北市淡水區清文里,65,新北市,65000100,淡水區,251,65000100025,清文里,130,10,25,F,NWT,NULL,NULL
新北市淡水區草東里,65,新北市,65000100,淡水區,251,65000100026,草東里,130,10,26,F,NWT,NULL,NULL
新北市淡水區協元里,65,新北市,65000100,淡水區,251,65000100027,協元里,130,10,27,F,NWT,NULL,NULL
新北市淡水區永吉里,65,新北市,65000100,淡水區,251,65000100028,永吉里,130,10,28,F,NWT,NULL,NULL
新北市淡水區民安里,65,新北市,65000100,淡水區,251,65000100029,民安里,130,10,29,F,NWT,NULL,NULL
新北市淡水區新生里,65,新北市,65000100,淡水區,251,65000100030,新生里,130,10,30,F,NWT,NULL,NULL
新北市淡水區文化里,65,新北市,65000100,淡水區,251,65000100031,文化里,130,10,31,F,NWT,NULL,NULL
新北市淡水區油車里,65,新北市,65000100,淡水區,251,65000100032,油車里,130,10,32,F,NWT,NULL,NULL
新北市淡水區沙崙里,65,新北市,65000100,淡水區,251,65000100033,沙崙里,130,10,33,F,NWT,NULL,NULL
新北市淡水區新義里,65,新北市,65000100,淡水區,251,65000100034,新義里,130,10,34,F,NWT,NULL,NULL
新北市淡水區新春里,65,新北市,65000100,淡水區,251,65000100035,新春里,130,10,35,F,NWT,NULL,NULL
新北市淡水區新民里,65,新北市,65000100,淡水區,251,65000100036,新民里,130,10,36,F,NWT,NULL,NULL
新北市淡水區正德里,65,新北市,65000100,淡水區,251,65000100037,正德里,130,10,37,F,NWT,NULL,NULL
新北市淡水區北新里,65,新北市,65000100,淡水區,251,65000100038,北新里,130,10,38,F,NWT,NULL,NULL
新北市淡水區民權里,65,新北市,65000100,淡水區,251,65000100039,民權里,130,10,39,F,NWT,NULL,NULL
新北市淡水區幸福里,65,新北市,65000100,淡水區,251,65000100040,幸福里,130,10,40,F,NWT,NULL,NULL
新北市淡水區學府里,65,新北市,65000100,淡水區,251,65000100041,學府里,130,10,41,F,NWT,NULL,NULL
新北市淡水區大庄里,65,新北市,65000100,淡水區,251,65000100042,大庄里,130,10,42,F,NWT,NULL,NULL
新北市汐止區義民里,65,新北市,65000110,汐止區,221,65000110001,義民里,130,11,1,F,NWT,NULL,NULL
新北市汐止區禮門里,65,新北市,65000110,汐止區,221,65000110002,禮門里,130,11,2,F,NWT,NULL,NULL
新北市汐止區智慧里,65,新北市,65000110,汐止區,221,65000110003,智慧里,130,11,3,F,NWT,NULL,NULL
新北市汐止區信望里,65,新北市,65000110,汐止區,221,65000110004,信望里,130,11,4,F,NWT,NULL,NULL
新北市汐止區橋東里,65,新北市,65000110,汐止區,221,65000110005,橋東里,130,11,5,F,NWT,NULL,NULL
新北市汐止區秀峰里,65,新北市,65000110,汐止區,221,65000110006,秀峰里,130,11,6,F,NWT,NULL,NULL
新北市汐止區新昌里,65,新北市,65000110,汐止區,221,65000110007,新昌里,130,11,7,F,NWT,NULL,NULL
新北市汐止區復興里,65,新北市,65000110,汐止區,221,65000110008,復興里,130,11,8,F,NWT,NULL,NULL
新北市汐止區茄苳里,65,新北市,65000110,汐止區,221,65000110009,茄苳里,130,11,9,F,NWT,NULL,NULL
新北市汐止區長安里,65,新北市,65000110,汐止區,221,65000110010,長安里,130,11,10,F,NWT,NULL,NULL
新北市汐止區保安里,65,新北市,65000110,汐止區,221,65000110011,保安里,130,11,11,F,NWT,NULL,NULL
新北市汐止區保長里,65,新北市,65000110,汐止區,221,65000110012,保長里,130,11,12,F,NWT,NULL,NULL
新北市汐止區鄉長里,65,新北市,65000110,汐止區,221,65000110013,鄉長里,130,11,13,F,NWT,NULL,NULL
新北市汐止區江北里,65,新北市,65000110,汐止區,221,65000110014,江北里,130,11,14,F,NWT,NULL,NULL
新北市汐止區拱北里,65,新北市,65000110,汐止區,221,65000110015,拱北里,130,11,15,F,NWT,NULL,NULL
新北市汐止區烘內里,65,新北市,65000110,汐止區,221,65000110016,烘內里,130,11,16,F,NWT,NULL,NULL
新北市汐止區八連里,65,新北市,65000110,汐止區,221,65000110017,八連里,130,11,17,F,NWT,NULL,NULL
新北市汐止區樟樹里,65,新北市,65000110,汐止區,221,65000110018,樟樹里,130,11,18,F,NWT,NULL,NULL
新北市汐止區北峰里,65,新北市,65000110,汐止區,221,65000110019,北峰里,130,11,19,F,NWT,NULL,NULL
新北市汐止區北山里,65,新北市,65000110,汐止區,221,65000110020,北山里,130,11,20,F,NWT,NULL,NULL
新北市汐止區白雲里,65,新北市,65000110,汐止區,221,65000110021,白雲里,130,11,21,F,NWT,NULL,NULL
新北市汐止區橫科里,65,新北市,65000110,汐止區,221,65000110022,橫科里,130,11,22,F,NWT,NULL,NULL
新北市汐止區東山里,65,新北市,65000110,汐止區,221,65000110023,東山里,130,11,23,F,NWT,NULL,NULL
新北市汐止區福山里,65,新北市,65000110,汐止區,221,65000110024,福山里,130,11,24,F,NWT,NULL,NULL
新北市汐止區宜興里,65,新北市,65000110,汐止區,221,65000110025,宜興里,130,11,25,F,NWT,NULL,NULL
新北市汐止區中興里,65,新北市,65000110,汐止區,221,65000110026,中興里,130,11,26,F,NWT,NULL,NULL
新北市汐止區湖光里,65,新北市,65000110,汐止區,221,65000110027,湖光里,130,11,27,F,NWT,NULL,NULL
新北市汐止區仁德里,65,新北市,65000110,汐止區,221,65000110028,仁德里,130,11,28,F,NWT,NULL,NULL
新北市汐止區厚德里,65,新北市,65000110,汐止區,221,65000110029,厚德里,130,11,29,F,NWT,NULL,NULL
新北市汐止區忠孝里,65,新北市,65000110,汐止區,221,65000110030,忠孝里,130,11,30,F,NWT,NULL,NULL
新北市汐止區自強里,65,新北市,65000110,汐止區,221,65000110031,自強里,130,11,31,F,NWT,NULL,NULL
新北市汐止區文化里,65,新北市,65000110,汐止區,221,65000110032,文化里,130,11,32,F,NWT,NULL,NULL
新北市汐止區金龍里,65,新北市,65000110,汐止區,221,65000110033,金龍里,130,11,33,F,NWT,NULL,NULL
新北市汐止區福德里,65,新北市,65000110,汐止區,221,65000110034,福德里,130,11,34,F,NWT,NULL,NULL
新北市汐止區興福里,65,新北市,65000110,汐止區,221,65000110035,興福里,130,11,35,F,NWT,NULL,NULL
新北市汐止區康福里,65,新北市,65000110,汐止區,221,65000110036,康福里,130,11,36,F,NWT,NULL,NULL
新北市汐止區忠山里,65,新北市,65000110,汐止區,221,65000110037,忠山里,130,11,37,F,NWT,NULL,NULL
新北市汐止區環河里,65,新北市,65000110,汐止區,221,65000110038,環河里,130,11,38,F,NWT,NULL,NULL
新北市汐止區東勢里,65,新北市,65000110,汐止區,221,65000110039,東勢里,130,11,39,F,NWT,NULL,NULL
新北市汐止區山光里,65,新北市,65000110,汐止區,221,65000110040,山光里,130,11,40,F,NWT,NULL,NULL
新北市汐止區大同里,65,新北市,65000110,汐止區,221,65000110041,大同里,130,11,41,F,NWT,NULL,NULL
新北市汐止區崇德里,65,新北市,65000110,汐止區,221,65000110042,崇德里,130,11,42,F,NWT,NULL,NULL
新北市汐止區湖興里,65,新北市,65000110,汐止區,221,65000110043,湖興里,130,11,43,F,NWT,NULL,NULL
新北市汐止區長青里,65,新北市,65000110,汐止區,221,65000110044,長青里,130,11,44,F,NWT,NULL,NULL
新北市汐止區福安里,65,新北市,65000110,汐止區,221,65000110045,福安里,130,11,45,F,NWT,NULL,NULL
新北市汐止區秀山里,65,新北市,65000110,汐止區,221,65000110046,秀山里,130,11,46,F,NWT,NULL,NULL
新北市汐止區建成里,65,新北市,65000110,汐止區,221,65000110047,建成里,130,11,47,F,NWT,NULL,NULL
新北市汐止區城中里,65,新北市,65000110,汐止區,221,65000110048,城中里,130,11,48,F,NWT,NULL,NULL
新北市汐止區湖蓮里,65,新北市,65000110,汐止區,221,65000110049,湖蓮里,130,11,49,F,NWT,NULL,NULL
新北市汐止區保新里,65,新北市,65000110,汐止區,221,65000110050,保新里,130,11,50,F,NWT,NULL,NULL
新北市瑞芳區龍潭里,65,新北市,65000120,瑞芳區,224,65000120001,龍潭里,130,12,1,F,NWT,NULL,NULL
新北市瑞芳區龍興里,65,新北市,65000120,瑞芳區,224,65000120002,龍興里,130,12,2,F,NWT,NULL,NULL
新北市瑞芳區龍鎮里,65,新北市,65000120,瑞芳區,224,65000120003,龍鎮里,130,12,3,F,NWT,NULL,NULL
新北市瑞芳區龍川里,65,新北市,65000120,瑞芳區,224,65000120004,龍川里,130,12,4,F,NWT,NULL,NULL
新北市瑞芳區龍山里,65,新北市,65000120,瑞芳區,224,65000120005,龍山里,130,12,5,F,NWT,NULL,NULL
新北市瑞芳區龍安里,65,新北市,65000120,瑞芳區,224,65000120006,龍安里,130,12,6,F,NWT,NULL,NULL
新北市瑞芳區爪峯里,65,新北市,65000120,瑞芳區,224,65000120007,爪峯里,130,12,7,F,NWT,NULL,NULL
新北市瑞芳區柑坪里,65,新北市,65000120,瑞芳區,224,65000120008,柑坪里,130,12,8,F,NWT,NULL,NULL
新北市瑞芳區東和里,65,新北市,65000120,瑞芳區,224,65000120009,東和里,130,12,9,F,NWT,NULL,NULL
新北市瑞芳區上天里,65,新北市,65000120,瑞芳區,224,65000120010,上天里,130,12,10,F,NWT,NULL,NULL
新北市瑞芳區吉慶里,65,新北市,65000120,瑞芳區,224,65000120011,吉慶里,130,12,11,F,NWT,NULL,NULL
新北市瑞芳區吉安里,65,新北市,65000120,瑞芳區,224,65000120012,吉安里,130,12,12,F,NWT,NULL,NULL
新北市瑞芳區傑魚里,65,新北市,65000120,瑞芳區,224,65000120013,傑魚里,130,12,13,F,NWT,NULL,NULL
新北市瑞芳區猴硐里,65,新北市,65000120,瑞芳區,224,65000120014,猴硐里,130,12,14,F,NWT,NULL,NULL
新北市瑞芳區光復里,65,新北市,65000120,瑞芳區,224,65000120015,光復里,130,12,15,F,NWT,NULL,NULL
新北市瑞芳區弓橋里,65,新北市,65000120,瑞芳區,224,65000120016,弓橋里,130,12,16,F,NWT,NULL,NULL
新北市瑞芳區碩仁里,65,新北市,65000120,瑞芳區,224,65000120017,碩仁里,130,12,17,F,NWT,NULL,NULL
新北市瑞芳區基山里,65,新北市,65000120,瑞芳區,224,65000120018,基山里,130,12,18,F,NWT,NULL,NULL
新北市瑞芳區永慶里,65,新北市,65000120,瑞芳區,224,65000120019,永慶里,130,12,19,F,NWT,NULL,NULL
新北市瑞芳區崇文里,65,新北市,65000120,瑞芳區,224,65000120020,崇文里,130,12,20,F,NWT,NULL,NULL
新北市瑞芳區福住里,65,新北市,65000120,瑞芳區,224,65000120021,福住里,130,12,21,F,NWT,NULL,NULL
新北市瑞芳區頌德里,65,新北市,65000120,瑞芳區,224,65000120022,頌德里,130,12,22,F,NWT,NULL,NULL
新北市瑞芳區新山里,65,新北市,65000120,瑞芳區,224,65000120023,新山里,130,12,23,F,NWT,NULL,NULL
新北市瑞芳區瓜山里,65,新北市,65000120,瑞芳區,224,65000120024,瓜山里,130,12,24,F,NWT,NULL,NULL
新北市瑞芳區銅山里,65,新北市,65000120,瑞芳區,224,65000120025,銅山里,130,12,25,F,NWT,NULL,NULL
新北市瑞芳區石山里,65,新北市,65000120,瑞芳區,224,65000120026,石山里,130,12,26,F,NWT,NULL,NULL
新北市瑞芳區濓新里,65,新北市,65000120,瑞芳區,224,65000120027,濓新里,130,12,27,F,NWT,NULL,NULL
新北市瑞芳區濓洞里,65,新北市,65000120,瑞芳區,224,65000120028,濓洞里,130,12,28,F,NWT,NULL,NULL
新北市瑞芳區海濱里,65,新北市,65000120,瑞芳區,224,65000120029,海濱里,130,12,29,F,NWT,NULL,NULL
新北市瑞芳區瑞濱里,65,新北市,65000120,瑞芳區,224,65000120030,瑞濱里,130,12,30,F,NWT,NULL,NULL
新北市瑞芳區深澳里,65,新北市,65000120,瑞芳區,224,65000120031,深澳里,130,12,31,F,NWT,NULL,NULL
新北市瑞芳區南雅里,65,新北市,65000120,瑞芳區,224,65000120032,南雅里,130,12,32,F,NWT,NULL,NULL
新北市瑞芳區鼻頭里,65,新北市,65000120,瑞芳區,224,65000120033,鼻頭里,130,12,33,F,NWT,NULL,NULL
新北市瑞芳區新峰里,65,新北市,65000120,瑞芳區,224,65000120034,新峰里,130,12,34,F,NWT,NULL,NULL
新北市土城區埤塘里,65,新北市,65000130,土城區,236,65000130001,埤塘里,130,13,1,F,NWT,NULL,NULL
新北市土城區土城里,65,新北市,65000130,土城區,236,65000130002,土城里,130,13,2,F,NWT,NULL,NULL
新北市土城區員林里,65,新北市,65000130,土城區,236,65000130003,員林里,130,13,3,F,NWT,NULL,NULL
新北市土城區員仁里,65,新北市,65000130,土城區,236,65000130004,員仁里,130,13,4,F,NWT,NULL,NULL
新北市土城區長風里,65,新北市,65000130,土城區,236,65000130005,長風里,130,13,5,F,NWT,NULL,NULL
新北市土城區日新里,65,新北市,65000130,土城區,236,65000130006,日新里,130,13,6,F,NWT,NULL,NULL
新北市土城區日和里,65,新北市,65000130,土城區,236,65000130007,日和里,130,13,7,F,NWT,NULL,NULL
新北市土城區貨饒里,65,新北市,65000130,土城區,236,65000130008,貨饒里,130,13,8,F,NWT,NULL,NULL
新北市土城區柑林里,65,新北市,65000130,土城區,236,65000130009,柑林里,130,13,9,F,NWT,NULL,NULL
新北市土城區埤林里,65,新北市,65000130,土城區,236,65000130010,埤林里,130,13,10,F,NWT,NULL,NULL
新北市土城區瑞興里,65,新北市,65000130,土城區,236,65000130011,瑞興里,130,13,11,F,NWT,NULL,NULL
新北市土城區清水里,65,新北市,65000130,土城區,236,65000130012,清水里,130,13,12,F,NWT,NULL,NULL
新北市土城區清和里,65,新北市,65000130,土城區,236,65000130013,清和里,130,13,13,F,NWT,NULL,NULL
新北市土城區永豐里,65,新北市,65000130,土城區,236,65000130014,永豐里,130,13,14,F,NWT,NULL,NULL
新北市土城區清化里,65,新北市,65000130,土城區,236,65000130015,清化里,130,13,15,F,NWT,NULL,NULL
新北市土城區清溪里,65,新北市,65000130,土城區,236,65000130016,清溪里,130,13,16,F,NWT,NULL,NULL
新北市土城區峯廷里,65,新北市,65000130,土城區,236,65000130017,峯廷里,130,13,17,F,NWT,NULL,NULL
新北市土城區平和里,65,新北市,65000130,土城區,236,65000130018,平和里,130,13,18,F,NWT,NULL,NULL
新北市土城區廷寮里,65,新北市,65000130,土城區,236,65000130019,廷寮里,130,13,19,F,NWT,NULL,NULL
新北市土城區大安里,65,新北市,65000130,土城區,236,65000130020,大安里,130,13,20,F,NWT,NULL,NULL
新北市土城區永寧里,65,新北市,65000130,土城區,236,65000130021,永寧里,130,13,21,F,NWT,NULL,NULL
新北市土城區沛陂里,65,新北市,65000130,土城區,236,65000130022,沛陂里,130,13,22,F,NWT,NULL,NULL
新北市土城區頂埔里,65,新北市,65000130,土城區,236,65000130023,頂埔里,130,13,23,F,NWT,NULL,NULL
新北市土城區頂福里,65,新北市,65000130,土城區,236,65000130024,頂福里,130,13,24,F,NWT,NULL,NULL
新北市土城區頂新里,65,新北市,65000130,土城區,236,65000130025,頂新里,130,13,25,F,NWT,NULL,NULL
新北市土城區祖田里,65,新北市,65000130,土城區,236,65000130026,祖田里,130,13,26,F,NWT,NULL,NULL
新北市土城區樂利里,65,新北市,65000130,土城區,236,65000130027,樂利里,130,13,27,F,NWT,NULL,NULL
新北市土城區廣福里,65,新北市,65000130,土城區,236,65000130028,廣福里,130,13,28,F,NWT,NULL,NULL
新北市土城區學府里,65,新北市,65000130,土城區,236,65000130029,學府里,130,13,29,F,NWT,NULL,NULL
新北市土城區延壽里,65,新北市,65000130,土城區,236,65000130030,延壽里,130,13,30,F,NWT,NULL,NULL
新北市土城區安和里,65,新北市,65000130,土城區,236,65000130031,安和里,130,13,31,F,NWT,NULL,NULL
新北市土城區青雲里,65,新北市,65000130,土城區,236,65000130032,青雲里,130,13,32,F,NWT,NULL,NULL
新北市土城區員福里,65,新北市,65000130,土城區,236,65000130033,員福里,130,13,33,F,NWT,NULL,NULL
新北市土城區延吉里,65,新北市,65000130,土城區,236,65000130034,延吉里,130,13,34,F,NWT,NULL,NULL
新北市土城區復興里,65,新北市,65000130,土城區,236,65000130035,復興里,130,13,35,F,NWT,NULL,NULL
新北市土城區裕生里,65,新北市,65000130,土城區,236,65000130036,裕生里,130,13,36,F,NWT,NULL,NULL
新北市土城區員信里,65,新北市,65000130,土城區,236,65000130037,員信里,130,13,37,F,NWT,NULL,NULL
新北市土城區永富里,65,新北市,65000130,土城區,236,65000130038,永富里,130,13,38,F,NWT,NULL,NULL
新北市土城區學成里,65,新北市,65000130,土城區,236,65000130039,學成里,130,13,39,F,NWT,NULL,NULL
新北市土城區延和里,65,新北市,65000130,土城區,236,65000130040,延和里,130,13,40,F,NWT,NULL,NULL
新北市土城區中正里,65,新北市,65000130,土城區,236,65000130041,中正里,130,13,41,F,NWT,NULL,NULL
新北市土城區學士里,65,新北市,65000130,土城區,236,65000130042,學士里,130,13,42,F,NWT,NULL,NULL
新北市土城區明德里,65,新北市,65000130,土城區,236,65000130043,明德里,130,13,43,F,NWT,NULL,NULL
新北市土城區廣興里,65,新北市,65000130,土城區,236,65000130044,廣興里,130,13,44,F,NWT,NULL,NULL
新北市土城區青山里,65,新北市,65000130,土城區,236,65000130045,青山里,130,13,45,F,NWT,NULL,NULL
新北市土城區金城里,65,新北市,65000130,土城區,236,65000130046,金城里,130,13,46,F,NWT,NULL,NULL
新北市土城區延祿里,65,新北市,65000130,土城區,236,65000130047,延祿里,130,13,47,F,NWT,NULL,NULL
新北市蘆洲區正義里,65,新北市,65000140,蘆洲區,247,65000140001,正義里,130,14,1,F,NWT,NULL,NULL
新北市蘆洲區中原里,65,新北市,65000140,蘆洲區,247,65000140002,中原里,130,14,2,F,NWT,NULL,NULL
新北市蘆洲區中路里,65,新北市,65000140,蘆洲區,247,65000140003,中路里,130,14,3,F,NWT,NULL,NULL
新北市蘆洲區光華里,65,新北市,65000140,蘆洲區,247,65000140004,光華里,130,14,4,F,NWT,NULL,NULL
新北市蘆洲區保佑里,65,新北市,65000140,蘆洲區,247,65000140005,保佑里,130,14,5,F,NWT,NULL,NULL
新北市蘆洲區水湳里,65,新北市,65000140,蘆洲區,247,65000140006,水湳里,130,14,6,F,NWT,NULL,NULL
新北市蘆洲區樓厝里,65,新北市,65000140,蘆洲區,247,65000140007,樓厝里,130,14,7,F,NWT,NULL,NULL
新北市蘆洲區鷺江里,65,新北市,65000140,蘆洲區,247,65000140008,鷺江里,130,14,8,F,NWT,NULL,NULL
新北市蘆洲區恆德里,65,新北市,65000140,蘆洲區,247,65000140009,恆德里,130,14,9,F,NWT,NULL,NULL
新北市蘆洲區溪墘里,65,新北市,65000140,蘆洲區,247,65000140010,溪墘里,130,14,10,F,NWT,NULL,NULL
新北市蘆洲區樹德里,65,新北市,65000140,蘆洲區,247,65000140011,樹德里,130,14,11,F,NWT,NULL,NULL
新北市蘆洲區保和里,65,新北市,65000140,蘆洲區,247,65000140012,保和里,130,14,12,F,NWT,NULL,NULL
新北市蘆洲區仁復里,65,新北市,65000140,蘆洲區,247,65000140013,仁復里,130,14,13,F,NWT,NULL,NULL
新北市蘆洲區得勝里,65,新北市,65000140,蘆洲區,247,65000140014,得勝里,130,14,14,F,NWT,NULL,NULL
新北市蘆洲區南港里,65,新北市,65000140,蘆洲區,247,65000140015,南港里,130,14,15,F,NWT,NULL,NULL
新北市蘆洲區永樂里,65,新北市,65000140,蘆洲區,247,65000140016,永樂里,130,14,16,F,NWT,NULL,NULL
新北市蘆洲區永康里,65,新北市,65000140,蘆洲區,247,65000140017,永康里,130,14,17,F,NWT,NULL,NULL
新北市蘆洲區信義里,65,新北市,65000140,蘆洲區,247,65000140018,信義里,130,14,18,F,NWT,NULL,NULL
新北市蘆洲區玉清里,65,新北市,65000140,蘆洲區,247,65000140019,玉清里,130,14,19,F,NWT,NULL,NULL
新北市蘆洲區復興里,65,新北市,65000140,蘆洲區,247,65000140020,復興里,130,14,20,F,NWT,NULL,NULL
新北市蘆洲區水河里,65,新北市,65000140,蘆洲區,247,65000140021,水河里,130,14,21,F,NWT,NULL,NULL
新北市蘆洲區仁愛里,65,新北市,65000140,蘆洲區,247,65000140022,仁愛里,130,14,22,F,NWT,NULL,NULL
新北市蘆洲區忠義里,65,新北市,65000140,蘆洲區,247,65000140023,忠義里,130,14,23,F,NWT,NULL,NULL
新北市蘆洲區九芎里,65,新北市,65000140,蘆洲區,247,65000140024,九芎里,130,14,24,F,NWT,NULL,NULL
新北市蘆洲區中華里,65,新北市,65000140,蘆洲區,247,65000140025,中華里,130,14,25,F,NWT,NULL,NULL
新北市蘆洲區得仁里,65,新北市,65000140,蘆洲區,247,65000140026,得仁里,130,14,26,F,NWT,NULL,NULL
新北市蘆洲區仁德里,65,新北市,65000140,蘆洲區,247,65000140027,仁德里,130,14,27,F,NWT,NULL,NULL
新北市蘆洲區仁義里,65,新北市,65000140,蘆洲區,247,65000140028,仁義里,130,14,28,F,NWT,NULL,NULL
新北市蘆洲區光明里,65,新北市,65000140,蘆洲區,247,65000140029,光明里,130,14,29,F,NWT,NULL,NULL
新北市蘆洲區保新里,65,新北市,65000140,蘆洲區,247,65000140030,保新里,130,14,30,F,NWT,NULL,NULL
新北市蘆洲區長安里,65,新北市,65000140,蘆洲區,247,65000140031,長安里,130,14,31,F,NWT,NULL,NULL
新北市蘆洲區民和里,65,新北市,65000140,蘆洲區,247,65000140032,民和里,130,14,32,F,NWT,NULL,NULL
新北市蘆洲區忠孝里,65,新北市,65000140,蘆洲區,247,65000140033,忠孝里,130,14,33,F,NWT,NULL,NULL
新北市蘆洲區福安里,65,新北市,65000140,蘆洲區,247,65000140034,福安里,130,14,34,F,NWT,NULL,NULL
新北市蘆洲區永安里,65,新北市,65000140,蘆洲區,247,65000140035,永安里,130,14,35,F,NWT,NULL,NULL
新北市蘆洲區延平里,65,新北市,65000140,蘆洲區,247,65000140036,延平里,130,14,36,F,NWT,NULL,NULL
新北市蘆洲區成功里,65,新北市,65000140,蘆洲區,247,65000140037,成功里,130,14,37,F,NWT,NULL,NULL
新北市蘆洲區永德里,65,新北市,65000140,蘆洲區,247,65000140038,永德里,130,14,38,F,NWT,NULL,NULL
新北市五股區興珍里,65,新北市,65000150,五股區,248,65000150001,興珍里,130,15,1,F,NWT,NULL,NULL
新北市五股區更寮里,65,新北市,65000150,五股區,248,65000150002,更寮里,130,15,2,F,NWT,NULL,NULL
新北市五股區集福里,65,新北市,65000150,五股區,248,65000150003,集福里,130,15,3,F,NWT,NULL,NULL
新北市五股區觀音里,65,新北市,65000150,五股區,248,65000150004,觀音里,130,15,4,F,NWT,NULL,NULL
新北市五股區成州里,65,新北市,65000150,五股區,248,65000150005,成州里,130,15,5,F,NWT,NULL,NULL
新北市五股區成功里,65,新北市,65000150,五股區,248,65000150006,成功里,130,15,6,F,NWT,NULL,NULL
新北市五股區五龍里,65,新北市,65000150,五股區,248,65000150007,五龍里,130,15,7,F,NWT,NULL,NULL
新北市五股區五股里,65,新北市,65000150,五股區,248,65000150008,五股里,130,15,8,F,NWT,NULL,NULL
新北市五股區五福里,65,新北市,65000150,五股區,248,65000150009,五福里,130,15,9,F,NWT,NULL,NULL
新北市五股區德音里,65,新北市,65000150,五股區,248,65000150010,德音里,130,15,10,F,NWT,NULL,NULL
新北市五股區陸一里,65,新北市,65000150,五股區,248,65000150011,陸一里,130,15,11,F,NWT,NULL,NULL
新北市五股區貿商里,65,新北市,65000150,五股區,248,65000150012,貿商里,130,15,12,F,NWT,NULL,NULL
新北市五股區德泰里,65,新北市,65000150,五股區,248,65000150013,德泰里,130,15,13,F,NWT,NULL,NULL
新北市五股區成德里,65,新北市,65000150,五股區,248,65000150014,成德里,130,15,14,F,NWT,NULL,NULL
新北市五股區六福里,65,新北市,65000150,五股區,248,65000150015,六福里,130,15,15,F,NWT,NULL,NULL
新北市五股區集賢里,65,新北市,65000150,五股區,248,65000150016,集賢里,130,15,16,F,NWT,NULL,NULL
新北市五股區民義里,65,新北市,65000150,五股區,248,65000150017,民義里,130,15,17,F,NWT,NULL,NULL
新北市五股區成泰里,65,新北市,65000150,五股區,248,65000150018,成泰里,130,15,18,F,NWT,NULL,NULL
新北市五股區水碓里,65,新北市,65000150,五股區,248,65000150019,水碓里,130,15,19,F,NWT,NULL,NULL
新北市五股區福德里,65,新北市,65000150,五股區,248,65000150020,福德里,130,15,20,F,NWT,NULL,NULL
新北市泰山區大科里,65,新北市,65000160,泰山區,243,65000160001,大科里,130,16,1,F,NWT,NULL,NULL
新北市泰山區黎明里,65,新北市,65000160,泰山區,243,65000160002,黎明里,130,16,2,F,NWT,NULL,NULL
新北市泰山區山腳里,65,新北市,65000160,泰山區,243,65000160003,山腳里,130,16,3,F,NWT,NULL,NULL
新北市泰山區福泰里,65,新北市,65000160,泰山區,243,65000160004,福泰里,130,16,4,F,NWT,NULL,NULL
新北市泰山區楓樹里,65,新北市,65000160,泰山區,243,65000160005,楓樹里,130,16,5,F,NWT,NULL,NULL
新北市泰山區同榮里,65,新北市,65000160,泰山區,243,65000160006,同榮里,130,16,6,F,NWT,NULL,NULL
新北市泰山區義學里,65,新北市,65000160,泰山區,243,65000160007,義學里,130,16,7,F,NWT,NULL,NULL
新北市泰山區明志里,65,新北市,65000160,泰山區,243,65000160008,明志里,130,16,8,F,NWT,NULL,NULL
新北市泰山區貴子里,65,新北市,65000160,泰山區,243,65000160009,貴子里,130,16,9,F,NWT,NULL,NULL
新北市泰山區貴和里,65,新北市,65000160,泰山區,243,65000160010,貴和里,130,16,10,F,NWT,NULL,NULL
新北市泰山區同興里,65,新北市,65000160,泰山區,243,65000160011,同興里,130,16,11,F,NWT,NULL,NULL
新北市泰山區義仁里,65,新北市,65000160,泰山區,243,65000160012,義仁里,130,16,12,F,NWT,NULL,NULL
新北市泰山區泰友里,65,新北市,65000160,泰山區,243,65000160013,泰友里,130,16,13,F,NWT,NULL,NULL
新北市泰山區新明里,65,新北市,65000160,泰山區,243,65000160014,新明里,130,16,14,F,NWT,NULL,NULL
新北市泰山區貴賢里,65,新北市,65000160,泰山區,243,65000160015,貴賢里,130,16,15,F,NWT,NULL,NULL
新北市泰山區福興里,65,新北市,65000160,泰山區,243,65000160016,福興里,130,16,16,F,NWT,NULL,NULL
新北市泰山區全興里,65,新北市,65000160,泰山區,243,65000160017,全興里,130,16,17,F,NWT,NULL,NULL
新北市林口區東林里,65,新北市,65000170,林口區,244,65000170001,東林里,130,17,1,F,NWT,NULL,NULL
新北市林口區林口里,65,新北市,65000170,林口區,244,65000170002,林口里,130,17,2,F,NWT,NULL,NULL
新北市林口區西林里,65,新北市,65000170,林口區,244,65000170003,西林里,130,17,3,F,NWT,NULL,NULL
新北市林口區菁湖里,65,新北市,65000170,林口區,244,65000170004,菁湖里,130,17,4,F,NWT,NULL,NULL
新北市林口區中湖里,65,新北市,65000170,林口區,244,65000170005,中湖里,130,17,5,F,NWT,NULL,NULL
新北市林口區湖北里,65,新北市,65000170,林口區,244,65000170006,湖北里,130,17,6,F,NWT,NULL,NULL
新北市林口區湖南里,65,新北市,65000170,林口區,244,65000170007,湖南里,130,17,7,F,NWT,NULL,NULL
新北市林口區南勢里,65,新北市,65000170,林口區,244,65000170008,南勢里,130,17,8,F,NWT,NULL,NULL
新北市林口區東勢里,65,新北市,65000170,林口區,244,65000170009,東勢里,130,17,9,F,NWT,NULL,NULL
新北市林口區頂福里,65,新北市,65000170,林口區,244,65000170010,頂福里,130,17,10,F,NWT,NULL,NULL
新北市林口區下福里,65,新北市,65000170,林口區,244,65000170011,下福里,130,17,11,F,NWT,NULL,NULL
新北市林口區嘉寶里,65,新北市,65000170,林口區,244,65000170012,嘉寶里,130,17,12,F,NWT,NULL,NULL
新北市林口區瑞平里,65,新北市,65000170,林口區,244,65000170013,瑞平里,130,17,13,F,NWT,NULL,NULL
新北市林口區太平里,65,新北市,65000170,林口區,244,65000170014,太平里,130,17,14,F,NWT,NULL,NULL
新北市林口區仁愛里,65,新北市,65000170,林口區,244,65000170015,仁愛里,130,17,15,F,NWT,NULL,NULL
新北市林口區麗林里,65,新北市,65000170,林口區,244,65000170016,麗林里,130,17,16,F,NWT,NULL,NULL
新北市林口區麗園里,65,新北市,65000170,林口區,244,65000170017,麗園里,130,17,17,F,NWT,NULL,NULL
新北市深坑區深坑里,65,新北市,65000180,深坑區,222,65000180001,深坑里,130,18,1,F,NWT,NULL,NULL
新北市深坑區萬順里,65,新北市,65000180,深坑區,222,65000180002,萬順里,130,18,2,F,NWT,NULL,NULL
新北市深坑區土庫里,65,新北市,65000180,深坑區,222,65000180003,土庫里,130,18,3,F,NWT,NULL,NULL
新北市深坑區昇高里,65,新北市,65000180,深坑區,222,65000180004,昇高里,130,18,4,F,NWT,NULL,NULL
新北市深坑區阿柔里,65,新北市,65000180,深坑區,222,65000180005,阿柔里,130,18,5,F,NWT,NULL,NULL
新北市深坑區埔新里,65,新北市,65000180,深坑區,222,65000180006,埔新里,130,18,6,F,NWT,NULL,NULL
新北市深坑區萬福里,65,新北市,65000180,深坑區,222,65000180007,萬福里,130,18,7,F,NWT,NULL,NULL
新北市深坑區賴仲里,65,新北市,65000180,深坑區,222,65000180008,賴仲里,130,18,8,F,NWT,NULL,NULL
新北市石碇區石碇里,65,新北市,65000190,石碇區,223,65000190001,石碇里,130,19,1,F,NWT,NULL,NULL
新北市石碇區潭邊里,65,新北市,65000190,石碇區,223,65000190002,潭邊里,130,19,2,F,NWT,NULL,NULL
新北市石碇區隆盛里,65,新北市,65000190,石碇區,223,65000190003,隆盛里,130,19,3,F,NWT,NULL,NULL
新北市石碇區烏塗里,65,新北市,65000190,石碇區,223,65000190004,烏塗里,130,19,4,F,NWT,NULL,NULL
新北市石碇區彭山里,65,新北市,65000190,石碇區,223,65000190005,彭山里,130,19,5,F,NWT,NULL,NULL
新北市石碇區豐田里,65,新北市,65000190,石碇區,223,65000190006,豐田里,130,19,6,F,NWT,NULL,NULL
新北市石碇區永定里,65,新北市,65000190,石碇區,223,65000190007,永定里,130,19,7,F,NWT,NULL,NULL
新北市石碇區中民里,65,新北市,65000190,石碇區,223,65000190008,中民里,130,19,8,F,NWT,NULL,NULL
新北市石碇區光明里,65,新北市,65000190,石碇區,223,65000190009,光明里,130,19,9,F,NWT,NULL,NULL
新北市石碇區豐林里,65,新北市,65000190,石碇區,223,65000190010,豐林里,130,19,10,F,NWT,NULL,NULL
新北市石碇區永安里,65,新北市,65000190,石碇區,223,65000190011,永安里,130,19,11,F,NWT,NULL,NULL
新北市石碇區格頭里,65,新北市,65000190,石碇區,223,65000190012,格頭里,130,19,12,F,NWT,NULL,NULL
新北市坪林區粗窟里,65,新北市,65000200,坪林區,232,65000200001,粗窟里,130,20,1,F,NWT,NULL,NULL
新北市坪林區坪林里,65,新北市,65000200,坪林區,232,65000200002,坪林里,130,20,2,F,NWT,NULL,NULL
新北市坪林區大林里,65,新北市,65000200,坪林區,232,65000200003,大林里,130,20,3,F,NWT,NULL,NULL
新北市坪林區石𥕢里,65,新北市,65000200,坪林區,232,65000200004,石𥕢里,130,20,4,F,NWT,NULL,NULL
新北市坪林區上德里,65,新北市,65000200,坪林區,232,65000200005,上德里,130,20,5,F,NWT,NULL,NULL
新北市坪林區水德里,65,新北市,65000200,坪林區,232,65000200006,水德里,130,20,6,F,NWT,NULL,NULL
新北市坪林區漁光里,65,新北市,65000200,坪林區,232,65000200007,漁光里,130,20,7,F,NWT,NULL,NULL
新北市三芝區八賢里,65,新北市,65000210,三芝區,252,65000210001,八賢里,130,21,1,F,NWT,NULL,NULL
新北市三芝區埔頭里,65,新北市,65000210,三芝區,252,65000210002,埔頭里,130,21,2,F,NWT,NULL,NULL
新北市三芝區古庄里,65,新北市,65000210,三芝區,252,65000210003,古庄里,130,21,3,F,NWT,NULL,NULL
新北市三芝區新庄里,65,新北市,65000210,三芝區,252,65000210004,新庄里,130,21,4,F,NWT,NULL,NULL
新北市三芝區埔坪里,65,新北市,65000210,三芝區,252,65000210005,埔坪里,130,21,5,F,NWT,NULL,NULL
新北市三芝區茂長里,65,新北市,65000210,三芝區,252,65000210006,茂長里,130,21,6,F,NWT,NULL,NULL
新北市三芝區橫山里,65,新北市,65000210,三芝區,252,65000210007,橫山里,130,21,7,F,NWT,NULL,NULL
新北市三芝區錫板里,65,新北市,65000210,三芝區,252,65000210008,錫板里,130,21,8,F,NWT,NULL,NULL
新北市三芝區後厝里,65,新北市,65000210,三芝區,252,65000210009,後厝里,130,21,9,F,NWT,NULL,NULL
新北市三芝區福德里,65,新北市,65000210,三芝區,252,65000210010,福德里,130,21,10,F,NWT,NULL,NULL
新北市三芝區圓山里,65,新北市,65000210,三芝區,252,65000210011,圓山里,130,21,11,F,NWT,NULL,NULL
新北市三芝區店子里,65,新北市,65000210,三芝區,252,65000210012,店子里,130,21,12,F,NWT,NULL,NULL
新北市三芝區興華里,65,新北市,65000210,三芝區,252,65000210013,興華里,130,21,13,F,NWT,NULL,NULL
新北市石門區德茂里,65,新北市,65000220,石門區,253,65000220001,德茂里,130,22,1,F,NWT,NULL,NULL
新北市石門區富基里,65,新北市,65000220,石門區,253,65000220002,富基里,130,22,2,F,NWT,NULL,NULL
新北市石門區老梅里,65,新北市,65000220,石門區,253,65000220003,老梅里,130,22,3,F,NWT,NULL,NULL
新北市石門區山溪里,65,新北市,65000220,石門區,253,65000220004,山溪里,130,22,4,F,NWT,NULL,NULL
新北市石門區石門里,65,新北市,65000220,石門區,253,65000220005,石門里,130,22,5,F,NWT,NULL,NULL
新北市石門區尖鹿里,65,新北市,65000220,石門區,253,65000220006,尖鹿里,130,22,6,F,NWT,NULL,NULL
新北市石門區乾華里,65,新北市,65000220,石門區,253,65000220007,乾華里,130,22,7,F,NWT,NULL,NULL
新北市石門區茂林里,65,新北市,65000220,石門區,253,65000220008,茂林里,130,22,8,F,NWT,NULL,NULL
新北市石門區草里里,65,新北市,65000220,石門區,253,65000220009,草里里,130,22,9,F,NWT,NULL,NULL
新北市八里區龍源里,65,新北市,65000230,八里區,249,65000230001,龍源里,130,23,1,F,NWT,NULL,NULL
新北市八里區米倉里,65,新北市,65000230,八里區,249,65000230002,米倉里,130,23,2,F,NWT,NULL,NULL
新北市八里區大崁里,65,新北市,65000230,八里區,249,65000230003,大崁里,130,23,3,F,NWT,NULL,NULL
新北市八里區埤頭里,65,新北市,65000230,八里區,249,65000230004,埤頭里,130,23,4,F,NWT,NULL,NULL
新北市八里區頂罟里,65,新北市,65000230,八里區,249,65000230005,頂罟里,130,23,5,F,NWT,NULL,NULL
新北市八里區舊城里,65,新北市,65000230,八里區,249,65000230006,舊城里,130,23,6,F,NWT,NULL,NULL
新北市八里區訊塘里,65,新北市,65000230,八里區,249,65000230007,訊塘里,130,23,7,F,NWT,NULL,NULL
新北市八里區荖阡里,65,新北市,65000230,八里區,249,65000230008,荖阡里,130,23,8,F,NWT,NULL,NULL
新北市八里區長坑里,65,新北市,65000230,八里區,249,65000230009,長坑里,130,23,9,F,NWT,NULL,NULL
新北市八里區下罟里,65,新北市,65000230,八里區,249,65000230010,下罟里,130,23,10,F,NWT,NULL,NULL
新北市平溪區薯榔里,65,新北市,65000240,平溪區,226,65000240001,薯榔里,130,24,1,F,NWT,NULL,NULL
新北市平溪區菁桐里,65,新北市,65000240,平溪區,226,65000240002,菁桐里,130,24,2,F,NWT,NULL,NULL
新北市平溪區白石里,65,新北市,65000240,平溪區,226,65000240003,白石里,130,24,3,F,NWT,NULL,NULL
新北市平溪區石底里,65,新北市,65000240,平溪區,226,65000240004,石底里,130,24,4,F,NWT,NULL,NULL
新北市平溪區平溪里,65,新北市,65000240,平溪區,226,65000240005,平溪里,130,24,5,F,NWT,NULL,NULL
新北市平溪區嶺腳里,65,新北市,65000240,平溪區,226,65000240006,嶺腳里,130,24,6,F,NWT,NULL,NULL
新北市平溪區東勢里,65,新北市,65000240,平溪區,226,65000240007,東勢里,130,24,7,F,NWT,NULL,NULL
新北市平溪區望古里,65,新北市,65000240,平溪區,226,65000240008,望古里,130,24,8,F,NWT,NULL,NULL
新北市平溪區南山里,65,新北市,65000240,平溪區,226,65000240009,南山里,130,24,9,F,NWT,NULL,NULL
新北市平溪區平湖里,65,新北市,65000240,平溪區,226,65000240010,平湖里,130,24,10,F,NWT,NULL,NULL
新北市平溪區十分里,65,新北市,65000240,平溪區,226,65000240011,十分里,130,24,11,F,NWT,NULL,NULL
新北市平溪區新寮里,65,新北市,65000240,平溪區,226,65000240012,新寮里,130,24,12,F,NWT,NULL,NULL
新北市雙溪區雙溪里,65,新北市,65000250,雙溪區,227,65000250001,雙溪里,130,25,1,F,NWT,NULL,NULL
新北市雙溪區共和里,65,新北市,65000250,雙溪區,227,65000250002,共和里,130,25,2,F,NWT,NULL,NULL
新北市雙溪區新基里,65,新北市,65000250,雙溪區,227,65000250003,新基里,130,25,3,F,NWT,NULL,NULL
新北市雙溪區魚行里,65,新北市,65000250,雙溪區,227,65000250004,魚行里,130,25,4,F,NWT,NULL,NULL
新北市雙溪區三港里,65,新北市,65000250,雙溪區,227,65000250005,三港里,130,25,5,F,NWT,NULL,NULL
新北市雙溪區牡丹里,65,新北市,65000250,雙溪區,227,65000250006,牡丹里,130,25,6,F,NWT,NULL,NULL
新北市雙溪區三貂里,65,新北市,65000250,雙溪區,227,65000250007,三貂里,130,25,7,F,NWT,NULL,NULL
新北市雙溪區平林里,65,新北市,65000250,雙溪區,227,65000250008,平林里,130,25,8,F,NWT,NULL,NULL
新北市雙溪區上林里,65,新北市,65000250,雙溪區,227,65000250009,上林里,130,25,9,F,NWT,NULL,NULL
新北市雙溪區外柑里,65,新北市,65000250,雙溪區,227,65000250010,外柑里,130,25,10,F,NWT,NULL,NULL
新北市雙溪區長源里,65,新北市,65000250,雙溪區,227,65000250011,長源里,130,25,11,F,NWT,NULL,NULL
新北市雙溪區泰平里,65,新北市,65000250,雙溪區,227,65000250012,泰平里,130,25,12,F,NWT,NULL,NULL
新北市貢寮區貢寮里,65,新北市,65000260,貢寮區,228,65000260001,貢寮里,130,26,1,F,NWT,NULL,NULL
新北市貢寮區吉林里,65,新北市,65000260,貢寮區,228,65000260002,吉林里,130,26,2,F,NWT,NULL,NULL
新北市貢寮區雙玉里,65,新北市,65000260,貢寮區,228,65000260003,雙玉里,130,26,3,F,NWT,NULL,NULL
新北市貢寮區龍崗里,65,新北市,65000260,貢寮區,228,65000260004,龍崗里,130,26,4,F,NWT,NULL,NULL
新北市貢寮區龍門里,65,新北市,65000260,貢寮區,228,65000260005,龍門里,130,26,5,F,NWT,NULL,NULL
新北市貢寮區福隆里,65,新北市,65000260,貢寮區,228,65000260006,福隆里,130,26,6,F,NWT,NULL,NULL
新北市貢寮區仁里里,65,新北市,65000260,貢寮區,228,65000260007,仁里里,130,26,7,F,NWT,NULL,NULL
新北市貢寮區真理里,65,新北市,65000260,貢寮區,228,65000260008,真理里,130,26,8,F,NWT,NULL,NULL
新北市貢寮區福連里,65,新北市,65000260,貢寮區,228,65000260009,福連里,130,26,9,F,NWT,NULL,NULL
新北市貢寮區美豐里,65,新北市,65000260,貢寮區,228,65000260010,美豐里,130,26,10,F,NWT,NULL,NULL
新北市貢寮區和美里,65,新北市,65000260,貢寮區,228,65000260011,和美里,130,26,11,F,NWT,NULL,NULL
新北市金山區和平里,65,新北市,65000270,金山區,208,65000270001,和平里,130,27,1,F,NWT,NULL,NULL
新北市金山區大同里,65,新北市,65000270,金山區,208,65000270002,大同里,130,27,2,F,NWT,NULL,NULL
新北市金山區豐漁里,65,新北市,65000270,金山區,208,65000270003,豐漁里,130,27,3,F,NWT,NULL,NULL
新北市金山區磺港里,65,新北市,65000270,金山區,208,65000270004,磺港里,130,27,4,F,NWT,NULL,NULL
新北市金山區美田里,65,新北市,65000270,金山區,208,65000270005,美田里,130,27,5,F,NWT,NULL,NULL
新北市金山區五湖里,65,新北市,65000270,金山區,208,65000270006,五湖里,130,27,6,F,NWT,NULL,NULL
新北市金山區重和里,65,新北市,65000270,金山區,208,65000270007,重和里,130,27,7,F,NWT,NULL,NULL
新北市金山區兩湖里,65,新北市,65000270,金山區,208,65000270008,兩湖里,130,27,8,F,NWT,NULL,NULL
新北市金山區六股里,65,新北市,65000270,金山區,208,65000270009,六股里,130,27,9,F,NWT,NULL,NULL
新北市金山區三界里,65,新北市,65000270,金山區,208,65000270010,三界里,130,27,10,F,NWT,NULL,NULL
新北市金山區清泉里,65,新北市,65000270,金山區,208,65000270011,清泉里,130,27,11,F,NWT,NULL,NULL
新北市金山區萬壽里,65,新北市,65000270,金山區,208,65000270012,萬壽里,130,27,12,F,NWT,NULL,NULL
新北市金山區西湖里,65,新北市,65000270,金山區,208,65000270013,西湖里,130,27,13,F,NWT,NULL,NULL
新北市金山區永興里,65,新北市,65000270,金山區,208,65000270014,永興里,130,27,14,F,NWT,NULL,NULL
新北市金山區金美里,65,新北市,65000270,金山區,208,65000270015,金美里,130,27,15,F,NWT,NULL,NULL
新北市萬里區萬里里,65,新北市,65000280,萬里區,207,65000280001,萬里里,130,28,1,F,NWT,NULL,NULL
新北市萬里區龜吼里,65,新北市,65000280,萬里區,207,65000280002,龜吼里,130,28,2,F,NWT,NULL,NULL
新北市萬里區野柳里,65,新北市,65000280,萬里區,207,65000280003,野柳里,130,28,3,F,NWT,NULL,NULL
新北市萬里區大鵬里,65,新北市,65000280,萬里區,207,65000280004,大鵬里,130,28,4,F,NWT,NULL,NULL
新北市萬里區磺潭里,65,新北市,65000280,萬里區,207,65000280005,磺潭里,130,28,5,F,NWT,NULL,NULL
新北市萬里區雙興里,65,新北市,65000280,萬里區,207,65000280006,雙興里,130,28,6,F,NWT,NULL,NULL
新北市萬里區溪底里,65,新北市,65000280,萬里區,207,65000280007,溪底里,130,28,7,F,NWT,NULL,NULL
新北市萬里區崁脚里,65,新北市,65000280,萬里區,207,65000280008,崁脚里,130,28,8,F,NWT,NULL,NULL
新北市萬里區中幅里,65,新北市,65000280,萬里區,207,65000280009,中幅里,130,28,9,F,NWT,NULL,NULL
新北市萬里區北基里,65,新北市,65000280,萬里區,207,65000280010,北基里,130,28,10,F,NWT,NULL,NULL
新北市烏來區烏來里,65,新北市,65000290,烏來區,233,65000290001,烏來里,130,29,1,F,NWT,NULL,NULL
新北市烏來區忠治里,65,新北市,65000290,烏來區,233,65000290002,忠治里,130,29,2,F,NWT,NULL,NULL
新北市烏來區福山里,65,新北市,65000290,烏來區,233,65000290003,福山里,130,29,3,F,NWT,NULL,NULL
新北市烏來區信賢里,65,新北市,65000290,烏來區,233,65000290004,信賢里,130,29,4,F,NWT,NULL,NULL
新北市烏來區孝義里,65,新北市,65000290,烏來區,233,65000290005,孝義里,130,29,5,F,NWT,NULL,NULL
臺中市中區繼光里,66,臺中市,66000010,中區,400,66000010001,繼光里,140,1,1,B,TXG,NULL,NULL
臺中市中區大墩里,66,臺中市,66000010,中區,400,66000010002,大墩里,140,1,2,B,TXG,NULL,NULL
臺中市中區綠川里,66,臺中市,66000010,中區,400,66000010003,綠川里,140,1,3,B,TXG,NULL,NULL
臺中市中區公園里,66,臺中市,66000010,中區,400,66000010004,公園里,140,1,4,B,TXG,NULL,NULL
臺中市中區光復里,66,臺中市,66000010,中區,400,66000010005,光復里,140,1,5,B,TXG,NULL,NULL
臺中市中區柳川里,66,臺中市,66000010,中區,400,66000010006,柳川里,140,1,6,B,TXG,NULL,NULL
臺中市中區大誠里,66,臺中市,66000010,中區,400,66000010007,大誠里,140,1,7,B,TXG,NULL,NULL
臺中市中區中華里,66,臺中市,66000010,中區,400,66000010008,中華里,140,1,8,B,TXG,NULL,NULL
臺中市東區新庄里,66,臺中市,66000020,東區,401,66000020001,新庄里,140,2,1,B,TXG,NULL,NULL
臺中市東區振興里,66,臺中市,66000020,東區,401,66000020002,振興里,140,2,2,B,TXG,NULL,NULL
臺中市東區東橋里,66,臺中市,66000020,東區,401,66000020003,東橋里,140,2,3,B,TXG,NULL,NULL
臺中市東區東興里,66,臺中市,66000020,東區,401,66000020004,東興里,140,2,4,B,TXG,NULL,NULL
臺中市東區干城里,66,臺中市,66000020,東區,401,66000020005,干城里,140,2,5,B,TXG,NULL,NULL
臺中市東區泉源里,66,臺中市,66000020,東區,401,66000020006,泉源里,140,2,6,B,TXG,NULL,NULL
臺中市東區旱溪里,66,臺中市,66000020,東區,401,66000020007,旱溪里,140,2,7,B,TXG,NULL,NULL
臺中市東區樂成里,66,臺中市,66000020,東區,401,66000020008,樂成里,140,2,8,B,TXG,NULL,NULL
臺中市東區東門里,66,臺中市,66000020,東區,401,66000020009,東門里,140,2,9,B,TXG,NULL,NULL
臺中市東區十甲里,66,臺中市,66000020,東區,401,66000020010,十甲里,140,2,10,B,TXG,NULL,NULL
臺中市東區東南里,66,臺中市,66000020,東區,401,66000020011,東南里,140,2,11,B,TXG,NULL,NULL
臺中市東區東勢里,66,臺中市,66000020,東區,401,66000020012,東勢里,140,2,12,B,TXG,NULL,NULL
臺中市東區合作里,66,臺中市,66000020,東區,401,66000020013,合作里,140,2,13,B,TXG,NULL,NULL
臺中市東區富台里,66,臺中市,66000020,東區,401,66000020014,富台里,140,2,14,B,TXG,NULL,NULL
臺中市東區富仁里,66,臺中市,66000020,東區,401,66000020015,富仁里,140,2,15,B,TXG,NULL,NULL
臺中市東區東信里,66,臺中市,66000020,東區,401,66000020016,東信里,140,2,16,B,TXG,NULL,NULL
臺中市東區東英里,66,臺中市,66000020,東區,401,66000020017,東英里,140,2,17,B,TXG,NULL,NULL
臺中市南區城隍里,66,臺中市,66000030,南區,402,66000030001,城隍里,140,3,1,B,TXG,NULL,NULL
臺中市南區國光里,66,臺中市,66000030,南區,402,66000030002,國光里,140,3,2,B,TXG,NULL,NULL
臺中市南區南門里,66,臺中市,66000030,南區,402,66000030003,南門里,140,3,3,B,TXG,NULL,NULL
臺中市南區德義里,66,臺中市,66000030,南區,402,66000030004,德義里,140,3,4,B,TXG,NULL,NULL
臺中市南區積善里,66,臺中市,66000030,南區,402,66000030005,積善里,140,3,5,B,TXG,NULL,NULL
臺中市南區江川里,66,臺中市,66000030,南區,402,66000030006,江川里,140,3,6,B,TXG,NULL,NULL
臺中市南區新榮里,66,臺中市,66000030,南區,402,66000030007,新榮里,140,3,7,B,TXG,NULL,NULL
臺中市南區福興里,66,臺中市,66000030,南區,402,66000030008,福興里,140,3,8,B,TXG,NULL,NULL
臺中市南區福平里,66,臺中市,66000030,南區,402,66000030009,福平里,140,3,9,B,TXG,NULL,NULL
臺中市南區和平里,66,臺中市,66000030,南區,402,66000030010,和平里,140,3,10,B,TXG,NULL,NULL
臺中市南區永興里,66,臺中市,66000030,南區,402,66000030011,永興里,140,3,11,B,TXG,NULL,NULL
臺中市南區樹義里,66,臺中市,66000030,南區,402,66000030012,樹義里,140,3,12,B,TXG,NULL,NULL
臺中市南區樹德里,66,臺中市,66000030,南區,402,66000030013,樹德里,140,3,13,B,TXG,NULL,NULL
臺中市南區西川里,66,臺中市,66000030,南區,402,66000030014,西川里,140,3,14,B,TXG,NULL,NULL
臺中市南區長春里,66,臺中市,66000030,南區,402,66000030015,長春里,140,3,15,B,TXG,NULL,NULL
臺中市南區長榮里,66,臺中市,66000030,南區,402,66000030016,長榮里,140,3,16,B,TXG,NULL,NULL
臺中市南區福順里,66,臺中市,66000030,南區,402,66000030017,福順里,140,3,17,B,TXG,NULL,NULL
臺中市南區平和里,66,臺中市,66000030,南區,402,66000030018,平和里,140,3,18,B,TXG,NULL,NULL
臺中市南區南和里,66,臺中市,66000030,南區,402,66000030019,南和里,140,3,19,B,TXG,NULL,NULL
臺中市南區永和里,66,臺中市,66000030,南區,402,66000030020,永和里,140,3,20,B,TXG,NULL,NULL
臺中市南區工學里,66,臺中市,66000030,南區,402,66000030021,工學里,140,3,21,B,TXG,NULL,NULL
臺中市南區崇倫里,66,臺中市,66000030,南區,402,66000030022,崇倫里,140,3,22,B,TXG,NULL,NULL
臺中市西區民生里,66,臺中市,66000040,西區,403,66000040001,民生里,140,4,1,B,TXG,NULL,NULL
臺中市西區利民里,66,臺中市,66000040,西區,403,66000040002,利民里,140,4,2,B,TXG,NULL,NULL
臺中市西區三民里,66,臺中市,66000040,西區,403,66000040003,三民里,140,4,3,B,TXG,NULL,NULL
臺中市西區東昇里,66,臺中市,66000040,西區,403,66000040004,東昇里,140,4,4,B,TXG,NULL,NULL
臺中市西區廣民里,66,臺中市,66000040,西區,403,66000040005,廣民里,140,4,5,B,TXG,NULL,NULL
臺中市西區平和里,66,臺中市,66000040,西區,403,66000040006,平和里,140,4,6,B,TXG,NULL,NULL
臺中市西區公民里,66,臺中市,66000040,西區,403,66000040007,公民里,140,4,7,B,TXG,NULL,NULL
臺中市西區藍興里,66,臺中市,66000040,西區,403,66000040008,藍興里,140,4,8,B,TXG,NULL,NULL
臺中市西區公舘里,66,臺中市,66000040,西區,403,66000040009,公舘里,140,4,9,B,TXG,NULL,NULL
臺中市西區和龍里,66,臺中市,66000040,西區,403,66000040010,和龍里,140,4,10,B,TXG,NULL,NULL
臺中市西區民龍里,66,臺中市,66000040,西區,403,66000040011,民龍里,140,4,11,B,TXG,NULL,NULL
臺中市西區後龍里,66,臺中市,66000040,西區,403,66000040012,後龍里,140,4,12,B,TXG,NULL,NULL
臺中市西區安龍里,66,臺中市,66000040,西區,403,66000040013,安龍里,140,4,13,B,TXG,NULL,NULL
臺中市西區吉龍里,66,臺中市,66000040,西區,403,66000040014,吉龍里,140,4,14,B,TXG,NULL,NULL
臺中市西區昇平里,66,臺中市,66000040,西區,403,66000040015,昇平里,140,4,15,B,TXG,NULL,NULL
臺中市西區忠明里,66,臺中市,66000040,西區,403,66000040016,忠明里,140,4,16,B,TXG,NULL,NULL
臺中市西區公正里,66,臺中市,66000040,西區,403,66000040017,公正里,140,4,17,B,TXG,NULL,NULL
臺中市西區土庫里,66,臺中市,66000040,西區,403,66000040018,土庫里,140,4,18,B,TXG,NULL,NULL
臺中市西區忠誠里,66,臺中市,66000040,西區,403,66000040019,忠誠里,140,4,19,B,TXG,NULL,NULL
臺中市西區公益里,66,臺中市,66000040,西區,403,66000040020,公益里,140,4,20,B,TXG,NULL,NULL
臺中市西區中興里,66,臺中市,66000040,西區,403,66000040021,中興里,140,4,21,B,TXG,NULL,NULL
臺中市西區公平里,66,臺中市,66000040,西區,403,66000040022,公平里,140,4,22,B,TXG,NULL,NULL
臺中市西區公德里,66,臺中市,66000040,西區,403,66000040023,公德里,140,4,23,B,TXG,NULL,NULL
臺中市西區双龍里,66,臺中市,66000040,西區,403,66000040024,双龍里,140,4,24,B,TXG,NULL,NULL
臺中市西區大忠里,66,臺中市,66000040,西區,403,66000040025,大忠里,140,4,25,B,TXG,NULL,NULL
臺中市北區光大里,66,臺中市,66000050,北區,404,66000050001,光大里,140,5,1,B,TXG,NULL,NULL
臺中市北區文莊里,66,臺中市,66000050,北區,404,66000050002,文莊里,140,5,2,B,TXG,NULL,NULL
臺中市北區五常里,66,臺中市,66000050,北區,404,66000050003,五常里,140,5,3,B,TXG,NULL,NULL
臺中市北區新興里,66,臺中市,66000050,北區,404,66000050004,新興里,140,5,4,B,TXG,NULL,NULL
臺中市北區新北里,66,臺中市,66000050,北區,404,66000050005,新北里,140,5,5,B,TXG,NULL,NULL
臺中市北區樂英里,66,臺中市,66000050,北區,404,66000050006,樂英里,140,5,6,B,TXG,NULL,NULL
臺中市北區錦村里,66,臺中市,66000050,北區,404,66000050007,錦村里,140,5,7,B,TXG,NULL,NULL
臺中市北區建成里,66,臺中市,66000050,北區,404,66000050008,建成里,140,5,8,B,TXG,NULL,NULL
臺中市北區錦洲里,66,臺中市,66000050,北區,404,66000050009,錦洲里,140,5,9,B,TXG,NULL,NULL
臺中市北區金華里,66,臺中市,66000050,北區,404,66000050010,金華里,140,5,10,B,TXG,NULL,NULL
臺中市北區金龍里,66,臺中市,66000050,北區,404,66000050011,金龍里,140,5,11,B,TXG,NULL,NULL
臺中市北區邱厝里,66,臺中市,66000050,北區,404,66000050012,邱厝里,140,5,12,B,TXG,NULL,NULL
臺中市北區建興里,66,臺中市,66000050,北區,404,66000050013,建興里,140,5,13,B,TXG,NULL,NULL
臺中市北區頂厝里,66,臺中市,66000050,北區,404,66000050014,頂厝里,140,5,14,B,TXG,NULL,NULL
臺中市北區賴厝里,66,臺中市,66000050,北區,404,66000050015,賴厝里,140,5,15,B,TXG,NULL,NULL
臺中市北區賴村里,66,臺中市,66000050,北區,404,66000050016,賴村里,140,5,16,B,TXG,NULL,NULL
臺中市北區育德里,66,臺中市,66000050,北區,404,66000050017,育德里,140,5,17,B,TXG,NULL,NULL
臺中市北區淡溝里,66,臺中市,66000050,北區,404,66000050018,淡溝里,140,5,18,B,TXG,NULL,NULL
臺中市北區中達里,66,臺中市,66000050,北區,404,66000050019,中達里,140,5,19,B,TXG,NULL,NULL
臺中市北區錦祥里,66,臺中市,66000050,北區,404,66000050020,錦祥里,140,5,20,B,TXG,NULL,NULL
臺中市北區健行里,66,臺中市,66000050,北區,404,66000050021,健行里,140,5,21,B,TXG,NULL,NULL
臺中市北區明德里,66,臺中市,66000050,北區,404,66000050022,明德里,140,5,22,B,TXG,NULL,NULL
臺中市北區長青里,66,臺中市,66000050,北區,404,66000050023,長青里,140,5,23,B,TXG,NULL,NULL
臺中市北區賴明里,66,臺中市,66000050,北區,404,66000050024,賴明里,140,5,24,B,TXG,NULL,NULL
臺中市北區賴興里,66,臺中市,66000050,北區,404,66000050025,賴興里,140,5,25,B,TXG,NULL,NULL
臺中市北區中正里,66,臺中市,66000050,北區,404,66000050026,中正里,140,5,26,B,TXG,NULL,NULL
臺中市北區六合里,66,臺中市,66000050,北區,404,66000050027,六合里,140,5,27,B,TXG,NULL,NULL
臺中市北區大湖里,66,臺中市,66000050,北區,404,66000050028,大湖里,140,5,28,B,TXG,NULL,NULL
臺中市北區錦平里,66,臺中市,66000050,北區,404,66000050029,錦平里,140,5,29,B,TXG,NULL,NULL
臺中市北區建德里,66,臺中市,66000050,北區,404,66000050030,建德里,140,5,30,B,TXG,NULL,NULL
臺中市北區崇德里,66,臺中市,66000050,北區,404,66000050031,崇德里,140,5,31,B,TXG,NULL,NULL
臺中市北區賴旺里,66,臺中市,66000050,北區,404,66000050032,賴旺里,140,5,32,B,TXG,NULL,NULL
臺中市北區明新里,66,臺中市,66000050,北區,404,66000050033,明新里,140,5,33,B,TXG,NULL,NULL
臺中市北區立人里,66,臺中市,66000050,北區,404,66000050034,立人里,140,5,34,B,TXG,NULL,NULL
臺中市北區梅川里,66,臺中市,66000050,北區,404,66000050035,梅川里,140,5,35,B,TXG,NULL,NULL
臺中市北區賴福里,66,臺中市,66000050,北區,404,66000050036,賴福里,140,5,36,B,TXG,NULL,NULL
臺中市西屯區西安里,66,臺中市,66000060,西屯區,407,66000060001,西安里,140,6,1,B,TXG,NULL,NULL
臺中市西屯區西墩里,66,臺中市,66000060,西屯區,407,66000060002,西墩里,140,6,2,B,TXG,NULL,NULL
臺中市西屯區潮洋里,66,臺中市,66000060,西屯區,407,66000060003,潮洋里,140,6,3,B,TXG,NULL,NULL
臺中市西屯區龍潭里,66,臺中市,66000060,西屯區,407,66000060004,龍潭里,140,6,4,B,TXG,NULL,NULL
臺中市西屯區惠來里,66,臺中市,66000060,西屯區,407,66000060005,惠來里,140,6,5,B,TXG,NULL,NULL
臺中市西屯區上石里,66,臺中市,66000060,西屯區,407,66000060006,上石里,140,6,6,B,TXG,NULL,NULL
臺中市西屯區逢甲里,66,臺中市,66000060,西屯區,407,66000060007,逢甲里,140,6,7,B,TXG,NULL,NULL
臺中市西屯區鵬程里,66,臺中市,66000060,西屯區,407,66000060008,鵬程里,140,6,8,B,TXG,NULL,NULL
臺中市西屯區何安里,66,臺中市,66000060,西屯區,407,66000060009,何安里,140,6,9,B,TXG,NULL,NULL
臺中市西屯區何厝里,66,臺中市,66000060,西屯區,407,66000060010,何厝里,140,6,10,B,TXG,NULL,NULL
臺中市西屯區大河里,66,臺中市,66000060,西屯區,407,66000060011,大河里,140,6,11,B,TXG,NULL,NULL
臺中市西屯區大石里,66,臺中市,66000060,西屯區,407,66000060012,大石里,140,6,12,B,TXG,NULL,NULL
臺中市西屯區大福里,66,臺中市,66000060,西屯區,407,66000060013,大福里,140,6,13,B,TXG,NULL,NULL
臺中市西屯區大鵬里,66,臺中市,66000060,西屯區,407,66000060014,大鵬里,140,6,14,B,TXG,NULL,NULL
臺中市西屯區港尾里,66,臺中市,66000060,西屯區,407,66000060015,港尾里,140,6,15,B,TXG,NULL,NULL
臺中市西屯區廣福里,66,臺中市,66000060,西屯區,407,66000060016,廣福里,140,6,16,B,TXG,NULL,NULL
臺中市西屯區林厝里,66,臺中市,66000060,西屯區,407,66000060017,林厝里,140,6,17,B,TXG,NULL,NULL
臺中市西屯區永安里,66,臺中市,66000060,西屯區,407,66000060018,永安里,140,6,18,B,TXG,NULL,NULL
臺中市西屯區福安里,66,臺中市,66000060,西屯區,407,66000060019,福安里,140,6,19,B,TXG,NULL,NULL
臺中市西屯區協和里,66,臺中市,66000060,西屯區,407,66000060020,協和里,140,6,20,B,TXG,NULL,NULL
臺中市西屯區何仁里,66,臺中市,66000060,西屯區,407,66000060021,何仁里,140,6,21,B,TXG,NULL,NULL
臺中市西屯區何德里,66,臺中市,66000060,西屯區,407,66000060022,何德里,140,6,22,B,TXG,NULL,NULL
臺中市西屯區何源里,66,臺中市,66000060,西屯區,407,66000060023,何源里,140,6,23,B,TXG,NULL,NULL
臺中市西屯區西平里,66,臺中市,66000060,西屯區,407,66000060024,西平里,140,6,24,B,TXG,NULL,NULL
臺中市西屯區何南里,66,臺中市,66000060,西屯區,407,66000060025,何南里,140,6,25,B,TXG,NULL,NULL
臺中市西屯區至善里,66,臺中市,66000060,西屯區,407,66000060026,至善里,140,6,26,B,TXG,NULL,NULL
臺中市西屯區上安里,66,臺中市,66000060,西屯區,407,66000060027,上安里,140,6,27,B,TXG,NULL,NULL
臺中市西屯區上德里,66,臺中市,66000060,西屯區,407,66000060028,上德里,140,6,28,B,TXG,NULL,NULL
臺中市西屯區逢福里,66,臺中市,66000060,西屯區,407,66000060029,逢福里,140,6,29,B,TXG,NULL,NULL
臺中市西屯區何明里,66,臺中市,66000060,西屯區,407,66000060030,何明里,140,6,30,B,TXG,NULL,NULL
臺中市西屯區何成里,66,臺中市,66000060,西屯區,407,66000060031,何成里,140,6,31,B,TXG,NULL,NULL
臺中市西屯區何福里,66,臺中市,66000060,西屯區,407,66000060032,何福里,140,6,32,B,TXG,NULL,NULL
臺中市西屯區福和里,66,臺中市,66000060,西屯區,407,66000060033,福和里,140,6,33,B,TXG,NULL,NULL
臺中市西屯區福中里,66,臺中市,66000060,西屯區,407,66000060034,福中里,140,6,34,B,TXG,NULL,NULL
臺中市西屯區福恩里,66,臺中市,66000060,西屯區,407,66000060035,福恩里,140,6,35,B,TXG,NULL,NULL
臺中市西屯區福聯里,66,臺中市,66000060,西屯區,407,66000060036,福聯里,140,6,36,B,TXG,NULL,NULL
臺中市西屯區福瑞里,66,臺中市,66000060,西屯區,407,66000060037,福瑞里,140,6,37,B,TXG,NULL,NULL
臺中市西屯區福林里,66,臺中市,66000060,西屯區,407,66000060038,福林里,140,6,38,B,TXG,NULL,NULL
臺中市西屯區福雅里,66,臺中市,66000060,西屯區,407,66000060039,福雅里,140,6,39,B,TXG,NULL,NULL
臺中市南屯區南屯里,66,臺中市,66000070,南屯區,408,66000070001,南屯里,140,7,1,B,TXG,NULL,NULL
臺中市南屯區豐樂里,66,臺中市,66000070,南屯區,408,66000070002,豐樂里,140,7,2,B,TXG,NULL,NULL
臺中市南屯區楓樹里,66,臺中市,66000070,南屯區,408,66000070003,楓樹里,140,7,3,B,TXG,NULL,NULL
臺中市南屯區中和里,66,臺中市,66000070,南屯區,408,66000070004,中和里,140,7,4,B,TXG,NULL,NULL
臺中市南屯區春社里,66,臺中市,66000070,南屯區,408,66000070005,春社里,140,7,5,B,TXG,NULL,NULL
臺中市南屯區春安里,66,臺中市,66000070,南屯區,408,66000070006,春安里,140,7,6,B,TXG,NULL,NULL
臺中市南屯區文山里,66,臺中市,66000070,南屯區,408,66000070007,文山里,140,7,7,B,TXG,NULL,NULL
臺中市南屯區新生里,66,臺中市,66000070,南屯區,408,66000070008,新生里,140,7,8,B,TXG,NULL,NULL
臺中市南屯區永定里,66,臺中市,66000070,南屯區,408,66000070009,永定里,140,7,9,B,TXG,NULL,NULL
臺中市南屯區三厝里,66,臺中市,66000070,南屯區,408,66000070010,三厝里,140,7,10,B,TXG,NULL,NULL
臺中市南屯區溝墘里,66,臺中市,66000070,南屯區,408,66000070011,溝墘里,140,7,11,B,TXG,NULL,NULL
臺中市南屯區田心里,66,臺中市,66000070,南屯區,408,66000070012,田心里,140,7,12,B,TXG,NULL,NULL
臺中市南屯區黎明里,66,臺中市,66000070,南屯區,408,66000070013,黎明里,140,7,13,B,TXG,NULL,NULL
臺中市南屯區鎮平里,66,臺中市,66000070,南屯區,408,66000070014,鎮平里,140,7,14,B,TXG,NULL,NULL
臺中市南屯區大同里,66,臺中市,66000070,南屯區,408,66000070015,大同里,140,7,15,B,TXG,NULL,NULL
臺中市南屯區文心里,66,臺中市,66000070,南屯區,408,66000070016,文心里,140,7,16,B,TXG,NULL,NULL
臺中市南屯區同心里,66,臺中市,66000070,南屯區,408,66000070017,同心里,140,7,17,B,TXG,NULL,NULL
臺中市南屯區向心里,66,臺中市,66000070,南屯區,408,66000070018,向心里,140,7,18,B,TXG,NULL,NULL
臺中市南屯區大誠里,66,臺中市,66000070,南屯區,408,66000070019,大誠里,140,7,19,B,TXG,NULL,NULL
臺中市南屯區大興里,66,臺中市,66000070,南屯區,408,66000070020,大興里,140,7,20,B,TXG,NULL,NULL
臺中市南屯區大業里,66,臺中市,66000070,南屯區,408,66000070021,大業里,140,7,21,B,TXG,NULL,NULL
臺中市南屯區惠中里,66,臺中市,66000070,南屯區,408,66000070022,惠中里,140,7,22,B,TXG,NULL,NULL
臺中市南屯區寶山里,66,臺中市,66000070,南屯區,408,66000070023,寶山里,140,7,23,B,TXG,NULL,NULL
臺中市南屯區三和里,66,臺中市,66000070,南屯區,408,66000070024,三和里,140,7,24,B,TXG,NULL,NULL
臺中市南屯區三義里,66,臺中市,66000070,南屯區,408,66000070025,三義里,140,7,25,B,TXG,NULL,NULL
臺中市北屯區北興里,66,臺中市,66000080,北屯區,406,66000080001,北興里,140,8,1,B,TXG,NULL,NULL
臺中市北屯區北屯里,66,臺中市,66000080,北屯區,406,66000080002,北屯里,140,8,2,B,TXG,NULL,NULL
臺中市北屯區三光里,66,臺中市,66000080,北屯區,406,66000080003,三光里,140,8,3,B,TXG,NULL,NULL
臺中市北屯區平田里,66,臺中市,66000080,北屯區,406,66000080004,平田里,140,8,4,B,TXG,NULL,NULL
臺中市北屯區平和里,66,臺中市,66000080,北屯區,406,66000080005,平和里,140,8,5,B,TXG,NULL,NULL
臺中市北屯區東光里,66,臺中市,66000080,北屯區,406,66000080006,東光里,140,8,6,B,TXG,NULL,NULL
臺中市北屯區舊社里,66,臺中市,66000080,北屯區,406,66000080007,舊社里,140,8,7,B,TXG,NULL,NULL
臺中市北屯區水景里,66,臺中市,66000080,北屯區,406,66000080008,水景里,140,8,8,B,TXG,NULL,NULL
臺中市北屯區軍功里,66,臺中市,66000080,北屯區,406,66000080009,軍功里,140,8,9,B,TXG,NULL,NULL
臺中市北屯區和平里,66,臺中市,66000080,北屯區,406,66000080010,和平里,140,8,10,B,TXG,NULL,NULL
臺中市北屯區東山里,66,臺中市,66000080,北屯區,406,66000080011,東山里,140,8,11,B,TXG,NULL,NULL
臺中市北屯區民政里,66,臺中市,66000080,北屯區,406,66000080012,民政里,140,8,12,B,TXG,NULL,NULL
臺中市北屯區廍子里,66,臺中市,66000080,北屯區,406,66000080013,廍子里,140,8,13,B,TXG,NULL,NULL
臺中市北屯區大坑里,66,臺中市,66000080,北屯區,406,66000080014,大坑里,140,8,14,B,TXG,NULL,NULL
臺中市北屯區民德里,66,臺中市,66000080,北屯區,406,66000080015,民德里,140,8,15,B,TXG,NULL,NULL
臺中市北屯區松竹里,66,臺中市,66000080,北屯區,406,66000080016,松竹里,140,8,16,B,TXG,NULL,NULL
臺中市北屯區仁和里,66,臺中市,66000080,北屯區,406,66000080017,仁和里,140,8,17,B,TXG,NULL,NULL
臺中市北屯區仁美里,66,臺中市,66000080,北屯區,406,66000080018,仁美里,140,8,18,B,TXG,NULL,NULL
臺中市北屯區四民里,66,臺中市,66000080,北屯區,406,66000080019,四民里,140,8,19,B,TXG,NULL,NULL
臺中市北屯區后庄里,66,臺中市,66000080,北屯區,406,66000080020,后庄里,140,8,20,B,TXG,NULL,NULL
臺中市北屯區同榮里,66,臺中市,66000080,北屯區,406,66000080021,同榮里,140,8,21,B,TXG,NULL,NULL
臺中市北屯區仁愛里,66,臺中市,66000080,北屯區,406,66000080022,仁愛里,140,8,22,B,TXG,NULL,NULL
臺中市北屯區水湳里,66,臺中市,66000080,北屯區,406,66000080023,水湳里,140,8,23,B,TXG,NULL,NULL
臺中市北屯區陳平里,66,臺中市,66000080,北屯區,406,66000080024,陳平里,140,8,24,B,TXG,NULL,NULL
臺中市北屯區新平里,66,臺中市,66000080,北屯區,406,66000080025,新平里,140,8,25,B,TXG,NULL,NULL
臺中市北屯區平安里,66,臺中市,66000080,北屯區,406,66000080026,平安里,140,8,26,B,TXG,NULL,NULL
臺中市北屯區平順里,66,臺中市,66000080,北屯區,406,66000080027,平順里,140,8,27,B,TXG,NULL,NULL
臺中市北屯區平德里,66,臺中市,66000080,北屯區,406,66000080028,平德里,140,8,28,B,TXG,NULL,NULL
臺中市北屯區松安里,66,臺中市,66000080,北屯區,406,66000080029,松安里,140,8,29,B,TXG,NULL,NULL
臺中市北屯區松茂里,66,臺中市,66000080,北屯區,406,66000080030,松茂里,140,8,30,B,TXG,NULL,NULL
臺中市北屯區大德里,66,臺中市,66000080,北屯區,406,66000080031,大德里,140,8,31,B,TXG,NULL,NULL
臺中市北屯區松強里,66,臺中市,66000080,北屯區,406,66000080032,松強里,140,8,32,B,TXG,NULL,NULL
臺中市北屯區松勇里,66,臺中市,66000080,北屯區,406,66000080033,松勇里,140,8,33,B,TXG,NULL,NULL
臺中市北屯區北京里,66,臺中市,66000080,北屯區,406,66000080034,北京里,140,8,34,B,TXG,NULL,NULL
臺中市北屯區平心里,66,臺中市,66000080,北屯區,406,66000080035,平心里,140,8,35,B,TXG,NULL,NULL
臺中市北屯區平福里,66,臺中市,66000080,北屯區,406,66000080036,平福里,140,8,36,B,TXG,NULL,NULL
臺中市北屯區松和里,66,臺中市,66000080,北屯區,406,66000080037,松和里,140,8,37,B,TXG,NULL,NULL
臺中市北屯區平陽里,66,臺中市,66000080,北屯區,406,66000080038,平陽里,140,8,38,B,TXG,NULL,NULL
臺中市北屯區平興里,66,臺中市,66000080,北屯區,406,66000080039,平興里,140,8,39,B,TXG,NULL,NULL
臺中市北屯區平昌里,66,臺中市,66000080,北屯區,406,66000080040,平昌里,140,8,40,B,TXG,NULL,NULL
臺中市北屯區三和里,66,臺中市,66000080,北屯區,406,66000080041,三和里,140,8,41,B,TXG,NULL,NULL
臺中市北屯區忠平里,66,臺中市,66000080,北屯區,406,66000080042,忠平里,140,8,42,B,TXG,NULL,NULL
臺中市豐原區豐原里,66,臺中市,66000090,豐原區,420,66000090001,豐原里,140,9,1,B,TXG,NULL,NULL
臺中市豐原區頂街里,66,臺中市,66000090,豐原區,420,66000090002,頂街里,140,9,2,B,TXG,NULL,NULL
臺中市豐原區中山里,66,臺中市,66000090,豐原區,420,66000090003,中山里,140,9,3,B,TXG,NULL,NULL
臺中市豐原區豐榮里,66,臺中市,66000090,豐原區,420,66000090004,豐榮里,140,9,4,B,TXG,NULL,NULL
臺中市豐原區下街里,66,臺中市,66000090,豐原區,420,66000090005,下街里,140,9,5,B,TXG,NULL,NULL
臺中市豐原區富春里,66,臺中市,66000090,豐原區,420,66000090006,富春里,140,9,6,B,TXG,NULL,NULL
臺中市豐原區葫蘆里,66,臺中市,66000090,豐原區,420,66000090007,葫蘆里,140,9,7,B,TXG,NULL,NULL
臺中市豐原區豐西里,66,臺中市,66000090,豐原區,420,66000090008,豐西里,140,9,8,B,TXG,NULL,NULL
臺中市豐原區西安里,66,臺中市,66000090,豐原區,420,66000090009,西安里,140,9,9,B,TXG,NULL,NULL
臺中市豐原區西勢里,66,臺中市,66000090,豐原區,420,66000090010,西勢里,140,9,10,B,TXG,NULL,NULL
臺中市豐原區東勢里,66,臺中市,66000090,豐原區,420,66000090011,東勢里,140,9,11,B,TXG,NULL,NULL
臺中市豐原區民生里,66,臺中市,66000090,豐原區,420,66000090012,民生里,140,9,12,B,TXG,NULL,NULL
臺中市豐原區大湳里,66,臺中市,66000090,豐原區,420,66000090013,大湳里,140,9,13,B,TXG,NULL,NULL
臺中市豐原區北湳里,66,臺中市,66000090,豐原區,420,66000090014,北湳里,140,9,14,B,TXG,NULL,NULL
臺中市豐原區東湳里,66,臺中市,66000090,豐原區,420,66000090015,東湳里,140,9,15,B,TXG,NULL,NULL
臺中市豐原區西湳里,66,臺中市,66000090,豐原區,420,66000090016,西湳里,140,9,16,B,TXG,NULL,NULL
臺中市豐原區圳寮里,66,臺中市,66000090,豐原區,420,66000090017,圳寮里,140,9,17,B,TXG,NULL,NULL
臺中市豐原區豐圳里,66,臺中市,66000090,豐原區,420,66000090018,豐圳里,140,9,18,B,TXG,NULL,NULL
臺中市豐原區社皮里,66,臺中市,66000090,豐原區,420,66000090019,社皮里,140,9,19,B,TXG,NULL,NULL
臺中市豐原區三村里,66,臺中市,66000090,豐原區,420,66000090020,三村里,140,9,20,B,TXG,NULL,NULL
臺中市豐原區中興里,66,臺中市,66000090,豐原區,420,66000090021,中興里,140,9,21,B,TXG,NULL,NULL
臺中市豐原區田心里,66,臺中市,66000090,豐原區,420,66000090022,田心里,140,9,22,B,TXG,NULL,NULL
臺中市豐原區豐田里,66,臺中市,66000090,豐原區,420,66000090023,豐田里,140,9,23,B,TXG,NULL,NULL
臺中市豐原區鎌村里,66,臺中市,66000090,豐原區,420,66000090024,鎌村里,140,9,24,B,TXG,NULL,NULL
臺中市豐原區南陽里,66,臺中市,66000090,豐原區,420,66000090025,南陽里,140,9,25,B,TXG,NULL,NULL
臺中市豐原區陽明里,66,臺中市,66000090,豐原區,420,66000090026,陽明里,140,9,26,B,TXG,NULL,NULL
臺中市豐原區北陽里,66,臺中市,66000090,豐原區,420,66000090027,北陽里,140,9,27,B,TXG,NULL,NULL
臺中市豐原區中陽里,66,臺中市,66000090,豐原區,420,66000090028,中陽里,140,9,28,B,TXG,NULL,NULL
臺中市豐原區東陽里,66,臺中市,66000090,豐原區,420,66000090029,東陽里,140,9,29,B,TXG,NULL,NULL
臺中市豐原區南村里,66,臺中市,66000090,豐原區,420,66000090030,南村里,140,9,30,B,TXG,NULL,NULL
臺中市豐原區南田里,66,臺中市,66000090,豐原區,420,66000090031,南田里,140,9,31,B,TXG,NULL,NULL
臺中市豐原區南嵩里,66,臺中市,66000090,豐原區,420,66000090032,南嵩里,140,9,32,B,TXG,NULL,NULL
臺中市豐原區翁明里,66,臺中市,66000090,豐原區,420,66000090033,翁明里,140,9,33,B,TXG,NULL,NULL
臺中市豐原區翁子里,66,臺中市,66000090,豐原區,420,66000090034,翁子里,140,9,34,B,TXG,NULL,NULL
臺中市豐原區翁社里,66,臺中市,66000090,豐原區,420,66000090035,翁社里,140,9,35,B,TXG,NULL,NULL
臺中市豐原區朴子里,66,臺中市,66000090,豐原區,420,66000090036,朴子里,140,9,36,B,TXG,NULL,NULL
臺中市東勢區北興里,66,臺中市,66000100,東勢區,423,66000100001,北興里,140,10,1,B,TXG,NULL,NULL
臺中市東勢區中寧里,66,臺中市,66000100,東勢區,423,66000100002,中寧里,140,10,2,B,TXG,NULL,NULL
臺中市東勢區東安里,66,臺中市,66000100,東勢區,423,66000100003,東安里,140,10,3,B,TXG,NULL,NULL
臺中市東勢區南平里,66,臺中市,66000100,東勢區,423,66000100004,南平里,140,10,4,B,TXG,NULL,NULL
臺中市東勢區延平里,66,臺中市,66000100,東勢區,423,66000100005,延平里,140,10,5,B,TXG,NULL,NULL
臺中市東勢區上新里,66,臺中市,66000100,東勢區,423,66000100006,上新里,140,10,6,B,TXG,NULL,NULL
臺中市東勢區廣興里,66,臺中市,66000100,東勢區,423,66000100007,廣興里,140,10,7,B,TXG,NULL,NULL
臺中市東勢區泰昌里,66,臺中市,66000100,東勢區,423,66000100008,泰昌里,140,10,8,B,TXG,NULL,NULL
臺中市東勢區中嵙里,66,臺中市,66000100,東勢區,423,66000100009,中嵙里,140,10,9,B,TXG,NULL,NULL
臺中市東勢區福隆里,66,臺中市,66000100,東勢區,423,66000100010,福隆里,140,10,10,B,TXG,NULL,NULL
臺中市東勢區隆興里,66,臺中市,66000100,東勢區,423,66000100011,隆興里,140,10,11,B,TXG,NULL,NULL
臺中市東勢區新盛里,66,臺中市,66000100,東勢區,423,66000100012,新盛里,140,10,12,B,TXG,NULL,NULL
臺中市東勢區詒福里,66,臺中市,66000100,東勢區,423,66000100013,詒福里,140,10,13,B,TXG,NULL,NULL
臺中市東勢區上城里,66,臺中市,66000100,東勢區,423,66000100014,上城里,140,10,14,B,TXG,NULL,NULL
臺中市東勢區下城里,66,臺中市,66000100,東勢區,423,66000100015,下城里,140,10,15,B,TXG,NULL,NULL
臺中市東勢區慶東里,66,臺中市,66000100,東勢區,423,66000100016,慶東里,140,10,16,B,TXG,NULL,NULL
臺中市東勢區慶福里,66,臺中市,66000100,東勢區,423,66000100017,慶福里,140,10,17,B,TXG,NULL,NULL
臺中市東勢區東新里,66,臺中市,66000100,東勢區,423,66000100018,東新里,140,10,18,B,TXG,NULL,NULL
臺中市東勢區粵寧里,66,臺中市,66000100,東勢區,423,66000100019,粵寧里,140,10,19,B,TXG,NULL,NULL
臺中市東勢區下新里,66,臺中市,66000100,東勢區,423,66000100020,下新里,140,10,20,B,TXG,NULL,NULL
臺中市東勢區興隆里,66,臺中市,66000100,東勢區,423,66000100021,興隆里,140,10,21,B,TXG,NULL,NULL
臺中市東勢區茂興里,66,臺中市,66000100,東勢區,423,66000100022,茂興里,140,10,22,B,TXG,NULL,NULL
臺中市東勢區泰興里,66,臺中市,66000100,東勢區,423,66000100023,泰興里,140,10,23,B,TXG,NULL,NULL
臺中市東勢區埤頭里,66,臺中市,66000100,東勢區,423,66000100024,埤頭里,140,10,24,B,TXG,NULL,NULL
臺中市東勢區明正里,66,臺中市,66000100,東勢區,423,66000100025,明正里,140,10,25,B,TXG,NULL,NULL
臺中市大甲區朝陽里,66,臺中市,66000110,大甲區,437,66000110001,朝陽里,140,11,1,B,TXG,NULL,NULL
臺中市大甲區大甲里,66,臺中市,66000110,大甲區,437,66000110002,大甲里,140,11,2,B,TXG,NULL,NULL
臺中市大甲區順天里,66,臺中市,66000110,大甲區,437,66000110003,順天里,140,11,3,B,TXG,NULL,NULL
臺中市大甲區孔門里,66,臺中市,66000110,大甲區,437,66000110004,孔門里,140,11,4,B,TXG,NULL,NULL
臺中市大甲區平安里,66,臺中市,66000110,大甲區,437,66000110005,平安里,140,11,5,B,TXG,NULL,NULL
臺中市大甲區庄美里,66,臺中市,66000110,大甲區,437,66000110006,庄美里,140,11,6,B,TXG,NULL,NULL
臺中市大甲區新美里,66,臺中市,66000110,大甲區,437,66000110007,新美里,140,11,7,B,TXG,NULL,NULL
臺中市大甲區岷山里,66,臺中市,66000110,大甲區,437,66000110008,岷山里,140,11,8,B,TXG,NULL,NULL
臺中市大甲區中山里,66,臺中市,66000110,大甲區,437,66000110009,中山里,140,11,9,B,TXG,NULL,NULL
臺中市大甲區南陽里,66,臺中市,66000110,大甲區,437,66000110010,南陽里,140,11,10,B,TXG,NULL,NULL
臺中市大甲區薰風里,66,臺中市,66000110,大甲區,437,66000110011,薰風里,140,11,11,B,TXG,NULL,NULL
臺中市大甲區義和里,66,臺中市,66000110,大甲區,437,66000110012,義和里,140,11,12,B,TXG,NULL,NULL
臺中市大甲區武陵里,66,臺中市,66000110,大甲區,437,66000110013,武陵里,140,11,13,B,TXG,NULL,NULL
臺中市大甲區文曲里,66,臺中市,66000110,大甲區,437,66000110014,文曲里,140,11,14,B,TXG,NULL,NULL
臺中市大甲區武曲里,66,臺中市,66000110,大甲區,437,66000110015,武曲里,140,11,15,B,TXG,NULL,NULL
臺中市大甲區文武里,66,臺中市,66000110,大甲區,437,66000110016,文武里,140,11,16,B,TXG,NULL,NULL
臺中市大甲區奉化里,66,臺中市,66000110,大甲區,437,66000110017,奉化里,140,11,17,B,TXG,NULL,NULL
臺中市大甲區德化里,66,臺中市,66000110,大甲區,437,66000110018,德化里,140,11,18,B,TXG,NULL,NULL
臺中市大甲區江南里,66,臺中市,66000110,大甲區,437,66000110019,江南里,140,11,19,B,TXG,NULL,NULL
臺中市大甲區頂店里,66,臺中市,66000110,大甲區,437,66000110020,頂店里,140,11,20,B,TXG,NULL,NULL
臺中市大甲區太白里,66,臺中市,66000110,大甲區,437,66000110021,太白里,140,11,21,B,TXG,NULL,NULL
臺中市大甲區孟春里,66,臺中市,66000110,大甲區,437,66000110022,孟春里,140,11,22,B,TXG,NULL,NULL
臺中市大甲區幸福里,66,臺中市,66000110,大甲區,437,66000110023,幸福里,140,11,23,B,TXG,NULL,NULL
臺中市大甲區日南里,66,臺中市,66000110,大甲區,437,66000110024,日南里,140,11,24,B,TXG,NULL,NULL
臺中市大甲區龍泉里,66,臺中市,66000110,大甲區,437,66000110025,龍泉里,140,11,25,B,TXG,NULL,NULL
臺中市大甲區西岐里,66,臺中市,66000110,大甲區,437,66000110026,西岐里,140,11,26,B,TXG,NULL,NULL
臺中市大甲區銅安里,66,臺中市,66000110,大甲區,437,66000110027,銅安里,140,11,27,B,TXG,NULL,NULL
臺中市大甲區福德里,66,臺中市,66000110,大甲區,437,66000110028,福德里,140,11,28,B,TXG,NULL,NULL
臺中市大甲區建興里,66,臺中市,66000110,大甲區,437,66000110029,建興里,140,11,29,B,TXG,NULL,NULL
臺中市清水區鰲峰里,66,臺中市,66000120,清水區,436,66000120001,鰲峰里,140,12,1,B,TXG,NULL,NULL
臺中市清水區靈泉里,66,臺中市,66000120,清水區,436,66000120002,靈泉里,140,12,2,B,TXG,NULL,NULL
臺中市清水區清水里,66,臺中市,66000120,清水區,436,66000120003,清水里,140,12,3,B,TXG,NULL,NULL
臺中市清水區文昌里,66,臺中市,66000120,清水區,436,66000120004,文昌里,140,12,4,B,TXG,NULL,NULL
臺中市清水區南寧里,66,臺中市,66000120,清水區,436,66000120005,南寧里,140,12,5,B,TXG,NULL,NULL
臺中市清水區西寧里,66,臺中市,66000120,清水區,436,66000120006,西寧里,140,12,6,B,TXG,NULL,NULL
臺中市清水區北寧里,66,臺中市,66000120,清水區,436,66000120007,北寧里,140,12,7,B,TXG,NULL,NULL
臺中市清水區中興里,66,臺中市,66000120,清水區,436,66000120008,中興里,140,12,8,B,TXG,NULL,NULL
臺中市清水區西社里,66,臺中市,66000120,清水區,436,66000120009,西社里,140,12,9,B,TXG,NULL,NULL
臺中市清水區南社里,66,臺中市,66000120,清水區,436,66000120010,南社里,140,12,10,B,TXG,NULL,NULL
臺中市清水區裕嘉里,66,臺中市,66000120,清水區,436,66000120011,裕嘉里,140,12,11,B,TXG,NULL,NULL
臺中市清水區臨江里,66,臺中市,66000120,清水區,436,66000120012,臨江里,140,12,12,B,TXG,NULL,NULL
臺中市清水區秀水里,66,臺中市,66000120,清水區,436,66000120013,秀水里,140,12,13,B,TXG,NULL,NULL
臺中市清水區武鹿里,66,臺中市,66000120,清水區,436,66000120014,武鹿里,140,12,14,B,TXG,NULL,NULL
臺中市清水區海濱里,66,臺中市,66000120,清水區,436,66000120015,海濱里,140,12,15,B,TXG,NULL,NULL
臺中市清水區槺榔里,66,臺中市,66000120,清水區,436,66000120016,槺榔里,140,12,16,B,TXG,NULL,NULL
臺中市清水區中社里,66,臺中市,66000120,清水區,436,66000120017,中社里,140,12,17,B,TXG,NULL,NULL
臺中市清水區高西里,66,臺中市,66000120,清水區,436,66000120018,高西里,140,12,18,B,TXG,NULL,NULL
臺中市清水區高南里,66,臺中市,66000120,清水區,436,66000120019,高南里,140,12,19,B,TXG,NULL,NULL
臺中市清水區高東里,66,臺中市,66000120,清水區,436,66000120020,高東里,140,12,20,B,TXG,NULL,NULL
臺中市清水區高北里,66,臺中市,66000120,清水區,436,66000120021,高北里,140,12,21,B,TXG,NULL,NULL
臺中市清水區高美里,66,臺中市,66000120,清水區,436,66000120022,高美里,140,12,22,B,TXG,NULL,NULL
臺中市清水區國姓里,66,臺中市,66000120,清水區,436,66000120023,國姓里,140,12,23,B,TXG,NULL,NULL
臺中市清水區菁埔里,66,臺中市,66000120,清水區,436,66000120024,菁埔里,140,12,24,B,TXG,NULL,NULL
臺中市清水區頂湳里,66,臺中市,66000120,清水區,436,66000120025,頂湳里,140,12,25,B,TXG,NULL,NULL
臺中市清水區田寮里,66,臺中市,66000120,清水區,436,66000120026,田寮里,140,12,26,B,TXG,NULL,NULL
臺中市清水區橋頭里,66,臺中市,66000120,清水區,436,66000120027,橋頭里,140,12,27,B,TXG,NULL,NULL
臺中市清水區下湳里,66,臺中市,66000120,清水區,436,66000120028,下湳里,140,12,28,B,TXG,NULL,NULL
臺中市清水區東山里,66,臺中市,66000120,清水區,436,66000120029,東山里,140,12,29,B,TXG,NULL,NULL
臺中市清水區楊厝里,66,臺中市,66000120,清水區,436,66000120030,楊厝里,140,12,30,B,TXG,NULL,NULL
臺中市清水區海風里,66,臺中市,66000120,清水區,436,66000120031,海風里,140,12,31,B,TXG,NULL,NULL
臺中市清水區吳厝里,66,臺中市,66000120,清水區,436,66000120032,吳厝里,140,12,32,B,TXG,NULL,NULL
臺中市沙鹿區居仁里,66,臺中市,66000130,沙鹿區,433,66000130001,居仁里,140,13,1,B,TXG,NULL,NULL
臺中市沙鹿區洛泉里,66,臺中市,66000130,沙鹿區,433,66000130002,洛泉里,140,13,2,B,TXG,NULL,NULL
臺中市沙鹿區沙鹿里,66,臺中市,66000130,沙鹿區,433,66000130003,沙鹿里,140,13,3,B,TXG,NULL,NULL
臺中市沙鹿區美仁里,66,臺中市,66000130,沙鹿區,433,66000130004,美仁里,140,13,4,B,TXG,NULL,NULL
臺中市沙鹿區興仁里,66,臺中市,66000130,沙鹿區,433,66000130005,興仁里,140,13,5,B,TXG,NULL,NULL
臺中市沙鹿區斗抵里,66,臺中市,66000130,沙鹿區,433,66000130006,斗抵里,140,13,6,B,TXG,NULL,NULL
臺中市沙鹿區鹿峰里,66,臺中市,66000130,沙鹿區,433,66000130007,鹿峰里,140,13,7,B,TXG,NULL,NULL
臺中市沙鹿區鹿寮里,66,臺中市,66000130,沙鹿區,433,66000130008,鹿寮里,140,13,8,B,TXG,NULL,NULL
臺中市沙鹿區竹林里,66,臺中市,66000130,沙鹿區,433,66000130009,竹林里,140,13,9,B,TXG,NULL,NULL
臺中市沙鹿區犁分里,66,臺中市,66000130,沙鹿區,433,66000130010,犁分里,140,13,10,B,TXG,NULL,NULL
臺中市沙鹿區北勢里,66,臺中市,66000130,沙鹿區,433,66000130011,北勢里,140,13,11,B,TXG,NULL,NULL
臺中市沙鹿區福興里,66,臺中市,66000130,沙鹿區,433,66000130012,福興里,140,13,12,B,TXG,NULL,NULL
臺中市沙鹿區晉江里,66,臺中市,66000130,沙鹿區,433,66000130013,晉江里,140,13,13,B,TXG,NULL,NULL
臺中市沙鹿區六路里,66,臺中市,66000130,沙鹿區,433,66000130014,六路里,140,13,14,B,TXG,NULL,NULL
臺中市沙鹿區南勢里,66,臺中市,66000130,沙鹿區,433,66000130015,南勢里,140,13,15,B,TXG,NULL,NULL
臺中市沙鹿區埔子里,66,臺中市,66000130,沙鹿區,433,66000130016,埔子里,140,13,16,B,TXG,NULL,NULL
臺中市沙鹿區公明里,66,臺中市,66000130,沙鹿區,433,66000130017,公明里,140,13,17,B,TXG,NULL,NULL
臺中市沙鹿區清泉里,66,臺中市,66000130,沙鹿區,433,66000130018,清泉里,140,13,18,B,TXG,NULL,NULL
臺中市沙鹿區西勢里,66,臺中市,66000130,沙鹿區,433,66000130019,西勢里,140,13,19,B,TXG,NULL,NULL
臺中市沙鹿區興安里,66,臺中市,66000130,沙鹿區,433,66000130020,興安里,140,13,20,B,TXG,NULL,NULL
臺中市沙鹿區三鹿里,66,臺中市,66000130,沙鹿區,433,66000130021,三鹿里,140,13,21,B,TXG,NULL,NULL
臺中市梧棲區頂寮里,66,臺中市,66000140,梧棲區,435,66000140001,頂寮里,140,14,1,B,TXG,NULL,NULL
臺中市梧棲區下寮里,66,臺中市,66000140,梧棲區,435,66000140002,下寮里,140,14,2,B,TXG,NULL,NULL
臺中市梧棲區中正里,66,臺中市,66000140,梧棲區,435,66000140003,中正里,140,14,3,B,TXG,NULL,NULL
臺中市梧棲區中和里,66,臺中市,66000140,梧棲區,435,66000140004,中和里,140,14,4,B,TXG,NULL,NULL
臺中市梧棲區文化里,66,臺中市,66000140,梧棲區,435,66000140005,文化里,140,14,5,B,TXG,NULL,NULL
臺中市梧棲區安仁里,66,臺中市,66000140,梧棲區,435,66000140006,安仁里,140,14,6,B,TXG,NULL,NULL
臺中市梧棲區草湳里,66,臺中市,66000140,梧棲區,435,66000140007,草湳里,140,14,7,B,TXG,NULL,NULL
臺中市梧棲區南簡里,66,臺中市,66000140,梧棲區,435,66000140008,南簡里,140,14,8,B,TXG,NULL,NULL
臺中市梧棲區福德里,66,臺中市,66000140,梧棲區,435,66000140009,福德里,140,14,9,B,TXG,NULL,NULL
臺中市梧棲區大庄里,66,臺中市,66000140,梧棲區,435,66000140010,大庄里,140,14,10,B,TXG,NULL,NULL
臺中市梧棲區大村里,66,臺中市,66000140,梧棲區,435,66000140011,大村里,140,14,11,B,TXG,NULL,NULL
臺中市梧棲區興農里,66,臺中市,66000140,梧棲區,435,66000140012,興農里,140,14,12,B,TXG,NULL,NULL
臺中市梧棲區永寧里,66,臺中市,66000140,梧棲區,435,66000140013,永寧里,140,14,13,B,TXG,NULL,NULL
臺中市梧棲區永安里,66,臺中市,66000140,梧棲區,435,66000140014,永安里,140,14,14,B,TXG,NULL,NULL
臺中市后里區廣福里,66,臺中市,66000150,后里區,421,66000150001,廣福里,140,15,1,B,TXG,NULL,NULL
臺中市后里區仁里里,66,臺中市,66000150,后里區,421,66000150002,仁里里,140,15,2,B,TXG,NULL,NULL
臺中市后里區義里里,66,臺中市,66000150,后里區,421,66000150003,義里里,140,15,3,B,TXG,NULL,NULL
臺中市后里區后里里,66,臺中市,66000150,后里區,421,66000150004,后里里,140,15,4,B,TXG,NULL,NULL
臺中市后里區厚里里,66,臺中市,66000150,后里區,421,66000150005,厚里里,140,15,5,B,TXG,NULL,NULL
臺中市后里區墩東里,66,臺中市,66000150,后里區,421,66000150006,墩東里,140,15,6,B,TXG,NULL,NULL
臺中市后里區墩西里,66,臺中市,66000150,后里區,421,66000150007,墩西里,140,15,7,B,TXG,NULL,NULL
臺中市后里區墩南里,66,臺中市,66000150,后里區,421,66000150008,墩南里,140,15,8,B,TXG,NULL,NULL
臺中市后里區墩北里,66,臺中市,66000150,后里區,421,66000150009,墩北里,140,15,9,B,TXG,NULL,NULL
臺中市后里區中和里,66,臺中市,66000150,后里區,421,66000150010,中和里,140,15,10,B,TXG,NULL,NULL
臺中市后里區舊社里,66,臺中市,66000150,后里區,421,66000150011,舊社里,140,15,11,B,TXG,NULL,NULL
臺中市后里區聯合里,66,臺中市,66000150,后里區,421,66000150012,聯合里,140,15,12,B,TXG,NULL,NULL
臺中市后里區太平里,66,臺中市,66000150,后里區,421,66000150013,太平里,140,15,13,B,TXG,NULL,NULL
臺中市后里區眉山里,66,臺中市,66000150,后里區,421,66000150014,眉山里,140,15,14,B,TXG,NULL,NULL
臺中市后里區泰安里,66,臺中市,66000150,后里區,421,66000150015,泰安里,140,15,15,B,TXG,NULL,NULL
臺中市后里區公館里,66,臺中市,66000150,后里區,421,66000150016,公館里,140,15,16,B,TXG,NULL,NULL
臺中市后里區月眉里,66,臺中市,66000150,后里區,421,66000150017,月眉里,140,15,17,B,TXG,NULL,NULL
臺中市后里區義德里,66,臺中市,66000150,后里區,421,66000150018,義德里,140,15,18,B,TXG,NULL,NULL
臺中市神岡區神岡里,66,臺中市,66000160,神岡區,429,66000160001,神岡里,140,16,1,B,TXG,NULL,NULL
臺中市神岡區庄前里,66,臺中市,66000160,神岡區,429,66000160002,庄前里,140,16,2,B,TXG,NULL,NULL
臺中市神岡區北庄里,66,臺中市,66000160,神岡區,429,66000160003,北庄里,140,16,3,B,TXG,NULL,NULL
臺中市神岡區庄後里,66,臺中市,66000160,神岡區,429,66000160004,庄後里,140,16,4,B,TXG,NULL,NULL
臺中市神岡區社口里,66,臺中市,66000160,神岡區,429,66000160005,社口里,140,16,5,B,TXG,NULL,NULL
臺中市神岡區社南里,66,臺中市,66000160,神岡區,429,66000160006,社南里,140,16,6,B,TXG,NULL,NULL
臺中市神岡區三角里,66,臺中市,66000160,神岡區,429,66000160007,三角里,140,16,7,B,TXG,NULL,NULL
臺中市神岡區岸裡里,66,臺中市,66000160,神岡區,429,66000160008,岸裡里,140,16,8,B,TXG,NULL,NULL
臺中市神岡區大社里,66,臺中市,66000160,神岡區,429,66000160009,大社里,140,16,9,B,TXG,NULL,NULL
臺中市神岡區豐洲里,66,臺中市,66000160,神岡區,429,66000160010,豐洲里,140,16,10,B,TXG,NULL,NULL
臺中市神岡區神洲里,66,臺中市,66000160,神岡區,429,66000160011,神洲里,140,16,11,B,TXG,NULL,NULL
臺中市神岡區溪洲里,66,臺中市,66000160,神岡區,429,66000160012,溪洲里,140,16,12,B,TXG,NULL,NULL
臺中市神岡區圳前里,66,臺中市,66000160,神岡區,429,66000160013,圳前里,140,16,13,B,TXG,NULL,NULL
臺中市神岡區新庄里,66,臺中市,66000160,神岡區,429,66000160014,新庄里,140,16,14,B,TXG,NULL,NULL
臺中市神岡區圳堵里,66,臺中市,66000160,神岡區,429,66000160015,圳堵里,140,16,15,B,TXG,NULL,NULL
臺中市神岡區山皮里,66,臺中市,66000160,神岡區,429,66000160016,山皮里,140,16,16,B,TXG,NULL,NULL
臺中市潭子區潭陽里,66,臺中市,66000170,潭子區,427,66000170001,潭陽里,140,17,1,B,TXG,NULL,NULL
臺中市潭子區潭秀里,66,臺中市,66000170,潭子區,427,66000170002,潭秀里,140,17,2,B,TXG,NULL,NULL
臺中市潭子區潭北里,66,臺中市,66000170,潭子區,427,66000170003,潭北里,140,17,3,B,TXG,NULL,NULL
臺中市潭子區福仁里,66,臺中市,66000170,潭子區,427,66000170004,福仁里,140,17,4,B,TXG,NULL,NULL
臺中市潭子區頭家里,66,臺中市,66000170,潭子區,427,66000170005,頭家里,140,17,5,B,TXG,NULL,NULL
臺中市潭子區甘蔗里,66,臺中市,66000170,潭子區,427,66000170006,甘蔗里,140,17,6,B,TXG,NULL,NULL
臺中市潭子區東寶里,66,臺中市,66000170,潭子區,427,66000170007,東寶里,140,17,7,B,TXG,NULL,NULL
臺中市潭子區大富里,66,臺中市,66000170,潭子區,427,66000170008,大富里,140,17,8,B,TXG,NULL,NULL
臺中市潭子區大豐里,66,臺中市,66000170,潭子區,427,66000170009,大豐里,140,17,9,B,TXG,NULL,NULL
臺中市潭子區栗林里,66,臺中市,66000170,潭子區,427,66000170010,栗林里,140,17,10,B,TXG,NULL,NULL
臺中市潭子區嘉仁里,66,臺中市,66000170,潭子區,427,66000170011,嘉仁里,140,17,11,B,TXG,NULL,NULL
臺中市潭子區新田里,66,臺中市,66000170,潭子區,427,66000170012,新田里,140,17,12,B,TXG,NULL,NULL
臺中市潭子區聚興里,66,臺中市,66000170,潭子區,427,66000170013,聚興里,140,17,13,B,TXG,NULL,NULL
臺中市潭子區頭家東里,66,臺中市,66000170,潭子區,427,66000170014,頭家東里,140,17,14,B,TXG,NULL,NULL
臺中市潭子區家興里,66,臺中市,66000170,潭子區,427,66000170015,家興里,140,17,15,B,TXG,NULL,NULL
臺中市潭子區家福里,66,臺中市,66000170,潭子區,427,66000170016,家福里,140,17,16,B,TXG,NULL,NULL
臺中市大雅區大雅里,66,臺中市,66000180,大雅區,428,66000180001,大雅里,140,18,1,B,TXG,NULL,NULL
臺中市大雅區員林里,66,臺中市,66000180,大雅區,428,66000180002,員林里,140,18,2,B,TXG,NULL,NULL
臺中市大雅區六寶里,66,臺中市,66000180,大雅區,428,66000180003,六寶里,140,18,3,B,TXG,NULL,NULL
臺中市大雅區秀山里,66,臺中市,66000180,大雅區,428,66000180004,秀山里,140,18,4,B,TXG,NULL,NULL
臺中市大雅區忠義里,66,臺中市,66000180,大雅區,428,66000180005,忠義里,140,18,5,B,TXG,NULL,NULL
臺中市大雅區橫山里,66,臺中市,66000180,大雅區,428,66000180006,橫山里,140,18,6,B,TXG,NULL,NULL
臺中市大雅區三和里,66,臺中市,66000180,大雅區,428,66000180007,三和里,140,18,7,B,TXG,NULL,NULL
臺中市大雅區西寶里,66,臺中市,66000180,大雅區,428,66000180008,西寶里,140,18,8,B,TXG,NULL,NULL
臺中市大雅區上楓里,66,臺中市,66000180,大雅區,428,66000180009,上楓里,140,18,9,B,TXG,NULL,NULL
臺中市大雅區二和里,66,臺中市,66000180,大雅區,428,66000180010,二和里,140,18,10,B,TXG,NULL,NULL
臺中市大雅區四德里,66,臺中市,66000180,大雅區,428,66000180011,四德里,140,18,11,B,TXG,NULL,NULL
臺中市大雅區上雅里,66,臺中市,66000180,大雅區,428,66000180012,上雅里,140,18,12,B,TXG,NULL,NULL
臺中市大雅區文雅里,66,臺中市,66000180,大雅區,428,66000180013,文雅里,140,18,13,B,TXG,NULL,NULL
臺中市大雅區大楓里,66,臺中市,66000180,大雅區,428,66000180014,大楓里,140,18,14,B,TXG,NULL,NULL
臺中市大雅區雅楓里,66,臺中市,66000180,大雅區,428,66000180015,雅楓里,140,18,15,B,TXG,NULL,NULL
臺中市新社區新社里,66,臺中市,66000190,新社區,426,66000190001,新社里,140,19,1,B,TXG,NULL,NULL
臺中市新社區復盛里,66,臺中市,66000190,新社區,426,66000190002,復盛里,140,19,2,B,TXG,NULL,NULL
臺中市新社區中正里,66,臺中市,66000190,新社區,426,66000190003,中正里,140,19,3,B,TXG,NULL,NULL
臺中市新社區月湖里,66,臺中市,66000190,新社區,426,66000190004,月湖里,140,19,4,B,TXG,NULL,NULL
臺中市新社區崑山里,66,臺中市,66000190,新社區,426,66000190005,崑山里,140,19,5,B,TXG,NULL,NULL
臺中市新社區大南里,66,臺中市,66000190,新社區,426,66000190006,大南里,140,19,6,B,TXG,NULL,NULL
臺中市新社區永源里,66,臺中市,66000190,新社區,426,66000190007,永源里,140,19,7,B,TXG,NULL,NULL
臺中市新社區中興里,66,臺中市,66000190,新社區,426,66000190008,中興里,140,19,8,B,TXG,NULL,NULL
臺中市新社區協成里,66,臺中市,66000190,新社區,426,66000190009,協成里,140,19,9,B,TXG,NULL,NULL
臺中市新社區東興里,66,臺中市,66000190,新社區,426,66000190010,東興里,140,19,10,B,TXG,NULL,NULL
臺中市新社區慶西里,66,臺中市,66000190,新社區,426,66000190011,慶西里,140,19,11,B,TXG,NULL,NULL
臺中市新社區中和里,66,臺中市,66000190,新社區,426,66000190012,中和里,140,19,12,B,TXG,NULL,NULL
臺中市新社區福興里,66,臺中市,66000190,新社區,426,66000190013,福興里,140,19,13,B,TXG,NULL,NULL
臺中市石岡區石岡里,66,臺中市,66000200,石岡區,422,66000200001,石岡里,140,20,1,B,TXG,NULL,NULL
臺中市石岡區萬安里,66,臺中市,66000200,石岡區,422,66000200002,萬安里,140,20,2,B,TXG,NULL,NULL
臺中市石岡區九房里,66,臺中市,66000200,石岡區,422,66000200003,九房里,140,20,3,B,TXG,NULL,NULL
臺中市石岡區金星里,66,臺中市,66000200,石岡區,422,66000200004,金星里,140,20,4,B,TXG,NULL,NULL
臺中市石岡區龍興里,66,臺中市,66000200,石岡區,422,66000200005,龍興里,140,20,5,B,TXG,NULL,NULL
臺中市石岡區萬興里,66,臺中市,66000200,石岡區,422,66000200006,萬興里,140,20,6,B,TXG,NULL,NULL
臺中市石岡區梅子里,66,臺中市,66000200,石岡區,422,66000200007,梅子里,140,20,7,B,TXG,NULL,NULL
臺中市石岡區土牛里,66,臺中市,66000200,石岡區,422,66000200008,土牛里,140,20,8,B,TXG,NULL,NULL
臺中市石岡區德興里,66,臺中市,66000200,石岡區,422,66000200009,德興里,140,20,9,B,TXG,NULL,NULL
臺中市石岡區和盛里,66,臺中市,66000200,石岡區,422,66000200010,和盛里,140,20,10,B,TXG,NULL,NULL
臺中市外埔區永豐里,66,臺中市,66000210,外埔區,438,66000210001,永豐里,140,21,1,B,TXG,NULL,NULL
臺中市外埔區六分里,66,臺中市,66000210,外埔區,438,66000210002,六分里,140,21,2,B,TXG,NULL,NULL
臺中市外埔區三崁里,66,臺中市,66000210,外埔區,438,66000210003,三崁里,140,21,3,B,TXG,NULL,NULL
臺中市外埔區大同里,66,臺中市,66000210,外埔區,438,66000210004,大同里,140,21,4,B,TXG,NULL,NULL
臺中市外埔區水美里,66,臺中市,66000210,外埔區,438,66000210005,水美里,140,21,5,B,TXG,NULL,NULL
臺中市外埔區大東里,66,臺中市,66000210,外埔區,438,66000210006,大東里,140,21,6,B,TXG,NULL,NULL
臺中市外埔區馬鳴里,66,臺中市,66000210,外埔區,438,66000210007,馬鳴里,140,21,7,B,TXG,NULL,NULL
臺中市外埔區中山里,66,臺中市,66000210,外埔區,438,66000210008,中山里,140,21,8,B,TXG,NULL,NULL
臺中市外埔區鐵山里,66,臺中市,66000210,外埔區,438,66000210009,鐵山里,140,21,9,B,TXG,NULL,NULL
臺中市外埔區土城里,66,臺中市,66000210,外埔區,438,66000210010,土城里,140,21,10,B,TXG,NULL,NULL
臺中市外埔區廍子里,66,臺中市,66000210,外埔區,438,66000210011,廍子里,140,21,11,B,TXG,NULL,NULL
臺中市大安區南埔里,66,臺中市,66000220,大安區,439,66000220001,南埔里,140,22,1,B,TXG,NULL,NULL
臺中市大安區南庄里,66,臺中市,66000220,大安區,439,66000220002,南庄里,140,22,2,B,TXG,NULL,NULL
臺中市大安區中庄里,66,臺中市,66000220,大安區,439,66000220003,中庄里,140,22,3,B,TXG,NULL,NULL
臺中市大安區龜売里,66,臺中市,66000220,大安區,439,66000220004,龜売里,140,22,4,B,TXG,NULL,NULL
臺中市大安區福興里,66,臺中市,66000220,大安區,439,66000220005,福興里,140,22,5,B,TXG,NULL,NULL
臺中市大安區東安里,66,臺中市,66000220,大安區,439,66000220006,東安里,140,22,6,B,TXG,NULL,NULL
臺中市大安區頂安里,66,臺中市,66000220,大安區,439,66000220007,頂安里,140,22,7,B,TXG,NULL,NULL
臺中市大安區永安里,66,臺中市,66000220,大安區,439,66000220008,永安里,140,22,8,B,TXG,NULL,NULL
臺中市大安區福住里,66,臺中市,66000220,大安區,439,66000220009,福住里,140,22,9,B,TXG,NULL,NULL
臺中市大安區海墘里,66,臺中市,66000220,大安區,439,66000220010,海墘里,140,22,10,B,TXG,NULL,NULL
臺中市大安區西安里,66,臺中市,66000220,大安區,439,66000220011,西安里,140,22,11,B,TXG,NULL,NULL
臺中市大安區松雅里,66,臺中市,66000220,大安區,439,66000220012,松雅里,140,22,12,B,TXG,NULL,NULL
臺中市烏日區烏日里,66,臺中市,66000230,烏日區,414,66000230001,烏日里,140,23,1,B,TXG,NULL,NULL
臺中市烏日區湖日里,66,臺中市,66000230,烏日區,414,66000230002,湖日里,140,23,2,B,TXG,NULL,NULL
臺中市烏日區三和里,66,臺中市,66000230,烏日區,414,66000230003,三和里,140,23,3,B,TXG,NULL,NULL
臺中市烏日區榮泉里,66,臺中市,66000230,烏日區,414,66000230004,榮泉里,140,23,4,B,TXG,NULL,NULL
臺中市烏日區學田里,66,臺中市,66000230,烏日區,414,66000230005,學田里,140,23,5,B,TXG,NULL,NULL
臺中市烏日區九德里,66,臺中市,66000230,烏日區,414,66000230006,九德里,140,23,6,B,TXG,NULL,NULL
臺中市烏日區仁德里,66,臺中市,66000230,烏日區,414,66000230007,仁德里,140,23,7,B,TXG,NULL,NULL
臺中市烏日區前竹里,66,臺中市,66000230,烏日區,414,66000230008,前竹里,140,23,8,B,TXG,NULL,NULL
臺中市烏日區五光里,66,臺中市,66000230,烏日區,414,66000230009,五光里,140,23,9,B,TXG,NULL,NULL
臺中市烏日區光明里,66,臺中市,66000230,烏日區,414,66000230010,光明里,140,23,10,B,TXG,NULL,NULL
臺中市烏日區東園里,66,臺中市,66000230,烏日區,414,66000230011,東園里,140,23,11,B,TXG,NULL,NULL
臺中市烏日區溪埧里,66,臺中市,66000230,烏日區,414,66000230012,溪埧里,140,23,12,B,TXG,NULL,NULL
臺中市烏日區螺潭里,66,臺中市,66000230,烏日區,414,66000230013,螺潭里,140,23,13,B,TXG,NULL,NULL
臺中市烏日區北里里,66,臺中市,66000230,烏日區,414,66000230014,北里里,140,23,14,B,TXG,NULL,NULL
臺中市烏日區南里里,66,臺中市,66000230,烏日區,414,66000230015,南里里,140,23,15,B,TXG,NULL,NULL
臺中市烏日區溪尾里,66,臺中市,66000230,烏日區,414,66000230016,溪尾里,140,23,16,B,TXG,NULL,NULL
臺中市大肚區王田里,66,臺中市,66000240,大肚區,432,66000240001,王田里,140,24,1,B,TXG,NULL,NULL
臺中市大肚區中和里,66,臺中市,66000240,大肚區,432,66000240002,中和里,140,24,2,B,TXG,NULL,NULL
臺中市大肚區福山里,66,臺中市,66000240,大肚區,432,66000240003,福山里,140,24,3,B,TXG,NULL,NULL
臺中市大肚區營埔里,66,臺中市,66000240,大肚區,432,66000240004,營埔里,140,24,4,B,TXG,NULL,NULL
臺中市大肚區社腳里,66,臺中市,66000240,大肚區,432,66000240005,社腳里,140,24,5,B,TXG,NULL,NULL
臺中市大肚區新興里,66,臺中市,66000240,大肚區,432,66000240006,新興里,140,24,6,B,TXG,NULL,NULL
臺中市大肚區大東里,66,臺中市,66000240,大肚區,432,66000240007,大東里,140,24,7,B,TXG,NULL,NULL
臺中市大肚區大肚里,66,臺中市,66000240,大肚區,432,66000240008,大肚里,140,24,8,B,TXG,NULL,NULL
臺中市大肚區永和里,66,臺中市,66000240,大肚區,432,66000240009,永和里,140,24,9,B,TXG,NULL,NULL
臺中市大肚區磺溪里,66,臺中市,66000240,大肚區,432,66000240010,磺溪里,140,24,10,B,TXG,NULL,NULL
臺中市大肚區永順里,66,臺中市,66000240,大肚區,432,66000240011,永順里,140,24,11,B,TXG,NULL,NULL
臺中市大肚區成功里,66,臺中市,66000240,大肚區,432,66000240012,成功里,140,24,12,B,TXG,NULL,NULL
臺中市大肚區山陽里,66,臺中市,66000240,大肚區,432,66000240013,山陽里,140,24,13,B,TXG,NULL,NULL
臺中市大肚區頂街里,66,臺中市,66000240,大肚區,432,66000240014,頂街里,140,24,14,B,TXG,NULL,NULL
臺中市大肚區瑞井里,66,臺中市,66000240,大肚區,432,66000240015,瑞井里,140,24,15,B,TXG,NULL,NULL
臺中市大肚區蔗廍里,66,臺中市,66000240,大肚區,432,66000240016,蔗廍里,140,24,16,B,TXG,NULL,NULL
臺中市大肚區自強里,66,臺中市,66000240,大肚區,432,66000240017,自強里,140,24,17,B,TXG,NULL,NULL
臺中市龍井區竹坑里,66,臺中市,66000250,龍井區,434,66000250001,竹坑里,140,25,1,B,TXG,NULL,NULL
臺中市龍井區龍東里,66,臺中市,66000250,龍井區,434,66000250002,龍東里,140,25,2,B,TXG,NULL,NULL
臺中市龍井區龍西里,66,臺中市,66000250,龍井區,434,66000250003,龍西里,140,25,3,B,TXG,NULL,NULL
臺中市龍井區田中里,66,臺中市,66000250,龍井區,434,66000250004,田中里,140,25,4,B,TXG,NULL,NULL
臺中市龍井區福田里,66,臺中市,66000250,龍井區,434,66000250005,福田里,140,25,5,B,TXG,NULL,NULL
臺中市龍井區麗水里,66,臺中市,66000250,龍井區,434,66000250006,麗水里,140,25,6,B,TXG,NULL,NULL
臺中市龍井區龍津里,66,臺中市,66000250,龍井區,434,66000250007,龍津里,140,25,7,B,TXG,NULL,NULL
臺中市龍井區三德里,66,臺中市,66000250,龍井區,434,66000250008,三德里,140,25,8,B,TXG,NULL,NULL
臺中市龍井區忠和里,66,臺中市,66000250,龍井區,434,66000250009,忠和里,140,25,9,B,TXG,NULL,NULL
臺中市龍井區山腳里,66,臺中市,66000250,龍井區,434,66000250010,山腳里,140,25,10,B,TXG,NULL,NULL
臺中市龍井區龍泉里,66,臺中市,66000250,龍井區,434,66000250011,龍泉里,140,25,11,B,TXG,NULL,NULL
臺中市龍井區龍崗里,66,臺中市,66000250,龍井區,434,66000250012,龍崗里,140,25,12,B,TXG,NULL,NULL
臺中市龍井區新庄里,66,臺中市,66000250,龍井區,434,66000250013,新庄里,140,25,13,B,TXG,NULL,NULL
臺中市龍井區南寮里,66,臺中市,66000250,龍井區,434,66000250014,南寮里,140,25,14,B,TXG,NULL,NULL
臺中市龍井區新東里,66,臺中市,66000250,龍井區,434,66000250015,新東里,140,25,15,B,TXG,NULL,NULL
臺中市龍井區東海里,66,臺中市,66000250,龍井區,434,66000250016,東海里,140,25,16,B,TXG,NULL,NULL
臺中市霧峰區桐林里,66,臺中市,66000260,霧峰區,413,66000260001,桐林里,140,26,1,B,TXG,NULL,NULL
臺中市霧峰區吉峰里,66,臺中市,66000260,霧峰區,413,66000260002,吉峰里,140,26,2,B,TXG,NULL,NULL
臺中市霧峰區甲寅里,66,臺中市,66000260,霧峰區,413,66000260003,甲寅里,140,26,3,B,TXG,NULL,NULL
臺中市霧峰區本鄉里,66,臺中市,66000260,霧峰區,413,66000260004,本鄉里,140,26,4,B,TXG,NULL,NULL
臺中市霧峰區中正里,66,臺中市,66000260,霧峰區,413,66000260005,中正里,140,26,5,B,TXG,NULL,NULL
臺中市霧峰區錦榮里,66,臺中市,66000260,霧峰區,413,66000260006,錦榮里,140,26,6,B,TXG,NULL,NULL
臺中市霧峰區萊園里,66,臺中市,66000260,霧峰區,413,66000260007,萊園里,140,26,7,B,TXG,NULL,NULL
臺中市霧峰區本堂里,66,臺中市,66000260,霧峰區,413,66000260008,本堂里,140,26,8,B,TXG,NULL,NULL
臺中市霧峰區坑口里,66,臺中市,66000260,霧峰區,413,66000260009,坑口里,140,26,9,B,TXG,NULL,NULL
臺中市霧峰區北柳里,66,臺中市,66000260,霧峰區,413,66000260010,北柳里,140,26,10,B,TXG,NULL,NULL
臺中市霧峰區南柳里,66,臺中市,66000260,霧峰區,413,66000260011,南柳里,140,26,11,B,TXG,NULL,NULL
臺中市霧峰區四德里,66,臺中市,66000260,霧峰區,413,66000260012,四德里,140,26,12,B,TXG,NULL,NULL
臺中市霧峰區五福里,66,臺中市,66000260,霧峰區,413,66000260013,五福里,140,26,13,B,TXG,NULL,NULL
臺中市霧峰區萬豐里,66,臺中市,66000260,霧峰區,413,66000260014,萬豐里,140,26,14,B,TXG,NULL,NULL
臺中市霧峰區舊正里,66,臺中市,66000260,霧峰區,413,66000260015,舊正里,140,26,15,B,TXG,NULL,NULL
臺中市霧峰區峰谷里,66,臺中市,66000260,霧峰區,413,66000260016,峰谷里,140,26,16,B,TXG,NULL,NULL
臺中市霧峰區六股里,66,臺中市,66000260,霧峰區,413,66000260017,六股里,140,26,17,B,TXG,NULL,NULL
臺中市霧峰區丁台里,66,臺中市,66000260,霧峰區,413,66000260018,丁台里,140,26,18,B,TXG,NULL,NULL
臺中市霧峰區北勢里,66,臺中市,66000260,霧峰區,413,66000260019,北勢里,140,26,19,B,TXG,NULL,NULL
臺中市霧峰區南勢里,66,臺中市,66000260,霧峰區,413,66000260020,南勢里,140,26,20,B,TXG,NULL,NULL
臺中市太平區太平里,66,臺中市,66000270,太平區,411,66000270001,太平里,140,27,1,B,TXG,NULL,NULL
臺中市太平區長億里,66,臺中市,66000270,太平區,411,66000270002,長億里,140,27,2,B,TXG,NULL,NULL
臺中市太平區中平里,66,臺中市,66000270,太平區,411,66000270003,中平里,140,27,3,B,TXG,NULL,NULL
臺中市太平區中興里,66,臺中市,66000270,太平區,411,66000270004,中興里,140,27,4,B,TXG,NULL,NULL
臺中市太平區建國里,66,臺中市,66000270,太平區,411,66000270005,建國里,140,27,5,B,TXG,NULL,NULL
臺中市太平區東平里,66,臺中市,66000270,太平區,411,66000270006,東平里,140,27,6,B,TXG,NULL,NULL
臺中市太平區宜欣里,66,臺中市,66000270,太平區,411,66000270007,宜欣里,140,27,7,B,TXG,NULL,NULL
臺中市太平區中山里,66,臺中市,66000270,太平區,411,66000270008,中山里,140,27,8,B,TXG,NULL,NULL
臺中市太平區坪林里,66,臺中市,66000270,太平區,411,66000270009,坪林里,140,27,9,B,TXG,NULL,NULL
臺中市太平區光華里,66,臺中市,66000270,太平區,411,66000270010,光華里,140,27,10,B,TXG,NULL,NULL
臺中市太平區新坪里,66,臺中市,66000270,太平區,411,66000270011,新坪里,140,27,11,B,TXG,NULL,NULL
臺中市太平區新光里,66,臺中市,66000270,太平區,411,66000270012,新光里,140,27,12,B,TXG,NULL,NULL
臺中市太平區新福里,66,臺中市,66000270,太平區,411,66000270013,新福里,140,27,13,B,TXG,NULL,NULL
臺中市太平區頭汴里,66,臺中市,66000270,太平區,411,66000270014,頭汴里,140,27,14,B,TXG,NULL,NULL
臺中市太平區東汴里,66,臺中市,66000270,太平區,411,66000270015,東汴里,140,27,15,B,TXG,NULL,NULL
臺中市太平區興隆里,66,臺中市,66000270,太平區,411,66000270016,興隆里,140,27,16,B,TXG,NULL,NULL
臺中市太平區光隆里,66,臺中市,66000270,太平區,411,66000270017,光隆里,140,27,17,B,TXG,NULL,NULL
臺中市太平區德隆里,66,臺中市,66000270,太平區,411,66000270018,德隆里,140,27,18,B,TXG,NULL,NULL
臺中市太平區黃竹里,66,臺中市,66000270,太平區,411,66000270019,黃竹里,140,27,19,B,TXG,NULL,NULL
臺中市太平區永成里,66,臺中市,66000270,太平區,411,66000270020,永成里,140,27,20,B,TXG,NULL,NULL
臺中市太平區永平里,66,臺中市,66000270,太平區,411,66000270021,永平里,140,27,21,B,TXG,NULL,NULL
臺中市太平區成功里,66,臺中市,66000270,太平區,411,66000270022,成功里,140,27,22,B,TXG,NULL,NULL
臺中市太平區東和里,66,臺中市,66000270,太平區,411,66000270023,東和里,140,27,23,B,TXG,NULL,NULL
臺中市太平區中政里,66,臺中市,66000270,太平區,411,66000270024,中政里,140,27,24,B,TXG,NULL,NULL
臺中市太平區平安里,66,臺中市,66000270,太平區,411,66000270025,平安里,140,27,25,B,TXG,NULL,NULL
臺中市太平區建興里,66,臺中市,66000270,太平區,411,66000270026,建興里,140,27,26,B,TXG,NULL,NULL
臺中市太平區新興里,66,臺中市,66000270,太平區,411,66000270027,新興里,140,27,27,B,TXG,NULL,NULL
臺中市太平區新高里,66,臺中市,66000270,太平區,411,66000270028,新高里,140,27,28,B,TXG,NULL,NULL
臺中市太平區新吉里,66,臺中市,66000270,太平區,411,66000270029,新吉里,140,27,29,B,TXG,NULL,NULL
臺中市太平區新城里,66,臺中市,66000270,太平區,411,66000270030,新城里,140,27,30,B,TXG,NULL,NULL
臺中市太平區宜佳里,66,臺中市,66000270,太平區,411,66000270031,宜佳里,140,27,31,B,TXG,NULL,NULL
臺中市太平區宜昌里,66,臺中市,66000270,太平區,411,66000270032,宜昌里,140,27,32,B,TXG,NULL,NULL
臺中市太平區光明里,66,臺中市,66000270,太平區,411,66000270033,光明里,140,27,33,B,TXG,NULL,NULL
臺中市太平區豐年里,66,臺中市,66000270,太平區,411,66000270034,豐年里,140,27,34,B,TXG,NULL,NULL
臺中市太平區大興里,66,臺中市,66000270,太平區,411,66000270035,大興里,140,27,35,B,TXG,NULL,NULL
臺中市太平區勤益里,66,臺中市,66000270,太平區,411,66000270036,勤益里,140,27,36,B,TXG,NULL,NULL
臺中市太平區聖和里,66,臺中市,66000270,太平區,411,66000270037,聖和里,140,27,37,B,TXG,NULL,NULL
臺中市太平區福隆里,66,臺中市,66000270,太平區,411,66000270038,福隆里,140,27,38,B,TXG,NULL,NULL
臺中市太平區永隆里,66,臺中市,66000270,太平區,411,66000270039,永隆里,140,27,39,B,TXG,NULL,NULL
臺中市大里區大里里,66,臺中市,66000280,大里區,412,66000280001,大里里,140,28,1,B,TXG,NULL,NULL
臺中市大里區新里里,66,臺中市,66000280,大里區,412,66000280002,新里里,140,28,2,B,TXG,NULL,NULL
臺中市大里區樹王里,66,臺中市,66000280,大里區,412,66000280003,樹王里,140,28,3,B,TXG,NULL,NULL
臺中市大里區東興里,66,臺中市,66000280,大里區,412,66000280004,東興里,140,28,4,B,TXG,NULL,NULL
臺中市大里區祥興里,66,臺中市,66000280,大里區,412,66000280005,祥興里,140,28,5,B,TXG,NULL,NULL
臺中市大里區日新里,66,臺中市,66000280,大里區,412,66000280006,日新里,140,28,6,B,TXG,NULL,NULL
臺中市大里區西榮里,66,臺中市,66000280,大里區,412,66000280007,西榮里,140,28,7,B,TXG,NULL,NULL
臺中市大里區內新里,66,臺中市,66000280,大里區,412,66000280008,內新里,140,28,8,B,TXG,NULL,NULL
臺中市大里區東昇里,66,臺中市,66000280,大里區,412,66000280009,東昇里,140,28,9,B,TXG,NULL,NULL
臺中市大里區立仁里,66,臺中市,66000280,大里區,412,66000280010,立仁里,140,28,10,B,TXG,NULL,NULL
臺中市大里區新仁里,66,臺中市,66000280,大里區,412,66000280011,新仁里,140,28,11,B,TXG,NULL,NULL
臺中市大里區大元里,66,臺中市,66000280,大里區,412,66000280012,大元里,140,28,12,B,TXG,NULL,NULL
臺中市大里區夏田里,66,臺中市,66000280,大里區,412,66000280013,夏田里,140,28,13,B,TXG,NULL,NULL
臺中市大里區仁化里,66,臺中市,66000280,大里區,412,66000280014,仁化里,140,28,14,B,TXG,NULL,NULL
臺中市大里區健民里,66,臺中市,66000280,大里區,412,66000280015,健民里,140,28,15,B,TXG,NULL,NULL
臺中市大里區塗城里,66,臺中市,66000280,大里區,412,66000280016,塗城里,140,28,16,B,TXG,NULL,NULL
臺中市大里區瑞城里,66,臺中市,66000280,大里區,412,66000280017,瑞城里,140,28,17,B,TXG,NULL,NULL
臺中市大里區金城里,66,臺中市,66000280,大里區,412,66000280018,金城里,140,28,18,B,TXG,NULL,NULL
臺中市大里區東湖里,66,臺中市,66000280,大里區,412,66000280019,東湖里,140,28,19,B,TXG,NULL,NULL
臺中市大里區西湖里,66,臺中市,66000280,大里區,412,66000280020,西湖里,140,28,20,B,TXG,NULL,NULL
臺中市大里區國光里,66,臺中市,66000280,大里區,412,66000280021,國光里,140,28,21,B,TXG,NULL,NULL
臺中市大里區大明里,66,臺中市,66000280,大里區,412,66000280022,大明里,140,28,22,B,TXG,NULL,NULL
臺中市大里區永隆里,66,臺中市,66000280,大里區,412,66000280023,永隆里,140,28,23,B,TXG,NULL,NULL
臺中市大里區長榮里,66,臺中市,66000280,大里區,412,66000280024,長榮里,140,28,24,B,TXG,NULL,NULL
臺中市大里區中新里,66,臺中市,66000280,大里區,412,66000280025,中新里,140,28,25,B,TXG,NULL,NULL
臺中市大里區立德里,66,臺中市,66000280,大里區,412,66000280026,立德里,140,28,26,B,TXG,NULL,NULL
臺中市大里區仁德里,66,臺中市,66000280,大里區,412,66000280027,仁德里,140,28,27,B,TXG,NULL,NULL
臺中市和平區南勢里,66,臺中市,66000290,和平區,424,66000290001,南勢里,140,29,1,B,TXG,NULL,NULL
臺中市和平區天輪里,66,臺中市,66000290,和平區,424,66000290002,天輪里,140,29,2,B,TXG,NULL,NULL
臺中市和平區博愛里,66,臺中市,66000290,和平區,424,66000290003,博愛里,140,29,3,B,TXG,NULL,NULL
臺中市和平區中坑里,66,臺中市,66000290,和平區,424,66000290004,中坑里,140,29,4,B,TXG,NULL,NULL
臺中市和平區自由里,66,臺中市,66000290,和平區,424,66000290005,自由里,140,29,5,B,TXG,NULL,NULL
臺中市和平區達觀里,66,臺中市,66000290,和平區,424,66000290006,達觀里,140,29,6,B,TXG,NULL,NULL
臺中市和平區梨山里,66,臺中市,66000290,和平區,424,66000290007,梨山里,140,29,7,B,TXG,NULL,NULL
臺中市和平區平等里,66,臺中市,66000290,和平區,424,66000290008,平等里,140,29,8,B,TXG,NULL,NULL
臺南市新營區忠政里,67,臺南市,67000010,新營區,730,67000010001,忠政里,150,1,1,D,TNN,NULL,NULL
臺南市新營區民權里,67,臺南市,67000010,新營區,730,67000010002,民權里,150,1,2,D,TNN,NULL,NULL
臺南市新營區三仙里,67,臺南市,67000010,新營區,730,67000010003,三仙里,150,1,3,D,TNN,NULL,NULL
臺南市新營區大宏里,67,臺南市,67000010,新營區,730,67000010007,大宏里,150,1,7,D,TNN,NULL,NULL
臺南市新營區王公里,67,臺南市,67000010,新營區,730,67000010008,王公里,150,1,8,D,TNN,NULL,NULL
臺南市新營區中營里,67,臺南市,67000010,新營區,730,67000010009,中營里,150,1,9,D,TNN,NULL,NULL
臺南市新營區土庫里,67,臺南市,67000010,新營區,730,67000010010,土庫里,150,1,10,D,TNN,NULL,NULL
臺南市新營區南興里,67,臺南市,67000010,新營區,730,67000010012,南興里,150,1,12,D,TNN,NULL,NULL
臺南市新營區興業里,67,臺南市,67000010,新營區,730,67000010013,興業里,150,1,13,D,TNN,NULL,NULL
臺南市新營區民生里,67,臺南市,67000010,新營區,730,67000010014,民生里,150,1,14,D,TNN,NULL,NULL
臺南市新營區民榮里,67,臺南市,67000010,新營區,730,67000010015,民榮里,150,1,15,D,TNN,NULL,NULL
臺南市新營區埤寮里,67,臺南市,67000010,新營區,730,67000010016,埤寮里,150,1,16,D,TNN,NULL,NULL
臺南市新營區護鎮里,67,臺南市,67000010,新營區,730,67000010017,護鎮里,150,1,17,D,TNN,NULL,NULL
臺南市新營區太南里,67,臺南市,67000010,新營區,730,67000010018,太南里,150,1,18,D,TNN,NULL,NULL
臺南市新營區太北里,67,臺南市,67000010,新營區,730,67000010019,太北里,150,1,19,D,TNN,NULL,NULL
臺南市新營區南紙里,67,臺南市,67000010,新營區,730,67000010020,南紙里,150,1,20,D,TNN,NULL,NULL
臺南市新營區嘉芳里,67,臺南市,67000010,新營區,730,67000010021,嘉芳里,150,1,21,D,TNN,NULL,NULL
臺南市新營區五興里,67,臺南市,67000010,新營區,730,67000010025,五興里,150,1,25,D,TNN,NULL,NULL
臺南市新營區姑爺里,67,臺南市,67000010,新營區,730,67000010026,姑爺里,150,1,26,D,TNN,NULL,NULL
臺南市新營區新北里,67,臺南市,67000010,新營區,730,67000010027,新北里,150,1,27,D,TNN,NULL,NULL
臺南市新營區新南里,67,臺南市,67000010,新營區,730,67000010028,新南里,150,1,28,D,TNN,NULL,NULL
臺南市新營區新東里,67,臺南市,67000010,新營區,730,67000010029,新東里,150,1,29,D,TNN,NULL,NULL
臺南市新營區永平里,67,臺南市,67000010,新營區,730,67000010030,永平里,150,1,30,D,TNN,NULL,NULL
臺南市鹽水區水秀里,67,臺南市,67000020,鹽水區,737,67000020001,水秀里,150,2,1,D,TNN,NULL,NULL
臺南市鹽水區橋南里,67,臺南市,67000020,鹽水區,737,67000020008,橋南里,150,2,8,D,TNN,NULL,NULL
臺南市鹽水區汫水里,67,臺南市,67000020,鹽水區,737,67000020010,汫水里,150,2,10,D,TNN,NULL,NULL
臺南市鹽水區岸內里,67,臺南市,67000020,鹽水區,737,67000020011,岸內里,150,2,11,D,TNN,NULL,NULL
臺南市鹽水區歡雅里,67,臺南市,67000020,鹽水區,737,67000020014,歡雅里,150,2,14,D,TNN,NULL,NULL
臺南市鹽水區津城里,67,臺南市,67000020,鹽水區,737,67000020026,津城里,150,2,26,D,TNN,NULL,NULL
臺南市鹽水區月港里,67,臺南市,67000020,鹽水區,737,67000020027,月港里,150,2,27,D,TNN,NULL,NULL
臺南市鹽水區三明里,67,臺南市,67000020,鹽水區,737,67000020028,三明里,150,2,28,D,TNN,NULL,NULL
臺南市鹽水區義中里,67,臺南市,67000020,鹽水區,737,67000020029,義中里,150,2,29,D,TNN,NULL,NULL
臺南市鹽水區文昌里,67,臺南市,67000020,鹽水區,737,67000020030,文昌里,150,2,30,D,TNN,NULL,NULL
臺南市鹽水區竹林里,67,臺南市,67000020,鹽水區,737,67000020031,竹林里,150,2,31,D,TNN,NULL,NULL
臺南市鹽水區三和里,67,臺南市,67000020,鹽水區,737,67000020032,三和里,150,2,32,D,TNN,NULL,NULL
臺南市鹽水區坔頭港里,67,臺南市,67000020,鹽水區,737,67000020033,坔頭港里,150,2,33,D,TNN,NULL,NULL
臺南市白河區白河里,67,臺南市,67000030,白河區,732,67000030001,白河里,150,3,1,D,TNN,NULL,NULL
臺南市白河區永安里,67,臺南市,67000030,白河區,732,67000030002,永安里,150,3,2,D,TNN,NULL,NULL
臺南市白河區外角里,67,臺南市,67000030,白河區,732,67000030003,外角里,150,3,3,D,TNN,NULL,NULL
臺南市白河區庄內里,67,臺南市,67000030,白河區,732,67000030004,庄內里,150,3,4,D,TNN,NULL,NULL
臺南市白河區秀祐里,67,臺南市,67000030,白河區,732,67000030005,秀祐里,150,3,5,D,TNN,NULL,NULL
臺南市白河區河東里,67,臺南市,67000030,白河區,732,67000030006,河東里,150,3,6,D,TNN,NULL,NULL
臺南市白河區虎山里,67,臺南市,67000030,白河區,732,67000030007,虎山里,150,3,7,D,TNN,NULL,NULL
臺南市白河區大林里,67,臺南市,67000030,白河區,732,67000030008,大林里,150,3,8,D,TNN,NULL,NULL
臺南市白河區崁頭里,67,臺南市,67000030,白河區,732,67000030009,崁頭里,150,3,9,D,TNN,NULL,NULL
臺南市白河區六溪里,67,臺南市,67000030,白河區,732,67000030010,六溪里,150,3,10,D,TNN,NULL,NULL
臺南市白河區仙草里,67,臺南市,67000030,白河區,732,67000030011,仙草里,150,3,11,D,TNN,NULL,NULL
臺南市白河區關嶺里,67,臺南市,67000030,白河區,732,67000030012,關嶺里,150,3,12,D,TNN,NULL,NULL
臺南市白河區大竹里,67,臺南市,67000030,白河區,732,67000030014,大竹里,150,3,14,D,TNN,NULL,NULL
臺南市白河區竹門里,67,臺南市,67000030,白河區,732,67000030018,竹門里,150,3,18,D,TNN,NULL,NULL
臺南市白河區崎內里,67,臺南市,67000030,白河區,732,67000030019,崎內里,150,3,19,D,TNN,NULL,NULL
臺南市白河區昇安里,67,臺南市,67000030,白河區,732,67000030020,昇安里,150,3,20,D,TNN,NULL,NULL
臺南市白河區汴頭里,67,臺南市,67000030,白河區,732,67000030021,汴頭里,150,3,21,D,TNN,NULL,NULL
臺南市白河區內角里,67,臺南市,67000030,白河區,732,67000030022,內角里,150,3,22,D,TNN,NULL,NULL
臺南市白河區詔豐里,67,臺南市,67000030,白河區,732,67000030025,詔豐里,150,3,25,D,TNN,NULL,NULL
臺南市白河區廣蓮里,67,臺南市,67000030,白河區,732,67000030026,廣蓮里,150,3,26,D,TNN,NULL,NULL
臺南市白河區馬稠後里,67,臺南市,67000030,白河區,732,67000030027,馬稠後里,150,3,27,D,TNN,NULL,NULL
臺南市柳營區士林里,67,臺南市,67000040,柳營區,736,67000040001,士林里,150,4,1,D,TNN,NULL,NULL
臺南市柳營區光福里,67,臺南市,67000040,柳營區,736,67000040002,光福里,150,4,2,D,TNN,NULL,NULL
臺南市柳營區中埕里,67,臺南市,67000040,柳營區,736,67000040003,中埕里,150,4,3,D,TNN,NULL,NULL
臺南市柳營區東昇里,67,臺南市,67000040,柳營區,736,67000040004,東昇里,150,4,4,D,TNN,NULL,NULL
臺南市柳營區八翁里,67,臺南市,67000040,柳營區,736,67000040005,八翁里,150,4,5,D,TNN,NULL,NULL
臺南市柳營區人和里,67,臺南市,67000040,柳營區,736,67000040006,人和里,150,4,6,D,TNN,NULL,NULL
臺南市柳營區太康里,67,臺南市,67000040,柳營區,736,67000040007,太康里,150,4,7,D,TNN,NULL,NULL
臺南市柳營區重溪里,67,臺南市,67000040,柳營區,736,67000040008,重溪里,150,4,8,D,TNN,NULL,NULL
臺南市柳營區篤農里,67,臺南市,67000040,柳營區,736,67000040009,篤農里,150,4,9,D,TNN,NULL,NULL
臺南市柳營區大農里,67,臺南市,67000040,柳營區,736,67000040010,大農里,150,4,10,D,TNN,NULL,NULL
臺南市柳營區神農里,67,臺南市,67000040,柳營區,736,67000040011,神農里,150,4,11,D,TNN,NULL,NULL
臺南市柳營區果毅里,67,臺南市,67000040,柳營區,736,67000040012,果毅里,150,4,12,D,TNN,NULL,NULL
臺南市柳營區旭山里,67,臺南市,67000040,柳營區,736,67000040013,旭山里,150,4,13,D,TNN,NULL,NULL
臺南市後壁區後壁里,67,臺南市,67000050,後壁區,731,67000050001,後壁里,150,5,1,D,TNN,NULL,NULL
臺南市後壁區侯伯里,67,臺南市,67000050,後壁區,731,67000050002,侯伯里,150,5,2,D,TNN,NULL,NULL
臺南市後壁區嘉苳里,67,臺南市,67000050,後壁區,731,67000050003,嘉苳里,150,5,3,D,TNN,NULL,NULL
臺南市後壁區土溝里,67,臺南市,67000050,後壁區,731,67000050004,土溝里,150,5,4,D,TNN,NULL,NULL
臺南市後壁區竹新里,67,臺南市,67000050,後壁區,731,67000050010,竹新里,150,5,10,D,TNN,NULL,NULL
臺南市後壁區新東里,67,臺南市,67000050,後壁區,731,67000050011,新東里,150,5,11,D,TNN,NULL,NULL
臺南市後壁區頂安里,67,臺南市,67000050,後壁區,731,67000050012,頂安里,150,5,12,D,TNN,NULL,NULL
臺南市後壁區長安里,67,臺南市,67000050,後壁區,731,67000050013,長安里,150,5,13,D,TNN,NULL,NULL
臺南市後壁區福安里,67,臺南市,67000050,後壁區,731,67000050014,福安里,150,5,14,D,TNN,NULL,NULL
臺南市後壁區菁寮里,67,臺南市,67000050,後壁區,731,67000050018,菁寮里,150,5,18,D,TNN,NULL,NULL
臺南市後壁區新嘉里,67,臺南市,67000050,後壁區,731,67000050019,新嘉里,150,5,19,D,TNN,NULL,NULL
臺南市後壁區長短樹里,67,臺南市,67000050,後壁區,731,67000050022,長短樹里,150,5,22,D,TNN,NULL,NULL
臺南市後壁區上茄苳里,67,臺南市,67000050,後壁區,731,67000050023,上茄苳里,150,5,23,D,TNN,NULL,NULL
臺南市後壁區菁豐里,67,臺南市,67000050,後壁區,731,67000050024,菁豐里,150,5,24,D,TNN,NULL,NULL
臺南市東山區東山里,67,臺南市,67000060,東山區,733,67000060001,東山里,150,6,1,D,TNN,NULL,NULL
臺南市東山區東中里,67,臺南市,67000060,東山區,733,67000060002,東中里,150,6,2,D,TNN,NULL,NULL
臺南市東山區東正里,67,臺南市,67000060,東山區,733,67000060003,東正里,150,6,3,D,TNN,NULL,NULL
臺南市東山區三榮里,67,臺南市,67000060,東山區,733,67000060004,三榮里,150,6,4,D,TNN,NULL,NULL
臺南市東山區大客里,67,臺南市,67000060,東山區,733,67000060005,大客里,150,6,5,D,TNN,NULL,NULL
臺南市東山區科里里,67,臺南市,67000060,東山區,733,67000060006,科里里,150,6,6,D,TNN,NULL,NULL
臺南市東山區東河里,67,臺南市,67000060,東山區,733,67000060007,東河里,150,6,7,D,TNN,NULL,NULL
臺南市東山區南溪里,67,臺南市,67000060,東山區,733,67000060008,南溪里,150,6,8,D,TNN,NULL,NULL
臺南市東山區水雲里,67,臺南市,67000060,東山區,733,67000060009,水雲里,150,6,9,D,TNN,NULL,NULL
臺南市東山區林安里,67,臺南市,67000060,東山區,733,67000060010,林安里,150,6,10,D,TNN,NULL,NULL
臺南市東山區東原里,67,臺南市,67000060,東山區,733,67000060011,東原里,150,6,11,D,TNN,NULL,NULL
臺南市東山區嶺南里,67,臺南市,67000060,東山區,733,67000060012,嶺南里,150,6,12,D,TNN,NULL,NULL
臺南市東山區南勢里,67,臺南市,67000060,東山區,733,67000060013,南勢里,150,6,13,D,TNN,NULL,NULL
臺南市東山區青山里,67,臺南市,67000060,東山區,733,67000060014,青山里,150,6,14,D,TNN,NULL,NULL
臺南市東山區高原里,67,臺南市,67000060,東山區,733,67000060015,高原里,150,6,15,D,TNN,NULL,NULL
臺南市東山區聖賢里,67,臺南市,67000060,東山區,733,67000060016,聖賢里,150,6,16,D,TNN,NULL,NULL
臺南市麻豆區東角里,67,臺南市,67000070,麻豆區,721,67000070003,東角里,150,7,3,D,TNN,NULL,NULL
臺南市麻豆區晋江里,67,臺南市,67000070,麻豆區,721,67000070004,晋江里,150,7,4,D,TNN,NULL,NULL
臺南市麻豆區巷口里,67,臺南市,67000070,麻豆區,721,67000070005,巷口里,150,7,5,D,TNN,NULL,NULL
臺南市麻豆區中興里,67,臺南市,67000070,麻豆區,721,67000070006,中興里,150,7,6,D,TNN,NULL,NULL
臺南市麻豆區興農里,67,臺南市,67000070,麻豆區,721,67000070007,興農里,150,7,7,D,TNN,NULL,NULL
臺南市麻豆區油車里,67,臺南市,67000070,麻豆區,721,67000070009,油車里,150,7,9,D,TNN,NULL,NULL
臺南市麻豆區北勢里,67,臺南市,67000070,麻豆區,721,67000070010,北勢里,150,7,10,D,TNN,NULL,NULL
臺南市麻豆區大埕里,67,臺南市,67000070,麻豆區,721,67000070011,大埕里,150,7,11,D,TNN,NULL,NULL
臺南市麻豆區南勢里,67,臺南市,67000070,麻豆區,721,67000070014,南勢里,150,7,14,D,TNN,NULL,NULL
臺南市麻豆區寮廍里,67,臺南市,67000070,麻豆區,721,67000070015,寮廍里,150,7,15,D,TNN,NULL,NULL
臺南市麻豆區埤頭里,67,臺南市,67000070,麻豆區,721,67000070017,埤頭里,150,7,17,D,TNN,NULL,NULL
臺南市麻豆區海埔里,67,臺南市,67000070,麻豆區,721,67000070019,海埔里,150,7,19,D,TNN,NULL,NULL
臺南市麻豆區港尾里,67,臺南市,67000070,麻豆區,721,67000070021,港尾里,150,7,21,D,TNN,NULL,NULL
臺南市麻豆區麻口里,67,臺南市,67000070,麻豆區,721,67000070022,麻口里,150,7,22,D,TNN,NULL,NULL
臺南市麻豆區安業里,67,臺南市,67000070,麻豆區,721,67000070024,安業里,150,7,24,D,TNN,NULL,NULL
臺南市麻豆區安正里,67,臺南市,67000070,麻豆區,721,67000070028,安正里,150,7,28,D,TNN,NULL,NULL
臺南市麻豆區新興里,67,臺南市,67000070,麻豆區,721,67000070030,新興里,150,7,30,D,TNN,NULL,NULL
臺南市麻豆區謝厝寮里,67,臺南市,67000070,麻豆區,721,67000070031,謝厝寮里,150,7,31,D,TNN,NULL,NULL
臺南市麻豆區井東里,67,臺南市,67000070,麻豆區,721,67000070032,井東里,150,7,32,D,TNN,NULL,NULL
臺南市麻豆區清水里,67,臺南市,67000070,麻豆區,721,67000070033,清水里,150,7,33,D,TNN,NULL,NULL
臺南市下營區下營里,67,臺南市,67000080,下營區,735,67000080001,下營里,150,8,1,D,TNN,NULL,NULL
臺南市下營區仁里里,67,臺南市,67000080,下營區,735,67000080002,仁里里,150,8,2,D,TNN,NULL,NULL
臺南市下營區宅內里,67,臺南市,67000080,下營區,735,67000080003,宅內里,150,8,3,D,TNN,NULL,NULL
臺南市下營區後街里,67,臺南市,67000080,下營區,735,67000080004,後街里,150,8,4,D,TNN,NULL,NULL
臺南市下營區新興里,67,臺南市,67000080,下營區,735,67000080005,新興里,150,8,5,D,TNN,NULL,NULL
臺南市下營區營前里,67,臺南市,67000080,下營區,735,67000080006,營前里,150,8,6,D,TNN,NULL,NULL
臺南市下營區開化里,67,臺南市,67000080,下營區,735,67000080011,開化里,150,8,11,D,TNN,NULL,NULL
臺南市下營區西連里,67,臺南市,67000080,下營區,735,67000080012,西連里,150,8,12,D,TNN,NULL,NULL
臺南市下營區賀建里,67,臺南市,67000080,下營區,735,67000080013,賀建里,150,8,13,D,TNN,NULL,NULL
臺南市下營區茅營里,67,臺南市,67000080,下營區,735,67000080016,茅營里,150,8,16,D,TNN,NULL,NULL
臺南市下營區大吉里,67,臺南市,67000080,下營區,735,67000080017,大吉里,150,8,17,D,TNN,NULL,NULL
臺南市下營區紅甲里,67,臺南市,67000080,下營區,735,67000080018,紅甲里,150,8,18,D,TNN,NULL,NULL
臺南市六甲區六甲里,67,臺南市,67000090,六甲區,734,67000090001,六甲里,150,9,1,D,TNN,NULL,NULL
臺南市六甲區甲東里,67,臺南市,67000090,六甲區,734,67000090002,甲東里,150,9,2,D,TNN,NULL,NULL
臺南市六甲區甲南里,67,臺南市,67000090,六甲區,734,67000090003,甲南里,150,9,3,D,TNN,NULL,NULL
臺南市六甲區七甲里,67,臺南市,67000090,六甲區,734,67000090005,七甲里,150,9,5,D,TNN,NULL,NULL
臺南市六甲區二甲里,67,臺南市,67000090,六甲區,734,67000090006,二甲里,150,9,6,D,TNN,NULL,NULL
臺南市六甲區水林里,67,臺南市,67000090,六甲區,734,67000090007,水林里,150,9,7,D,TNN,NULL,NULL
臺南市六甲區中社里,67,臺南市,67000090,六甲區,734,67000090008,中社里,150,9,8,D,TNN,NULL,NULL
臺南市六甲區龜港里,67,臺南市,67000090,六甲區,734,67000090009,龜港里,150,9,9,D,TNN,NULL,NULL
臺南市六甲區菁埔里,67,臺南市,67000090,六甲區,734,67000090010,菁埔里,150,9,10,D,TNN,NULL,NULL
臺南市六甲區王爺里,67,臺南市,67000090,六甲區,734,67000090011,王爺里,150,9,11,D,TNN,NULL,NULL
臺南市六甲區大丘里,67,臺南市,67000090,六甲區,734,67000090012,大丘里,150,9,12,D,TNN,NULL,NULL
臺南市官田區官田里,67,臺南市,67000100,官田區,720,67000100001,官田里,150,10,1,D,TNN,NULL,NULL
臺南市官田區二鎮里,67,臺南市,67000100,官田區,720,67000100002,二鎮里,150,10,2,D,TNN,NULL,NULL
臺南市官田區大崎里,67,臺南市,67000100,官田區,720,67000100005,大崎里,150,10,5,D,TNN,NULL,NULL
臺南市官田區隆田里,67,臺南市,67000100,官田區,720,67000100006,隆田里,150,10,6,D,TNN,NULL,NULL
臺南市官田區隆本里,67,臺南市,67000100,官田區,720,67000100007,隆本里,150,10,7,D,TNN,NULL,NULL
臺南市官田區南廍里,67,臺南市,67000100,官田區,720,67000100008,南廍里,150,10,8,D,TNN,NULL,NULL
臺南市官田區社子里,67,臺南市,67000100,官田區,720,67000100013,社子里,150,10,13,D,TNN,NULL,NULL
臺南市官田區烏山頭里,67,臺南市,67000100,官田區,720,67000100014,烏山頭里,150,10,14,D,TNN,NULL,NULL
臺南市官田區渡拔里,67,臺南市,67000100,官田區,720,67000100015,渡拔里,150,10,15,D,TNN,NULL,NULL
臺南市官田區東西庄里,67,臺南市,67000100,官田區,720,67000100016,東西庄里,150,10,16,D,TNN,NULL,NULL
臺南市官田區東庄里,67,臺南市,67000100,官田區,720,67000100017,東庄里,150,10,17,D,TNN,NULL,NULL
臺南市官田區西庄里,67,臺南市,67000100,官田區,720,67000100018,西庄里,150,10,18,D,TNN,NULL,NULL
臺南市大內區石湖里,67,臺南市,67000110,大內區,742,67000110001,石湖里,150,11,1,D,TNN,NULL,NULL
臺南市大內區石林里,67,臺南市,67000110,大內區,742,67000110002,石林里,150,11,2,D,TNN,NULL,NULL
臺南市大內區石城里,67,臺南市,67000110,大內區,742,67000110003,石城里,150,11,3,D,TNN,NULL,NULL
臺南市大內區內江里,67,臺南市,67000110,大內區,742,67000110004,內江里,150,11,4,D,TNN,NULL,NULL
臺南市大內區大內里,67,臺南市,67000110,大內區,742,67000110005,大內里,150,11,5,D,TNN,NULL,NULL
臺南市大內區內郭里,67,臺南市,67000110,大內區,742,67000110006,內郭里,150,11,6,D,TNN,NULL,NULL
臺南市大內區頭社里,67,臺南市,67000110,大內區,742,67000110007,頭社里,150,11,7,D,TNN,NULL,NULL
臺南市大內區環湖里,67,臺南市,67000110,大內區,742,67000110008,環湖里,150,11,8,D,TNN,NULL,NULL
臺南市大內區二溪里,67,臺南市,67000110,大內區,742,67000110009,二溪里,150,11,9,D,TNN,NULL,NULL
臺南市大內區曲溪里,67,臺南市,67000110,大內區,742,67000110010,曲溪里,150,11,10,D,TNN,NULL,NULL
臺南市佳里區東寧里,67,臺南市,67000120,佳里區,722,67000120001,東寧里,150,12,1,D,TNN,NULL,NULL
臺南市佳里區忠仁里,67,臺南市,67000120,佳里區,722,67000120002,忠仁里,150,12,2,D,TNN,NULL,NULL
臺南市佳里區鎮山里,67,臺南市,67000120,佳里區,722,67000120003,鎮山里,150,12,3,D,TNN,NULL,NULL
臺南市佳里區建南里,67,臺南市,67000120,佳里區,722,67000120004,建南里,150,12,4,D,TNN,NULL,NULL
臺南市佳里區安西里,67,臺南市,67000120,佳里區,722,67000120005,安西里,150,12,5,D,TNN,NULL,NULL
臺南市佳里區六安里,67,臺南市,67000120,佳里區,722,67000120006,六安里,150,12,6,D,TNN,NULL,NULL
臺南市佳里區佳化里,67,臺南市,67000120,佳里區,722,67000120007,佳化里,150,12,7,D,TNN,NULL,NULL
臺南市佳里區海澄里,67,臺南市,67000120,佳里區,722,67000120012,海澄里,150,12,12,D,TNN,NULL,NULL
臺南市佳里區民安里,67,臺南市,67000120,佳里區,722,67000120019,民安里,150,12,19,D,TNN,NULL,NULL
臺南市佳里區子龍里,67,臺南市,67000120,佳里區,722,67000120020,子龍里,150,12,20,D,TNN,NULL,NULL
臺南市佳里區營溪里,67,臺南市,67000120,佳里區,722,67000120022,營溪里,150,12,22,D,TNN,NULL,NULL
臺南市佳里區文新里,67,臺南市,67000120,佳里區,722,67000120023,文新里,150,12,23,D,TNN,NULL,NULL
臺南市佳里區佳興里,67,臺南市,67000120,佳里區,722,67000120024,佳興里,150,12,24,D,TNN,NULL,NULL
臺南市佳里區下營里,67,臺南市,67000120,佳里區,722,67000120025,下營里,150,12,25,D,TNN,NULL,NULL
臺南市佳里區塭內里,67,臺南市,67000120,佳里區,722,67000120026,塭內里,150,12,26,D,TNN,NULL,NULL
臺南市佳里區南勢里,67,臺南市,67000120,佳里區,722,67000120027,南勢里,150,12,27,D,TNN,NULL,NULL
臺南市學甲區仁得里,67,臺南市,67000130,學甲區,726,67000130001,仁得里,150,13,1,D,TNN,NULL,NULL
臺南市學甲區新榮里,67,臺南市,67000130,學甲區,726,67000130002,新榮里,150,13,2,D,TNN,NULL,NULL
臺南市學甲區光華里,67,臺南市,67000130,學甲區,726,67000130003,光華里,150,13,3,D,TNN,NULL,NULL
臺南市學甲區宅港里,67,臺南市,67000130,學甲區,726,67000130004,宅港里,150,13,4,D,TNN,NULL,NULL
臺南市學甲區慈福里,67,臺南市,67000130,學甲區,726,67000130005,慈福里,150,13,5,D,TNN,NULL,NULL
臺南市學甲區秀昌里,67,臺南市,67000130,學甲區,726,67000130006,秀昌里,150,13,6,D,TNN,NULL,NULL
臺南市學甲區明宜里,67,臺南市,67000130,學甲區,726,67000130007,明宜里,150,13,7,D,TNN,NULL,NULL
臺南市學甲區豐和里,67,臺南市,67000130,學甲區,726,67000130008,豐和里,150,13,8,D,TNN,NULL,NULL
臺南市學甲區平和里,67,臺南市,67000130,學甲區,726,67000130009,平和里,150,13,9,D,TNN,NULL,NULL
臺南市學甲區新達里,67,臺南市,67000130,學甲區,726,67000130010,新達里,150,13,10,D,TNN,NULL,NULL
臺南市學甲區大灣里,67,臺南市,67000130,學甲區,726,67000130011,大灣里,150,13,11,D,TNN,NULL,NULL
臺南市學甲區三慶里,67,臺南市,67000130,學甲區,726,67000130012,三慶里,150,13,12,D,TNN,NULL,NULL
臺南市學甲區中洲里,67,臺南市,67000130,學甲區,726,67000130013,中洲里,150,13,13,D,TNN,NULL,NULL
臺南市西港區西港里,67,臺南市,67000140,西港區,723,67000140001,西港里,150,14,1,D,TNN,NULL,NULL
臺南市西港區南海里,67,臺南市,67000140,西港區,723,67000140002,南海里,150,14,2,D,TNN,NULL,NULL
臺南市西港區港東里,67,臺南市,67000140,西港區,723,67000140003,港東里,150,14,3,D,TNN,NULL,NULL
臺南市西港區檨林里,67,臺南市,67000140,西港區,723,67000140004,檨林里,150,14,4,D,TNN,NULL,NULL
臺南市西港區後營里,67,臺南市,67000140,西港區,723,67000140005,後營里,150,14,5,D,TNN,NULL,NULL
臺南市西港區營西里,67,臺南市,67000140,西港區,723,67000140006,營西里,150,14,6,D,TNN,NULL,NULL
臺南市西港區金砂里,67,臺南市,67000140,西港區,723,67000140007,金砂里,150,14,7,D,TNN,NULL,NULL
臺南市西港區劉厝里,67,臺南市,67000140,西港區,723,67000140008,劉厝里,150,14,8,D,TNN,NULL,NULL
臺南市西港區竹林里,67,臺南市,67000140,西港區,723,67000140009,竹林里,150,14,9,D,TNN,NULL,NULL
臺南市西港區永樂里,67,臺南市,67000140,西港區,723,67000140010,永樂里,150,14,10,D,TNN,NULL,NULL
臺南市西港區新復里,67,臺南市,67000140,西港區,723,67000140011,新復里,150,14,11,D,TNN,NULL,NULL
臺南市西港區慶安里,67,臺南市,67000140,西港區,723,67000140012,慶安里,150,14,12,D,TNN,NULL,NULL
臺南市七股區後港里,67,臺南市,67000150,七股區,724,67000150001,後港里,150,15,1,D,TNN,NULL,NULL
臺南市七股區大潭里,67,臺南市,67000150,七股區,724,67000150002,大潭里,150,15,2,D,TNN,NULL,NULL
臺南市七股區篤加里,67,臺南市,67000150,七股區,724,67000150004,篤加里,150,15,4,D,TNN,NULL,NULL
臺南市七股區頂山里,67,臺南市,67000150,七股區,724,67000150005,頂山里,150,15,5,D,TNN,NULL,NULL
臺南市七股區西寮里,67,臺南市,67000150,七股區,724,67000150006,西寮里,150,15,6,D,TNN,NULL,NULL
臺南市七股區塩埕里,67,臺南市,67000150,七股區,724,67000150007,塩埕里,150,15,7,D,TNN,NULL,NULL
臺南市七股區龍山里,67,臺南市,67000150,七股區,724,67000150008,龍山里,150,15,8,D,TNN,NULL,NULL
臺南市七股區溪南里,67,臺南市,67000150,七股區,724,67000150009,溪南里,150,15,9,D,TNN,NULL,NULL
臺南市七股區七股里,67,臺南市,67000150,七股區,724,67000150010,七股里,150,15,10,D,TNN,NULL,NULL
臺南市七股區玉成里,67,臺南市,67000150,七股區,724,67000150011,玉成里,150,15,11,D,TNN,NULL,NULL
臺南市七股區大埕里,67,臺南市,67000150,七股區,724,67000150012,大埕里,150,15,12,D,TNN,NULL,NULL
臺南市七股區樹林里,67,臺南市,67000150,七股區,724,67000150015,樹林里,150,15,15,D,TNN,NULL,NULL
臺南市七股區中寮里,67,臺南市,67000150,七股區,724,67000150017,中寮里,150,15,17,D,TNN,NULL,NULL
臺南市七股區竹橋里,67,臺南市,67000150,七股區,724,67000150018,竹橋里,150,15,18,D,TNN,NULL,NULL
臺南市七股區義合里,67,臺南市,67000150,七股區,724,67000150019,義合里,150,15,19,D,TNN,NULL,NULL
臺南市七股區永吉里,67,臺南市,67000150,七股區,724,67000150021,永吉里,150,15,21,D,TNN,NULL,NULL
臺南市七股區三股里,67,臺南市,67000150,七股區,724,67000150022,三股里,150,15,22,D,TNN,NULL,NULL
臺南市七股區十份里,67,臺南市,67000150,七股區,724,67000150023,十份里,150,15,23,D,TNN,NULL,NULL
臺南市將軍區長榮里,67,臺南市,67000160,將軍區,725,67000160001,長榮里,150,16,1,D,TNN,NULL,NULL
臺南市將軍區玉山里,67,臺南市,67000160,將軍區,725,67000160013,玉山里,150,16,13,D,TNN,NULL,NULL
臺南市將軍區廣山里,67,臺南市,67000160,將軍區,725,67000160014,廣山里,150,16,14,D,TNN,NULL,NULL
臺南市將軍區長沙里,67,臺南市,67000160,將軍區,725,67000160015,長沙里,150,16,15,D,TNN,NULL,NULL
臺南市將軍區平沙里,67,臺南市,67000160,將軍區,725,67000160016,平沙里,150,16,16,D,TNN,NULL,NULL
臺南市將軍區鯤鯓里,67,臺南市,67000160,將軍區,725,67000160017,鯤鯓里,150,16,17,D,TNN,NULL,NULL
臺南市將軍區鯤溟里,67,臺南市,67000160,將軍區,725,67000160018,鯤溟里,150,16,18,D,TNN,NULL,NULL
臺南市將軍區巷埔里,67,臺南市,67000160,將軍區,725,67000160019,巷埔里,150,16,19,D,TNN,NULL,NULL
臺南市將軍區西甲里,67,臺南市,67000160,將軍區,725,67000160020,西甲里,150,16,20,D,TNN,NULL,NULL
臺南市將軍區忠嘉里,67,臺南市,67000160,將軍區,725,67000160021,忠嘉里,150,16,21,D,TNN,NULL,NULL
臺南市將軍區苓仔寮里,67,臺南市,67000160,將軍區,725,67000160022,苓仔寮里,150,16,22,D,TNN,NULL,NULL
臺南市將軍區將軍里,67,臺南市,67000160,將軍區,725,67000160023,將軍里,150,16,23,D,TNN,NULL,NULL
臺南市北門區保吉里,67,臺南市,67000170,北門區,727,67000170001,保吉里,150,17,1,D,TNN,NULL,NULL
臺南市北門區雙春里,67,臺南市,67000170,北門區,727,67000170002,雙春里,150,17,2,D,TNN,NULL,NULL
臺南市北門區北門里,67,臺南市,67000170,北門區,727,67000170005,北門里,150,17,5,D,TNN,NULL,NULL
臺南市北門區錦湖里,67,臺南市,67000170,北門區,727,67000170006,錦湖里,150,17,6,D,TNN,NULL,NULL
臺南市北門區三光里,67,臺南市,67000170,北門區,727,67000170007,三光里,150,17,7,D,TNN,NULL,NULL
臺南市北門區玉港里,67,臺南市,67000170,北門區,727,67000170009,玉港里,150,17,9,D,TNN,NULL,NULL
臺南市北門區慈安里,67,臺南市,67000170,北門區,727,67000170011,慈安里,150,17,11,D,TNN,NULL,NULL
臺南市北門區永隆里,67,臺南市,67000170,北門區,727,67000170013,永隆里,150,17,13,D,TNN,NULL,NULL
臺南市北門區蚵寮里,67,臺南市,67000170,北門區,727,67000170014,蚵寮里,150,17,14,D,TNN,NULL,NULL
臺南市北門區文山里,67,臺南市,67000170,北門區,727,67000170015,文山里,150,17,15,D,TNN,NULL,NULL
臺南市新化區武安里,67,臺南市,67000180,新化區,712,67000180001,武安里,150,18,1,D,TNN,NULL,NULL
臺南市新化區東榮里,67,臺南市,67000180,新化區,712,67000180002,東榮里,150,18,2,D,TNN,NULL,NULL
臺南市新化區護國里,67,臺南市,67000180,新化區,712,67000180003,護國里,150,18,3,D,TNN,NULL,NULL
臺南市新化區太平里,67,臺南市,67000180,新化區,712,67000180004,太平里,150,18,4,D,TNN,NULL,NULL
臺南市新化區協興里,67,臺南市,67000180,新化區,712,67000180009,協興里,150,18,9,D,TNN,NULL,NULL
臺南市新化區唪口里,67,臺南市,67000180,新化區,712,67000180010,唪口里,150,18,10,D,TNN,NULL,NULL
臺南市新化區北勢里,67,臺南市,67000180,新化區,712,67000180011,北勢里,150,18,11,D,TNN,NULL,NULL
臺南市新化區豐榮里,67,臺南市,67000180,新化區,712,67000180012,豐榮里,150,18,12,D,TNN,NULL,NULL
臺南市新化區全興里,67,臺南市,67000180,新化區,712,67000180013,全興里,150,18,13,D,TNN,NULL,NULL
臺南市新化區崙頂里,67,臺南市,67000180,新化區,712,67000180014,崙頂里,150,18,14,D,TNN,NULL,NULL
臺南市新化區知義里,67,臺南市,67000180,新化區,712,67000180015,知義里,150,18,15,D,TNN,NULL,NULL
臺南市新化區山脚里,67,臺南市,67000180,新化區,712,67000180016,山脚里,150,18,16,D,TNN,NULL,NULL
臺南市新化區大坑里,67,臺南市,67000180,新化區,712,67000180017,大坑里,150,18,17,D,TNN,NULL,NULL
臺南市新化區𦰡拔里,67,臺南市,67000180,新化區,712,67000180018,𦰡拔里,150,18,18,D,TNN,NULL,NULL
臺南市新化區羊林里,67,臺南市,67000180,新化區,712,67000180019,羊林里,150,18,19,D,TNN,NULL,NULL
臺南市新化區礁坑里,67,臺南市,67000180,新化區,712,67000180020,礁坑里,150,18,20,D,TNN,NULL,NULL
臺南市善化區東關里,67,臺南市,67000190,善化區,741,67000190001,東關里,150,19,1,D,TNN,NULL,NULL
臺南市善化區坐駕里,67,臺南市,67000190,善化區,741,67000190002,坐駕里,150,19,2,D,TNN,NULL,NULL
臺南市善化區光文里,67,臺南市,67000190,善化區,741,67000190003,光文里,150,19,3,D,TNN,NULL,NULL
臺南市善化區文昌里,67,臺南市,67000190,善化區,741,67000190004,文昌里,150,19,4,D,TNN,NULL,NULL
臺南市善化區南關里,67,臺南市,67000190,善化區,741,67000190005,南關里,150,19,5,D,TNN,NULL,NULL
臺南市善化區文正里,67,臺南市,67000190,善化區,741,67000190008,文正里,150,19,8,D,TNN,NULL,NULL
臺南市善化區胡家里,67,臺南市,67000190,善化區,741,67000190009,胡家里,150,19,9,D,TNN,NULL,NULL
臺南市善化區胡厝里,67,臺南市,67000190,善化區,741,67000190010,胡厝里,150,19,10,D,TNN,NULL,NULL
臺南市善化區什乃里,67,臺南市,67000190,善化區,741,67000190011,什乃里,150,19,11,D,TNN,NULL,NULL
臺南市善化區溪美里,67,臺南市,67000190,善化區,741,67000190012,溪美里,150,19,12,D,TNN,NULL,NULL
臺南市善化區六分里,67,臺南市,67000190,善化區,741,67000190013,六分里,150,19,13,D,TNN,NULL,NULL
臺南市善化區六德里,67,臺南市,67000190,善化區,741,67000190014,六德里,150,19,14,D,TNN,NULL,NULL
臺南市善化區田寮里,67,臺南市,67000190,善化區,741,67000190015,田寮里,150,19,15,D,TNN,NULL,NULL
臺南市善化區牛庄里,67,臺南市,67000190,善化區,741,67000190018,牛庄里,150,19,18,D,TNN,NULL,NULL
臺南市善化區嘉北里,67,臺南市,67000190,善化區,741,67000190019,嘉北里,150,19,19,D,TNN,NULL,NULL
臺南市善化區嘉南里,67,臺南市,67000190,善化區,741,67000190020,嘉南里,150,19,20,D,TNN,NULL,NULL
臺南市善化區小新里,67,臺南市,67000190,善化區,741,67000190021,小新里,150,19,21,D,TNN,NULL,NULL
臺南市善化區頂街里,67,臺南市,67000190,善化區,741,67000190022,頂街里,150,19,22,D,TNN,NULL,NULL
臺南市善化區昌隆里,67,臺南市,67000190,善化區,741,67000190023,昌隆里,150,19,23,D,TNN,NULL,NULL
臺南市善化區蓮潭里,67,臺南市,67000190,善化區,741,67000190024,蓮潭里,150,19,24,D,TNN,NULL,NULL
臺南市新市區新市里,67,臺南市,67000200,新市區,744,67000200001,新市里,150,20,1,D,TNN,NULL,NULL
臺南市新市區新和里,67,臺南市,67000200,新市區,744,67000200002,新和里,150,20,2,D,TNN,NULL,NULL
臺南市新市區社內里,67,臺南市,67000200,新市區,744,67000200003,社內里,150,20,3,D,TNN,NULL,NULL
臺南市新市區大洲里,67,臺南市,67000200,新市區,744,67000200004,大洲里,150,20,4,D,TNN,NULL,NULL
臺南市新市區豐華里,67,臺南市,67000200,新市區,744,67000200005,豐華里,150,20,5,D,TNN,NULL,NULL
臺南市新市區三舍里,67,臺南市,67000200,新市區,744,67000200006,三舍里,150,20,6,D,TNN,NULL,NULL
臺南市新市區大營里,67,臺南市,67000200,新市區,744,67000200007,大營里,150,20,7,D,TNN,NULL,NULL
臺南市新市區大社里,67,臺南市,67000200,新市區,744,67000200008,大社里,150,20,8,D,TNN,NULL,NULL
臺南市新市區潭頂里,67,臺南市,67000200,新市區,744,67000200009,潭頂里,150,20,9,D,TNN,NULL,NULL
臺南市新市區港墘里,67,臺南市,67000200,新市區,744,67000200010,港墘里,150,20,10,D,TNN,NULL,NULL
臺南市新市區永就里,67,臺南市,67000200,新市區,744,67000200011,永就里,150,20,11,D,TNN,NULL,NULL
臺南市安定區蘇林里,67,臺南市,67000210,安定區,745,67000210001,蘇林里,150,21,1,D,TNN,NULL,NULL
臺南市安定區蘇厝里,67,臺南市,67000210,安定區,745,67000210002,蘇厝里,150,21,2,D,TNN,NULL,NULL
臺南市安定區安定里,67,臺南市,67000210,安定區,745,67000210003,安定里,150,21,3,D,TNN,NULL,NULL
臺南市安定區安加里,67,臺南市,67000210,安定區,745,67000210004,安加里,150,21,4,D,TNN,NULL,NULL
臺南市安定區港尾里,67,臺南市,67000210,安定區,745,67000210006,港尾里,150,21,6,D,TNN,NULL,NULL
臺南市安定區中榮里,67,臺南市,67000210,安定區,745,67000210007,中榮里,150,21,7,D,TNN,NULL,NULL
臺南市安定區港口里,67,臺南市,67000210,安定區,745,67000210008,港口里,150,21,8,D,TNN,NULL,NULL
臺南市安定區港南里,67,臺南市,67000210,安定區,745,67000210009,港南里,150,21,9,D,TNN,NULL,NULL
臺南市安定區中沙里,67,臺南市,67000210,安定區,745,67000210012,中沙里,150,21,12,D,TNN,NULL,NULL
臺南市安定區新吉里,67,臺南市,67000210,安定區,745,67000210013,新吉里,150,21,13,D,TNN,NULL,NULL
臺南市安定區海寮里,67,臺南市,67000210,安定區,745,67000210014,海寮里,150,21,14,D,TNN,NULL,NULL
臺南市安定區文科里,67,臺南市,67000210,安定區,745,67000210017,文科里,150,21,17,D,TNN,NULL,NULL
臺南市安定區嘉同里,67,臺南市,67000210,安定區,745,67000210018,嘉同里,150,21,18,D,TNN,NULL,NULL
臺南市山上區明和里,67,臺南市,67000220,山上區,743,67000220001,明和里,150,22,1,D,TNN,NULL,NULL
臺南市山上區南洲里,67,臺南市,67000220,山上區,743,67000220002,南洲里,150,22,2,D,TNN,NULL,NULL
臺南市山上區山上里,67,臺南市,67000220,山上區,743,67000220003,山上里,150,22,3,D,TNN,NULL,NULL
臺南市山上區新莊里,67,臺南市,67000220,山上區,743,67000220004,新莊里,150,22,4,D,TNN,NULL,NULL
臺南市山上區玉峯里,67,臺南市,67000220,山上區,743,67000220005,玉峯里,150,22,5,D,TNN,NULL,NULL
臺南市山上區平陽里,67,臺南市,67000220,山上區,743,67000220006,平陽里,150,22,6,D,TNN,NULL,NULL
臺南市山上區豐德里,67,臺南市,67000220,山上區,743,67000220007,豐德里,150,22,7,D,TNN,NULL,NULL
臺南市玉井區玉井里,67,臺南市,67000230,玉井區,714,67000230001,玉井里,150,23,1,D,TNN,NULL,NULL
臺南市玉井區玉田里,67,臺南市,67000230,玉井區,714,67000230002,玉田里,150,23,2,D,TNN,NULL,NULL
臺南市玉井區中正里,67,臺南市,67000230,玉井區,714,67000230003,中正里,150,23,3,D,TNN,NULL,NULL
臺南市玉井區竹圍里,67,臺南市,67000230,玉井區,714,67000230004,竹圍里,150,23,4,D,TNN,NULL,NULL
臺南市玉井區沙田里,67,臺南市,67000230,玉井區,714,67000230005,沙田里,150,23,5,D,TNN,NULL,NULL
臺南市玉井區三埔里,67,臺南市,67000230,玉井區,714,67000230006,三埔里,150,23,6,D,TNN,NULL,NULL
臺南市玉井區三和里,67,臺南市,67000230,玉井區,714,67000230007,三和里,150,23,7,D,TNN,NULL,NULL
臺南市玉井區望明里,67,臺南市,67000230,玉井區,714,67000230008,望明里,150,23,8,D,TNN,NULL,NULL
臺南市玉井區層林里,67,臺南市,67000230,玉井區,714,67000230009,層林里,150,23,9,D,TNN,NULL,NULL
臺南市玉井區豐里里,67,臺南市,67000230,玉井區,714,67000230010,豐里里,150,23,10,D,TNN,NULL,NULL
臺南市楠西區楠西里,67,臺南市,67000240,楠西區,715,67000240001,楠西里,150,24,1,D,TNN,NULL,NULL
臺南市楠西區灣丘里,67,臺南市,67000240,楠西區,715,67000240002,灣丘里,150,24,2,D,TNN,NULL,NULL
臺南市楠西區密枝里,67,臺南市,67000240,楠西區,715,67000240003,密枝里,150,24,3,D,TNN,NULL,NULL
臺南市楠西區照興里,67,臺南市,67000240,楠西區,715,67000240004,照興里,150,24,4,D,TNN,NULL,NULL
臺南市楠西區鹿田里,67,臺南市,67000240,楠西區,715,67000240005,鹿田里,150,24,5,D,TNN,NULL,NULL
臺南市楠西區龜丹里,67,臺南市,67000240,楠西區,715,67000240006,龜丹里,150,24,6,D,TNN,NULL,NULL
臺南市楠西區東勢里,67,臺南市,67000240,楠西區,715,67000240007,東勢里,150,24,7,D,TNN,NULL,NULL
臺南市南化區南化里,67,臺南市,67000250,南化區,716,67000250001,南化里,150,25,1,D,TNN,NULL,NULL
臺南市南化區小崙里,67,臺南市,67000250,南化區,716,67000250002,小崙里,150,25,2,D,TNN,NULL,NULL
臺南市南化區中坑里,67,臺南市,67000250,南化區,716,67000250003,中坑里,150,25,3,D,TNN,NULL,NULL
臺南市南化區北平里,67,臺南市,67000250,南化區,716,67000250004,北平里,150,25,4,D,TNN,NULL,NULL
臺南市南化區東和里,67,臺南市,67000250,南化區,716,67000250005,東和里,150,25,5,D,TNN,NULL,NULL
臺南市南化區西埔里,67,臺南市,67000250,南化區,716,67000250006,西埔里,150,25,6,D,TNN,NULL,NULL
臺南市南化區北寮里,67,臺南市,67000250,南化區,716,67000250007,北寮里,150,25,7,D,TNN,NULL,NULL
臺南市南化區玉山里,67,臺南市,67000250,南化區,716,67000250008,玉山里,150,25,8,D,TNN,NULL,NULL
臺南市南化區關山里,67,臺南市,67000250,南化區,716,67000250009,關山里,150,25,9,D,TNN,NULL,NULL
臺南市左鎮區光和里,67,臺南市,67000260,左鎮區,713,67000260001,光和里,150,26,1,D,TNN,NULL,NULL
臺南市左鎮區榮和里,67,臺南市,67000260,左鎮區,713,67000260002,榮和里,150,26,2,D,TNN,NULL,NULL
臺南市左鎮區左鎮里,67,臺南市,67000260,左鎮區,713,67000260003,左鎮里,150,26,3,D,TNN,NULL,NULL
臺南市左鎮區中正里,67,臺南市,67000260,左鎮區,713,67000260004,中正里,150,26,4,D,TNN,NULL,NULL
臺南市左鎮區睦光里,67,臺南市,67000260,左鎮區,713,67000260005,睦光里,150,26,5,D,TNN,NULL,NULL
臺南市左鎮區內庄里,67,臺南市,67000260,左鎮區,713,67000260006,內庄里,150,26,6,D,TNN,NULL,NULL
臺南市左鎮區澄山里,67,臺南市,67000260,左鎮區,713,67000260007,澄山里,150,26,7,D,TNN,NULL,NULL
臺南市左鎮區岡林里,67,臺南市,67000260,左鎮區,713,67000260008,岡林里,150,26,8,D,TNN,NULL,NULL
臺南市左鎮區草山里,67,臺南市,67000260,左鎮區,713,67000260009,草山里,150,26,9,D,TNN,NULL,NULL
臺南市左鎮區二寮里,67,臺南市,67000260,左鎮區,713,67000260010,二寮里,150,26,10,D,TNN,NULL,NULL
臺南市仁德區太子里,67,臺南市,67000270,仁德區,717,67000270001,太子里,150,27,1,D,TNN,NULL,NULL
臺南市仁德區土庫里,67,臺南市,67000270,仁德區,717,67000270002,土庫里,150,27,2,D,TNN,NULL,NULL
臺南市仁德區一甲里,67,臺南市,67000270,仁德區,717,67000270003,一甲里,150,27,3,D,TNN,NULL,NULL
臺南市仁德區仁德里,67,臺南市,67000270,仁德區,717,67000270004,仁德里,150,27,4,D,TNN,NULL,NULL
臺南市仁德區仁義里,67,臺南市,67000270,仁德區,717,67000270005,仁義里,150,27,5,D,TNN,NULL,NULL
臺南市仁德區新田里,67,臺南市,67000270,仁德區,717,67000270006,新田里,150,27,6,D,TNN,NULL,NULL
臺南市仁德區後壁里,67,臺南市,67000270,仁德區,717,67000270007,後壁里,150,27,7,D,TNN,NULL,NULL
臺南市仁德區上崙里,67,臺南市,67000270,仁德區,717,67000270008,上崙里,150,27,8,D,TNN,NULL,NULL
臺南市仁德區保安里,67,臺南市,67000270,仁德區,717,67000270011,保安里,150,27,11,D,TNN,NULL,NULL
臺南市仁德區成功里,67,臺南市,67000270,仁德區,717,67000270012,成功里,150,27,12,D,TNN,NULL,NULL
臺南市仁德區仁和里,67,臺南市,67000270,仁德區,717,67000270013,仁和里,150,27,13,D,TNN,NULL,NULL
臺南市仁德區仁愛里,67,臺南市,67000270,仁德區,717,67000270014,仁愛里,150,27,14,D,TNN,NULL,NULL
臺南市仁德區二行里,67,臺南市,67000270,仁德區,717,67000270015,二行里,150,27,15,D,TNN,NULL,NULL
臺南市仁德區大甲里,67,臺南市,67000270,仁德區,717,67000270016,大甲里,150,27,16,D,TNN,NULL,NULL
臺南市仁德區中洲里,67,臺南市,67000270,仁德區,717,67000270017,中洲里,150,27,17,D,TNN,NULL,NULL
臺南市仁德區文賢里,67,臺南市,67000270,仁德區,717,67000270019,文賢里,150,27,19,D,TNN,NULL,NULL
臺南市歸仁區南保里,67,臺南市,67000280,歸仁區,711,67000280001,南保里,150,28,1,D,TNN,NULL,NULL
臺南市歸仁區六甲里,67,臺南市,67000280,歸仁區,711,67000280002,六甲里,150,28,2,D,TNN,NULL,NULL
臺南市歸仁區歸仁里,67,臺南市,67000280,歸仁區,711,67000280003,歸仁里,150,28,3,D,TNN,NULL,NULL
臺南市歸仁區後市里,67,臺南市,67000280,歸仁區,711,67000280004,後市里,150,28,4,D,TNN,NULL,NULL
臺南市歸仁區辜厝里,67,臺南市,67000280,歸仁區,711,67000280005,辜厝里,150,28,5,D,TNN,NULL,NULL
臺南市歸仁區許厝里,67,臺南市,67000280,歸仁區,711,67000280006,許厝里,150,28,6,D,TNN,NULL,NULL
臺南市歸仁區看西里,67,臺南市,67000280,歸仁區,711,67000280007,看西里,150,28,7,D,TNN,NULL,NULL
臺南市歸仁區看東里,67,臺南市,67000280,歸仁區,711,67000280008,看東里,150,28,8,D,TNN,NULL,NULL
臺南市歸仁區崙頂里,67,臺南市,67000280,歸仁區,711,67000280009,崙頂里,150,28,9,D,TNN,NULL,NULL
臺南市歸仁區沙崙里,67,臺南市,67000280,歸仁區,711,67000280010,沙崙里,150,28,10,D,TNN,NULL,NULL
臺南市歸仁區大潭里,67,臺南市,67000280,歸仁區,711,67000280011,大潭里,150,28,11,D,TNN,NULL,NULL
臺南市歸仁區武東里,67,臺南市,67000280,歸仁區,711,67000280012,武東里,150,28,12,D,TNN,NULL,NULL
臺南市歸仁區八甲里,67,臺南市,67000280,歸仁區,711,67000280013,八甲里,150,28,13,D,TNN,NULL,NULL
臺南市歸仁區七甲里,67,臺南市,67000280,歸仁區,711,67000280014,七甲里,150,28,14,D,TNN,NULL,NULL
臺南市歸仁區媽廟里,67,臺南市,67000280,歸仁區,711,67000280015,媽廟里,150,28,15,D,TNN,NULL,NULL
臺南市歸仁區西埔里,67,臺南市,67000280,歸仁區,711,67000280016,西埔里,150,28,16,D,TNN,NULL,NULL
臺南市歸仁區大廟里,67,臺南市,67000280,歸仁區,711,67000280017,大廟里,150,28,17,D,TNN,NULL,NULL
臺南市歸仁區南興里,67,臺南市,67000280,歸仁區,711,67000280018,南興里,150,28,18,D,TNN,NULL,NULL
臺南市歸仁區新厝里,67,臺南市,67000280,歸仁區,711,67000280019,新厝里,150,28,19,D,TNN,NULL,NULL
臺南市歸仁區歸南里,67,臺南市,67000280,歸仁區,711,67000280020,歸南里,150,28,20,D,TNN,NULL,NULL
臺南市歸仁區文化里,67,臺南市,67000280,歸仁區,711,67000280021,文化里,150,28,21,D,TNN,NULL,NULL
臺南市關廟區關廟里,67,臺南市,67000290,關廟區,718,67000290001,關廟里,150,29,1,D,TNN,NULL,NULL
臺南市關廟區山西里,67,臺南市,67000290,關廟區,718,67000290002,山西里,150,29,2,D,TNN,NULL,NULL
臺南市關廟區香洋里,67,臺南市,67000290,關廟區,718,67000290003,香洋里,150,29,3,D,TNN,NULL,NULL
臺南市關廟區北勢里,67,臺南市,67000290,關廟區,718,67000290004,北勢里,150,29,4,D,TNN,NULL,NULL
臺南市關廟區新埔里,67,臺南市,67000290,關廟區,718,67000290005,新埔里,150,29,5,D,TNN,NULL,NULL
臺南市關廟區新光里,67,臺南市,67000290,關廟區,718,67000290006,新光里,150,29,6,D,TNN,NULL,NULL
臺南市關廟區五甲里,67,臺南市,67000290,關廟區,718,67000290007,五甲里,150,29,7,D,TNN,NULL,NULL
臺南市關廟區東勢里,67,臺南市,67000290,關廟區,718,67000290008,東勢里,150,29,8,D,TNN,NULL,NULL
臺南市關廟區松腳里,67,臺南市,67000290,關廟區,718,67000290009,松腳里,150,29,9,D,TNN,NULL,NULL
臺南市關廟區深坑里,67,臺南市,67000290,關廟區,718,67000290012,深坑里,150,29,12,D,TNN,NULL,NULL
臺南市關廟區布袋里,67,臺南市,67000290,關廟區,718,67000290013,布袋里,150,29,13,D,TNN,NULL,NULL
臺南市關廟區埤頭里,67,臺南市,67000290,關廟區,718,67000290016,埤頭里,150,29,16,D,TNN,NULL,NULL
臺南市關廟區下湖里,67,臺南市,67000290,關廟區,718,67000290017,下湖里,150,29,17,D,TNN,NULL,NULL
臺南市關廟區花園里,67,臺南市,67000290,關廟區,718,67000290018,花園里,150,29,18,D,TNN,NULL,NULL
臺南市關廟區龜洞里,67,臺南市,67000290,關廟區,718,67000290020,龜洞里,150,29,20,D,TNN,NULL,NULL
臺南市龍崎區崎頂里,67,臺南市,67000300,龍崎區,719,67000300001,崎頂里,150,30,1,D,TNN,NULL,NULL
臺南市龍崎區土崎里,67,臺南市,67000300,龍崎區,719,67000300002,土崎里,150,30,2,D,TNN,NULL,NULL
臺南市龍崎區中坑里,67,臺南市,67000300,龍崎區,719,67000300003,中坑里,150,30,3,D,TNN,NULL,NULL
臺南市龍崎區楠坑里,67,臺南市,67000300,龍崎區,719,67000300004,楠坑里,150,30,4,D,TNN,NULL,NULL
臺南市龍崎區牛埔里,67,臺南市,67000300,龍崎區,719,67000300005,牛埔里,150,30,5,D,TNN,NULL,NULL
臺南市龍崎區大坪里,67,臺南市,67000300,龍崎區,719,67000300006,大坪里,150,30,6,D,TNN,NULL,NULL
臺南市龍崎區龍船里,67,臺南市,67000300,龍崎區,719,67000300007,龍船里,150,30,7,D,TNN,NULL,NULL
臺南市龍崎區石𥕢里,67,臺南市,67000300,龍崎區,719,67000300008,石𥕢里,150,30,8,D,TNN,NULL,NULL
臺南市永康區五王里,67,臺南市,67000310,永康區,710,67000310001,五王里,150,31,1,D,TNN,NULL,NULL
臺南市永康區網寮里,67,臺南市,67000310,永康區,710,67000310002,網寮里,150,31,2,D,TNN,NULL,NULL
臺南市永康區永康里,67,臺南市,67000310,永康區,710,67000310003,永康里,150,31,3,D,TNN,NULL,NULL
臺南市永康區埔園里,67,臺南市,67000310,永康區,710,67000310004,埔園里,150,31,4,D,TNN,NULL,NULL
臺南市永康區大橋里,67,臺南市,67000310,永康區,710,67000310005,大橋里,150,31,5,D,TNN,NULL,NULL
臺南市永康區王行里,67,臺南市,67000310,永康區,710,67000310006,王行里,150,31,6,D,TNN,NULL,NULL
臺南市永康區烏竹里,67,臺南市,67000310,永康區,710,67000310007,烏竹里,150,31,7,D,TNN,NULL,NULL
臺南市永康區蔦松里,67,臺南市,67000310,永康區,710,67000310008,蔦松里,150,31,8,D,TNN,NULL,NULL
臺南市永康區三民里,67,臺南市,67000310,永康區,710,67000310009,三民里,150,31,9,D,TNN,NULL,NULL
臺南市永康區塩行里,67,臺南市,67000310,永康區,710,67000310010,塩行里,150,31,10,D,TNN,NULL,NULL
臺南市永康區甲頂里,67,臺南市,67000310,永康區,710,67000310011,甲頂里,150,31,11,D,TNN,NULL,NULL
臺南市永康區大灣里,67,臺南市,67000310,永康區,710,67000310012,大灣里,150,31,12,D,TNN,NULL,NULL
臺南市永康區東灣里,67,臺南市,67000310,永康區,710,67000310013,東灣里,150,31,13,D,TNN,NULL,NULL
臺南市永康區西灣里,67,臺南市,67000310,永康區,710,67000310014,西灣里,150,31,14,D,TNN,NULL,NULL
臺南市永康區南灣里,67,臺南市,67000310,永康區,710,67000310015,南灣里,150,31,15,D,TNN,NULL,NULL
臺南市永康區崑山里,67,臺南市,67000310,永康區,710,67000310016,崑山里,150,31,16,D,TNN,NULL,NULL
臺南市永康區北灣里,67,臺南市,67000310,永康區,710,67000310017,北灣里,150,31,17,D,TNN,NULL,NULL
臺南市永康區新樹里,67,臺南市,67000310,永康區,710,67000310018,新樹里,150,31,18,D,TNN,NULL,NULL
臺南市永康區復興里,67,臺南市,67000310,永康區,710,67000310019,復興里,150,31,19,D,TNN,NULL,NULL
臺南市永康區復國里,67,臺南市,67000310,永康區,710,67000310020,復國里,150,31,20,D,TNN,NULL,NULL
臺南市永康區建國里,67,臺南市,67000310,永康區,710,67000310021,建國里,150,31,21,D,TNN,NULL,NULL
臺南市永康區神洲里,67,臺南市,67000310,永康區,710,67000310022,神洲里,150,31,22,D,TNN,NULL,NULL
臺南市永康區西勢里,67,臺南市,67000310,永康區,710,67000310023,西勢里,150,31,23,D,TNN,NULL,NULL
臺南市永康區成功里,67,臺南市,67000310,永康區,710,67000310024,成功里,150,31,24,D,TNN,NULL,NULL
臺南市永康區中興里,67,臺南市,67000310,永康區,710,67000310025,中興里,150,31,25,D,TNN,NULL,NULL
臺南市永康區勝利里,67,臺南市,67000310,永康區,710,67000310026,勝利里,150,31,26,D,TNN,NULL,NULL
臺南市永康區龍潭里,67,臺南市,67000310,永康區,710,67000310027,龍潭里,150,31,27,D,TNN,NULL,NULL
臺南市永康區光復里,67,臺南市,67000310,永康區,710,67000310028,光復里,150,31,28,D,TNN,NULL,NULL
臺南市永康區塩洲里,67,臺南市,67000310,永康區,710,67000310029,塩洲里,150,31,29,D,TNN,NULL,NULL
臺南市永康區二王里,67,臺南市,67000310,永康區,710,67000310030,二王里,150,31,30,D,TNN,NULL,NULL
臺南市永康區六合里,67,臺南市,67000310,永康區,710,67000310031,六合里,150,31,31,D,TNN,NULL,NULL
臺南市永康區三合里,67,臺南市,67000310,永康區,710,67000310032,三合里,150,31,32,D,TNN,NULL,NULL
臺南市永康區東橋里,67,臺南市,67000310,永康區,710,67000310033,東橋里,150,31,33,D,TNN,NULL,NULL
臺南市永康區安康里,67,臺南市,67000310,永康區,710,67000310034,安康里,150,31,34,D,TNN,NULL,NULL
臺南市永康區西橋里,67,臺南市,67000310,永康區,710,67000310035,西橋里,150,31,35,D,TNN,NULL,NULL
臺南市永康區尚頂里,67,臺南市,67000310,永康區,710,67000310036,尚頂里,150,31,36,D,TNN,NULL,NULL
臺南市永康區復華里,67,臺南市,67000310,永康區,710,67000310037,復華里,150,31,37,D,TNN,NULL,NULL
臺南市永康區正強里,67,臺南市,67000310,永康區,710,67000310038,正強里,150,31,38,D,TNN,NULL,NULL
臺南市永康區中華里,67,臺南市,67000310,永康區,710,67000310039,中華里,150,31,39,D,TNN,NULL,NULL
臺南市永康區北興里,67,臺南市,67000310,永康區,710,67000310040,北興里,150,31,40,D,TNN,NULL,NULL
臺南市永康區龍埔里,67,臺南市,67000310,永康區,710,67000310041,龍埔里,150,31,41,D,TNN,NULL,NULL
臺南市永康區永明里,67,臺南市,67000310,永康區,710,67000310042,永明里,150,31,42,D,TNN,NULL,NULL
臺南市永康區塩興里,67,臺南市,67000310,永康區,710,67000310043,塩興里,150,31,43,D,TNN,NULL,NULL
臺南市東區富裕里,67,臺南市,67000320,東區,701,67000320001,富裕里,150,32,1,D,TNN,NULL,NULL
臺南市東區裕農里,67,臺南市,67000320,東區,701,67000320002,裕農里,150,32,2,D,TNN,NULL,NULL
臺南市東區大智里,67,臺南市,67000320,東區,701,67000320003,大智里,150,32,3,D,TNN,NULL,NULL
臺南市東區崇學里,67,臺南市,67000320,東區,701,67000320004,崇學里,150,32,4,D,TNN,NULL,NULL
臺南市東區泉南里,67,臺南市,67000320,東區,701,67000320005,泉南里,150,32,5,D,TNN,NULL,NULL
臺南市東區仁和里,67,臺南市,67000320,東區,701,67000320006,仁和里,150,32,6,D,TNN,NULL,NULL
臺南市東區後甲里,67,臺南市,67000320,東區,701,67000320007,後甲里,150,32,7,D,TNN,NULL,NULL
臺南市東區東光里,67,臺南市,67000320,東區,701,67000320008,東光里,150,32,8,D,TNN,NULL,NULL
臺南市東區新東里,67,臺南市,67000320,東區,701,67000320009,新東里,150,32,9,D,TNN,NULL,NULL
臺南市東區中西里,67,臺南市,67000320,東區,701,67000320010,中西里,150,32,10,D,TNN,NULL,NULL
臺南市東區東安里,67,臺南市,67000320,東區,701,67000320011,東安里,150,32,11,D,TNN,NULL,NULL
臺南市東區崇明里,67,臺南市,67000320,東區,701,67000320012,崇明里,150,32,12,D,TNN,NULL,NULL
臺南市東區自強里,67,臺南市,67000320,東區,701,67000320013,自強里,150,32,13,D,TNN,NULL,NULL
臺南市東區和平里,67,臺南市,67000320,東區,701,67000320014,和平里,150,32,14,D,TNN,NULL,NULL
臺南市東區路東里,67,臺南市,67000320,東區,701,67000320015,路東里,150,32,15,D,TNN,NULL,NULL
臺南市東區大德里,67,臺南市,67000320,東區,701,67000320016,大德里,150,32,16,D,TNN,NULL,NULL
臺南市東區關聖里,67,臺南市,67000320,東區,701,67000320017,關聖里,150,32,17,D,TNN,NULL,NULL
臺南市東區衛國里,67,臺南市,67000320,東區,701,67000320018,衛國里,150,32,18,D,TNN,NULL,NULL
臺南市東區崇善里,67,臺南市,67000320,東區,701,67000320019,崇善里,150,32,19,D,TNN,NULL,NULL
臺南市東區富強里,67,臺南市,67000320,東區,701,67000320020,富強里,150,32,20,D,TNN,NULL,NULL
臺南市東區圍下里,67,臺南市,67000320,東區,701,67000320021,圍下里,150,32,21,D,TNN,NULL,NULL
臺南市東區小東里,67,臺南市,67000320,東區,701,67000320022,小東里,150,32,22,D,TNN,NULL,NULL
臺南市東區大學里,67,臺南市,67000320,東區,701,67000320023,大學里,150,32,23,D,TNN,NULL,NULL
臺南市東區龍山里,67,臺南市,67000320,東區,701,67000320024,龍山里,150,32,24,D,TNN,NULL,NULL
臺南市東區虎尾里,67,臺南市,67000320,東區,701,67000320025,虎尾里,150,32,25,D,TNN,NULL,NULL
臺南市東區德高里,67,臺南市,67000320,東區,701,67000320026,德高里,150,32,26,D,TNN,NULL,NULL
臺南市東區莊敬里,67,臺南市,67000320,東區,701,67000320027,莊敬里,150,32,27,D,TNN,NULL,NULL
臺南市東區大福里,67,臺南市,67000320,東區,701,67000320028,大福里,150,32,28,D,TNN,NULL,NULL
臺南市東區忠孝里,67,臺南市,67000320,東區,701,67000320029,忠孝里,150,32,29,D,TNN,NULL,NULL
臺南市東區崇誨里,67,臺南市,67000320,東區,701,67000320030,崇誨里,150,32,30,D,TNN,NULL,NULL
臺南市東區東明里,67,臺南市,67000320,東區,701,67000320031,東明里,150,32,31,D,TNN,NULL,NULL
臺南市東區崇德里,67,臺南市,67000320,東區,701,67000320032,崇德里,150,32,32,D,TNN,NULL,NULL
臺南市東區東智里,67,臺南市,67000320,東區,701,67000320033,東智里,150,32,33,D,TNN,NULL,NULL
臺南市東區東聖里,67,臺南市,67000320,東區,701,67000320034,東聖里,150,32,34,D,TNN,NULL,NULL
臺南市東區崇成里,67,臺南市,67000320,東區,701,67000320035,崇成里,150,32,35,D,TNN,NULL,NULL
臺南市東區東門里,67,臺南市,67000320,東區,701,67000320036,東門里,150,32,36,D,TNN,NULL,NULL
臺南市東區成大里,67,臺南市,67000320,東區,701,67000320037,成大里,150,32,37,D,TNN,NULL,NULL
臺南市東區大同里,67,臺南市,67000320,東區,701,67000320038,大同里,150,32,38,D,TNN,NULL,NULL
臺南市東區德光里,67,臺南市,67000320,東區,701,67000320039,德光里,150,32,39,D,TNN,NULL,NULL
臺南市東區崇信里,67,臺南市,67000320,東區,701,67000320040,崇信里,150,32,40,D,TNN,NULL,NULL
臺南市東區崇文里,67,臺南市,67000320,東區,701,67000320041,崇文里,150,32,41,D,TNN,NULL,NULL
臺南市東區復興里,67,臺南市,67000320,東區,701,67000320042,復興里,150,32,42,D,TNN,NULL,NULL
臺南市東區裕聖里,67,臺南市,67000320,東區,701,67000320043,裕聖里,150,32,43,D,TNN,NULL,NULL
臺南市東區南聖里,67,臺南市,67000320,東區,701,67000320044,南聖里,150,32,44,D,TNN,NULL,NULL
臺南市東區文聖里,67,臺南市,67000320,東區,701,67000320045,文聖里,150,32,45,D,TNN,NULL,NULL
臺南市南區竹溪里,67,臺南市,67000330,南區,702,67000330001,竹溪里,150,33,1,D,TNN,NULL,NULL
臺南市南區明德里,67,臺南市,67000330,南區,702,67000330003,明德里,150,33,3,D,TNN,NULL,NULL
臺南市南區大成里,67,臺南市,67000330,南區,702,67000330004,大成里,150,33,4,D,TNN,NULL,NULL
臺南市南區廣州里,67,臺南市,67000330,南區,702,67000330005,廣州里,150,33,5,D,TNN,NULL,NULL
臺南市南區新昌里,67,臺南市,67000330,南區,702,67000330006,新昌里,150,33,6,D,TNN,NULL,NULL
臺南市南區新興里,67,臺南市,67000330,南區,702,67000330007,新興里,150,33,7,D,TNN,NULL,NULL
臺南市南區田寮里,67,臺南市,67000330,南區,702,67000330008,田寮里,150,33,8,D,TNN,NULL,NULL
臺南市南區國宅里,67,臺南市,67000330,南區,702,67000330009,國宅里,150,33,9,D,TNN,NULL,NULL
臺南市南區光明里,67,臺南市,67000330,南區,702,67000330011,光明里,150,33,11,D,TNN,NULL,NULL
臺南市南區明亮里,67,臺南市,67000330,南區,702,67000330013,明亮里,150,33,13,D,TNN,NULL,NULL
臺南市南區喜東里,67,臺南市,67000330,南區,702,67000330014,喜東里,150,33,14,D,TNN,NULL,NULL
臺南市南區喜北里,67,臺南市,67000330,南區,702,67000330015,喜北里,150,33,15,D,TNN,NULL,NULL
臺南市南區喜南里,67,臺南市,67000330,南區,702,67000330016,喜南里,150,33,16,D,TNN,NULL,NULL
臺南市南區省躬里,67,臺南市,67000330,南區,702,67000330017,省躬里,150,33,17,D,TNN,NULL,NULL
臺南市南區興農里,67,臺南市,67000330,南區,702,67000330018,興農里,150,33,18,D,TNN,NULL,NULL
臺南市南區同安里,67,臺南市,67000330,南區,702,67000330019,同安里,150,33,19,D,TNN,NULL,NULL
臺南市南區佛壇里,67,臺南市,67000330,南區,702,67000330020,佛壇里,150,33,20,D,TNN,NULL,NULL
臺南市南區大林里,67,臺南市,67000330,南區,702,67000330021,大林里,150,33,21,D,TNN,NULL,NULL
臺南市南區大忠里,67,臺南市,67000330,南區,702,67000330022,大忠里,150,33,22,D,TNN,NULL,NULL
臺南市南區大恩里,67,臺南市,67000330,南區,702,67000330023,大恩里,150,33,23,D,TNN,NULL,NULL
臺南市南區新生里,67,臺南市,67000330,南區,702,67000330024,新生里,150,33,24,D,TNN,NULL,NULL
臺南市南區再興里,67,臺南市,67000330,南區,702,67000330025,再興里,150,33,25,D,TNN,NULL,NULL
臺南市南區明興里,67,臺南市,67000330,南區,702,67000330026,明興里,150,33,26,D,TNN,NULL,NULL
臺南市南區文華里,67,臺南市,67000330,南區,702,67000330027,文華里,150,33,27,D,TNN,NULL,NULL
臺南市南區金華里,67,臺南市,67000330,南區,702,67000330028,金華里,150,33,28,D,TNN,NULL,NULL
臺南市南區南都里,67,臺南市,67000330,南區,702,67000330029,南都里,150,33,29,D,TNN,NULL,NULL
臺南市南區開南里,67,臺南市,67000330,南區,702,67000330030,開南里,150,33,30,D,TNN,NULL,NULL
臺南市南區彰南里,67,臺南市,67000330,南區,702,67000330031,彰南里,150,33,31,D,TNN,NULL,NULL
臺南市南區建南里,67,臺南市,67000330,南區,702,67000330032,建南里,150,33,32,D,TNN,NULL,NULL
臺南市南區郡南里,67,臺南市,67000330,南區,702,67000330033,郡南里,150,33,33,D,TNN,NULL,NULL
臺南市南區府南里,67,臺南市,67000330,南區,702,67000330034,府南里,150,33,34,D,TNN,NULL,NULL
臺南市南區文南里,67,臺南市,67000330,南區,702,67000330035,文南里,150,33,35,D,TNN,NULL,NULL
臺南市南區鯤鯓里,67,臺南市,67000330,南區,702,67000330036,鯤鯓里,150,33,36,D,TNN,NULL,NULL
臺南市南區松安里,67,臺南市,67000330,南區,702,67000330037,松安里,150,33,37,D,TNN,NULL,NULL
臺南市南區永寧里,67,臺南市,67000330,南區,702,67000330038,永寧里,150,33,38,D,TNN,NULL,NULL
臺南市南區南華里,67,臺南市,67000330,南區,702,67000330039,南華里,150,33,39,D,TNN,NULL,NULL
臺南市南區鹽埕里,67,臺南市,67000330,南區,702,67000330040,鹽埕里,150,33,40,D,TNN,NULL,NULL
臺南市北區開元里,67,臺南市,67000340,北區,704,67000340001,開元里,150,34,1,D,TNN,NULL,NULL
臺南市北區東興里,67,臺南市,67000340,北區,704,67000340004,東興里,150,34,4,D,TNN,NULL,NULL
臺南市北區力行里,67,臺南市,67000340,北區,704,67000340005,力行里,150,34,5,D,TNN,NULL,NULL
臺南市北區振興里,67,臺南市,67000340,北區,704,67000340007,振興里,150,34,7,D,TNN,NULL,NULL
臺南市北區仁愛里,67,臺南市,67000340,北區,704,67000340008,仁愛里,150,34,8,D,TNN,NULL,NULL
臺南市北區大豐里,67,臺南市,67000340,北區,704,67000340018,大豐里,150,34,18,D,TNN,NULL,NULL
臺南市北區重興里,67,臺南市,67000340,北區,704,67000340019,重興里,150,34,19,D,TNN,NULL,NULL
臺南市北區和順里,67,臺南市,67000340,北區,704,67000340020,和順里,150,34,20,D,TNN,NULL,NULL
臺南市北區正覺里,67,臺南市,67000340,北區,704,67000340023,正覺里,150,34,23,D,TNN,NULL,NULL
臺南市北區成功里,67,臺南市,67000340,北區,704,67000340024,成功里,150,34,24,D,TNN,NULL,NULL
臺南市北區文元里,67,臺南市,67000340,北區,704,67000340025,文元里,150,34,25,D,TNN,NULL,NULL
臺南市北區大港里,67,臺南市,67000340,北區,704,67000340026,大港里,150,34,26,D,TNN,NULL,NULL
臺南市北區中樓里,67,臺南市,67000340,北區,704,67000340032,中樓里,150,34,32,D,TNN,NULL,NULL
臺南市北區公園里,67,臺南市,67000340,北區,704,67000340033,公園里,150,34,33,D,TNN,NULL,NULL
臺南市北區元寶里,67,臺南市,67000340,北區,704,67000340038,元寶里,150,34,38,D,TNN,NULL,NULL
臺南市北區永祥里,67,臺南市,67000340,北區,704,67000340039,永祥里,150,34,39,D,TNN,NULL,NULL
臺南市北區成德里,67,臺南市,67000340,北區,704,67000340040,成德里,150,34,40,D,TNN,NULL,NULL
臺南市北區文成里,67,臺南市,67000340,北區,704,67000340041,文成里,150,34,41,D,TNN,NULL,NULL
臺南市北區大和里,67,臺南市,67000340,北區,704,67000340042,大和里,150,34,42,D,TNN,NULL,NULL
臺南市北區賢北里,67,臺南市,67000340,北區,704,67000340043,賢北里,150,34,43,D,TNN,NULL,NULL
臺南市北區長勝里,67,臺南市,67000340,北區,704,67000340044,長勝里,150,34,44,D,TNN,NULL,NULL
臺南市北區合興里,67,臺南市,67000340,北區,704,67000340045,合興里,150,34,45,D,TNN,NULL,NULL
臺南市北區北門里,67,臺南市,67000340,北區,704,67000340046,北門里,150,34,46,D,TNN,NULL,NULL
臺南市北區小北里,67,臺南市,67000340,北區,704,67000340047,小北里,150,34,47,D,TNN,NULL,NULL
臺南市北區大光里,67,臺南市,67000340,北區,704,67000340048,大光里,150,34,48,D,TNN,NULL,NULL
臺南市北區大興里,67,臺南市,67000340,北區,704,67000340049,大興里,150,34,49,D,TNN,NULL,NULL
臺南市北區長興里,67,臺南市,67000340,北區,704,67000340050,長興里,150,34,50,D,TNN,NULL,NULL
臺南市北區北華里,67,臺南市,67000340,北區,704,67000340051,北華里,150,34,51,D,TNN,NULL,NULL
臺南市北區華德里,67,臺南市,67000340,北區,704,67000340052,華德里,150,34,52,D,TNN,NULL,NULL
臺南市北區福德里,67,臺南市,67000340,北區,704,67000340053,福德里,150,34,53,D,TNN,NULL,NULL
臺南市北區立人里,67,臺南市,67000340,北區,704,67000340054,立人里,150,34,54,D,TNN,NULL,NULL
臺南市北區雙安里,67,臺南市,67000340,北區,704,67000340055,雙安里,150,34,55,D,TNN,NULL,NULL
臺南市北區元美里,67,臺南市,67000340,北區,704,67000340056,元美里,150,34,56,D,TNN,NULL,NULL
臺南市安南區東和里,67,臺南市,67000350,安南區,709,67000350001,東和里,150,35,1,D,TNN,NULL,NULL
臺南市安南區安順里,67,臺南市,67000350,安南區,709,67000350002,安順里,150,35,2,D,TNN,NULL,NULL
臺南市安南區󻕯南里,67,臺南市,67000350,安南區,709,67000350003,󻕯南里,150,35,3,D,TNN,NULL,NULL
臺南市安南區州南里,67,臺南市,67000350,安南區,709,67000350004,州南里,150,35,4,D,TNN,NULL,NULL
臺南市安南區州北里,67,臺南市,67000350,安南區,709,67000350005,州北里,150,35,5,D,TNN,NULL,NULL
臺南市安南區安東里,67,臺南市,67000350,安南區,709,67000350006,安東里,150,35,6,D,TNN,NULL,NULL
臺南市安南區安西里,67,臺南市,67000350,安南區,709,67000350007,安西里,150,35,7,D,TNN,NULL,NULL
臺南市安南區頂安里,67,臺南市,67000350,安南區,709,67000350008,頂安里,150,35,8,D,TNN,NULL,NULL
臺南市安南區安慶里,67,臺南市,67000350,安南區,709,67000350009,安慶里,150,35,9,D,TNN,NULL,NULL
臺南市安南區新順里,67,臺南市,67000350,安南區,709,67000350010,新順里,150,35,10,D,TNN,NULL,NULL
臺南市安南區原佃里,67,臺南市,67000350,安南區,709,67000350011,原佃里,150,35,11,D,TNN,NULL,NULL
臺南市安南區總頭里,67,臺南市,67000350,安南區,709,67000350012,總頭里,150,35,12,D,TNN,NULL,NULL
臺南市安南區長安里,67,臺南市,67000350,安南區,709,67000350013,長安里,150,35,13,D,TNN,NULL,NULL
臺南市安南區公親里,67,臺南市,67000350,安南區,709,67000350014,公親里,150,35,14,D,TNN,NULL,NULL
臺南市安南區海東里,67,臺南市,67000350,安南區,709,67000350015,海東里,150,35,15,D,TNN,NULL,NULL
臺南市安南區海西里,67,臺南市,67000350,安南區,709,67000350016,海西里,150,35,16,D,TNN,NULL,NULL
臺南市安南區海南里,67,臺南市,67000350,安南區,709,67000350017,海南里,150,35,17,D,TNN,NULL,NULL
臺南市安南區溪心里,67,臺南市,67000350,安南區,709,67000350018,溪心里,150,35,18,D,TNN,NULL,NULL
臺南市安南區塩田里,67,臺南市,67000350,安南區,709,67000350019,塩田里,150,35,19,D,TNN,NULL,NULL
臺南市安南區淵東里,67,臺南市,67000350,安南區,709,67000350020,淵東里,150,35,20,D,TNN,NULL,NULL
臺南市安南區淵西里,67,臺南市,67000350,安南區,709,67000350021,淵西里,150,35,21,D,TNN,NULL,NULL
臺南市安南區佃東里,67,臺南市,67000350,安南區,709,67000350022,佃東里,150,35,22,D,TNN,NULL,NULL
臺南市安南區佃西里,67,臺南市,67000350,安南區,709,67000350023,佃西里,150,35,23,D,TNN,NULL,NULL
臺南市安南區公󻕯里,67,臺南市,67000350,安南區,709,67000350024,公󻕯里,150,35,24,D,TNN,NULL,NULL
臺南市安南區南興里,67,臺南市,67000350,安南區,709,67000350025,南興里,150,35,25,D,TNN,NULL,NULL
臺南市安南區學東里,67,臺南市,67000350,安南區,709,67000350026,學東里,150,35,26,D,TNN,NULL,NULL
臺南市安南區城東里,67,臺南市,67000350,安南區,709,67000350027,城東里,150,35,27,D,TNN,NULL,NULL
臺南市安南區城北里,67,臺南市,67000350,安南區,709,67000350028,城北里,150,35,28,D,TNN,NULL,NULL
臺南市安南區城中里,67,臺南市,67000350,安南區,709,67000350029,城中里,150,35,29,D,TNN,NULL,NULL
臺南市安南區城南里,67,臺南市,67000350,安南區,709,67000350030,城南里,150,35,30,D,TNN,NULL,NULL
臺南市安南區城西里,67,臺南市,67000350,安南區,709,67000350031,城西里,150,35,31,D,TNN,NULL,NULL
臺南市安南區青草里,67,臺南市,67000350,安南區,709,67000350032,青草里,150,35,32,D,TNN,NULL,NULL
臺南市安南區砂崙里,67,臺南市,67000350,安南區,709,67000350033,砂崙里,150,35,33,D,TNN,NULL,NULL
臺南市安南區鹿耳里,67,臺南市,67000350,安南區,709,67000350035,鹿耳里,150,35,35,D,TNN,NULL,NULL
臺南市安南區四草里,67,臺南市,67000350,安南區,709,67000350036,四草里,150,35,36,D,TNN,NULL,NULL
臺南市安南區安和里,67,臺南市,67000350,安南區,709,67000350037,安和里,150,35,37,D,TNN,NULL,NULL
臺南市安南區溪北里,67,臺南市,67000350,安南區,709,67000350038,溪北里,150,35,38,D,TNN,NULL,NULL
臺南市安南區溪頂里,67,臺南市,67000350,安南區,709,67000350039,溪頂里,150,35,39,D,TNN,NULL,NULL
臺南市安南區溪墘里,67,臺南市,67000350,安南區,709,67000350040,溪墘里,150,35,40,D,TNN,NULL,NULL
臺南市安南區海佃里,67,臺南市,67000350,安南區,709,67000350041,海佃里,150,35,41,D,TNN,NULL,NULL
臺南市安南區幸福里,67,臺南市,67000350,安南區,709,67000350042,幸福里,150,35,42,D,TNN,NULL,NULL
臺南市安南區鳳凰里,67,臺南市,67000350,安南區,709,67000350043,鳳凰里,150,35,43,D,TNN,NULL,NULL
臺南市安南區梅花里,67,臺南市,67000350,安南區,709,67000350044,梅花里,150,35,44,D,TNN,NULL,NULL
臺南市安南區理想里,67,臺南市,67000350,安南區,709,67000350045,理想里,150,35,45,D,TNN,NULL,NULL
臺南市安南區溪東里,67,臺南市,67000350,安南區,709,67000350046,溪東里,150,35,46,D,TNN,NULL,NULL
臺南市安南區淵中里,67,臺南市,67000350,安南區,709,67000350047,淵中里,150,35,47,D,TNN,NULL,NULL
臺南市安南區布袋里,67,臺南市,67000350,安南區,709,67000350048,布袋里,150,35,48,D,TNN,NULL,NULL
臺南市安南區國安里,67,臺南市,67000350,安南區,709,67000350049,國安里,150,35,49,D,TNN,NULL,NULL
臺南市安南區安富里,67,臺南市,67000350,安南區,709,67000350050,安富里,150,35,50,D,TNN,NULL,NULL
臺南市安南區大安里,67,臺南市,67000350,安南區,709,67000350051,大安里,150,35,51,D,TNN,NULL,NULL
臺南市安南區媽祖宮里,67,臺南市,67000350,安南區,709,67000350052,媽祖宮里,150,35,52,D,TNN,NULL,NULL
臺南市安平區金城里,67,臺南市,67000360,安平區,708,67000360002,金城里,150,36,2,D,TNN,NULL,NULL
臺南市安平區漁光里,67,臺南市,67000360,安平區,708,67000360004,漁光里,150,36,4,D,TNN,NULL,NULL
臺南市安平區建平里,67,臺南市,67000360,安平區,708,67000360005,建平里,150,36,5,D,TNN,NULL,NULL
臺南市安平區怡平里,67,臺南市,67000360,安平區,708,67000360006,怡平里,150,36,6,D,TNN,NULL,NULL
臺南市安平區華平里,67,臺南市,67000360,安平區,708,67000360007,華平里,150,36,7,D,TNN,NULL,NULL
臺南市安平區平通里,67,臺南市,67000360,安平區,708,67000360008,平通里,150,36,8,D,TNN,NULL,NULL
臺南市安平區文平里,67,臺南市,67000360,安平區,708,67000360009,文平里,150,36,9,D,TNN,NULL,NULL
臺南市安平區國平里,67,臺南市,67000360,安平區,708,67000360010,國平里,150,36,10,D,TNN,NULL,NULL
臺南市安平區育平里,67,臺南市,67000360,安平區,708,67000360011,育平里,150,36,11,D,TNN,NULL,NULL
臺南市安平區億載里,67,臺南市,67000360,安平區,708,67000360012,億載里,150,36,12,D,TNN,NULL,NULL
臺南市安平區平安里,67,臺南市,67000360,安平區,708,67000360015,平安里,150,36,15,D,TNN,NULL,NULL
臺南市安平區天妃里,67,臺南市,67000360,安平區,708,67000360016,天妃里,150,36,16,D,TNN,NULL,NULL
臺南市安平區王城里,67,臺南市,67000360,安平區,708,67000360017,王城里,150,36,17,D,TNN,NULL,NULL
臺南市中西區赤嵌里,67,臺南市,67000370,中西區,700,67000370005,赤嵌里,150,37,5,D,TNN,NULL,NULL
臺南市中西區郡王里,67,臺南市,67000370,中西區,700,67000370007,郡王里,150,37,7,D,TNN,NULL,NULL
臺南市中西區法華里,67,臺南市,67000370,中西區,700,67000370009,法華里,150,37,9,D,TNN,NULL,NULL
臺南市中西區開山里,67,臺南市,67000370,中西區,700,67000370011,開山里,150,37,11,D,TNN,NULL,NULL
臺南市中西區永華里,67,臺南市,67000370,中西區,700,67000370016,永華里,150,37,16,D,TNN,NULL,NULL
臺南市中西區藥王里,67,臺南市,67000370,中西區,700,67000370022,藥王里,150,37,22,D,TNN,NULL,NULL
臺南市中西區光賢里,67,臺南市,67000370,中西區,700,67000370025,光賢里,150,37,25,D,TNN,NULL,NULL
臺南市中西區大涼里,67,臺南市,67000370,中西區,700,67000370031,大涼里,150,37,31,D,TNN,NULL,NULL
臺南市中西區西湖里,67,臺南市,67000370,中西區,700,67000370033,西湖里,150,37,33,D,TNN,NULL,NULL
臺南市中西區西賢里,67,臺南市,67000370,中西區,700,67000370034,西賢里,150,37,34,D,TNN,NULL,NULL
臺南市中西區城隍里,67,臺南市,67000370,中西區,700,67000370039,城隍里,150,37,39,D,TNN,NULL,NULL
臺南市中西區南美里,67,臺南市,67000370,中西區,700,67000370040,南美里,150,37,40,D,TNN,NULL,NULL
臺南市中西區南門里,67,臺南市,67000370,中西區,700,67000370041,南門里,150,37,41,D,TNN,NULL,NULL
臺南市中西區小西門里,67,臺南市,67000370,中西區,700,67000370042,小西門里,150,37,42,D,TNN,NULL,NULL
臺南市中西區五條港里,67,臺南市,67000370,中西區,700,67000370043,五條港里,150,37,43,D,TNN,NULL,NULL
臺南市中西區兌悅里,67,臺南市,67000370,中西區,700,67000370044,兌悅里,150,37,44,D,TNN,NULL,NULL
臺南市中西區淺草里,67,臺南市,67000370,中西區,700,67000370045,淺草里,150,37,45,D,TNN,NULL,NULL
臺南市中西區府前里,67,臺南市,67000370,中西區,700,67000370046,府前里,150,37,46,D,TNN,NULL,NULL
臺南市中西區南廠里,67,臺南市,67000370,中西區,700,67000370047,南廠里,150,37,47,D,TNN,NULL,NULL
臺南市中西區西和里,67,臺南市,67000370,中西區,700,67000370048,西和里,150,37,48,D,TNN,NULL,NULL
桃園市桃園區文化里,68,桃園市,68000010,桃園區,330,68000010001,文化里,160,1,1,H,TAO,NULL,NULL
桃園市桃園區文明里,68,桃園市,68000010,桃園區,330,68000010002,文明里,160,1,2,H,TAO,NULL,NULL
桃園市桃園區武陵里,68,桃園市,68000010,桃園區,330,68000010003,武陵里,160,1,3,H,TAO,NULL,NULL
桃園市桃園區大林里,68,桃園市,68000010,桃園區,330,68000010004,大林里,160,1,4,H,TAO,NULL,NULL
桃園市桃園區忠義里,68,桃園市,68000010,桃園區,330,68000010005,忠義里,160,1,5,H,TAO,NULL,NULL
桃園市桃園區會稽里,68,桃園市,68000010,桃園區,330,68000010006,會稽里,160,1,6,H,TAO,NULL,NULL
桃園市桃園區長美里,68,桃園市,68000010,桃園區,330,68000010007,長美里,160,1,7,H,TAO,NULL,NULL
桃園市桃園區民生里,68,桃園市,68000010,桃園區,330,68000010008,民生里,160,1,8,H,TAO,NULL,NULL
桃園市桃園區永興里,68,桃園市,68000010,桃園區,330,68000010009,永興里,160,1,9,H,TAO,NULL,NULL
桃園市桃園區汴洲里,68,桃園市,68000010,桃園區,330,68000010010,汴洲里,160,1,10,H,TAO,NULL,NULL
桃園市桃園區永安里,68,桃園市,68000010,桃園區,330,68000010011,永安里,160,1,11,H,TAO,NULL,NULL
桃園市桃園區東埔里,68,桃園市,68000010,桃園區,330,68000010012,東埔里,160,1,12,H,TAO,NULL,NULL
桃園市桃園區東門里,68,桃園市,68000010,桃園區,330,68000010013,東門里,160,1,13,H,TAO,NULL,NULL
桃園市桃園區東山里,68,桃園市,68000010,桃園區,330,68000010014,東山里,160,1,14,H,TAO,NULL,NULL
桃園市桃園區萬壽里,68,桃園市,68000010,桃園區,330,68000010015,萬壽里,160,1,15,H,TAO,NULL,NULL
桃園市桃園區長安里,68,桃園市,68000010,桃園區,330,68000010016,長安里,160,1,16,H,TAO,NULL,NULL
桃園市桃園區中埔里,68,桃園市,68000010,桃園區,330,68000010017,中埔里,160,1,17,H,TAO,NULL,NULL
桃園市桃園區西埔里,68,桃園市,68000010,桃園區,330,68000010018,西埔里,160,1,18,H,TAO,NULL,NULL
桃園市桃園區西門里,68,桃園市,68000010,桃園區,330,68000010019,西門里,160,1,19,H,TAO,NULL,NULL
桃園市桃園區中和里,68,桃園市,68000010,桃園區,330,68000010020,中和里,160,1,20,H,TAO,NULL,NULL
桃園市桃園區文昌里,68,桃園市,68000010,桃園區,330,68000010021,文昌里,160,1,21,H,TAO,NULL,NULL
桃園市桃園區新埔里,68,桃園市,68000010,桃園區,330,68000010022,新埔里,160,1,22,H,TAO,NULL,NULL
桃園市桃園區中山里,68,桃園市,68000010,桃園區,330,68000010023,中山里,160,1,23,H,TAO,NULL,NULL
桃園市桃園區慈文里,68,桃園市,68000010,桃園區,330,68000010024,慈文里,160,1,24,H,TAO,NULL,NULL
桃園市桃園區西湖里,68,桃園市,68000010,桃園區,330,68000010025,西湖里,160,1,25,H,TAO,NULL,NULL
桃園市桃園區南門里,68,桃園市,68000010,桃園區,330,68000010026,南門里,160,1,26,H,TAO,NULL,NULL
桃園市桃園區南華里,68,桃園市,68000010,桃園區,330,68000010027,南華里,160,1,27,H,TAO,NULL,NULL
桃園市桃園區玉山里,68,桃園市,68000010,桃園區,330,68000010028,玉山里,160,1,28,H,TAO,NULL,NULL
桃園市桃園區中成里,68,桃園市,68000010,桃園區,330,68000010029,中成里,160,1,29,H,TAO,NULL,NULL
桃園市桃園區中正里,68,桃園市,68000010,桃園區,330,68000010030,中正里,160,1,30,H,TAO,NULL,NULL
桃園市桃園區北門里,68,桃園市,68000010,桃園區,330,68000010031,北門里,160,1,31,H,TAO,NULL,NULL
桃園市桃園區雲林里,68,桃園市,68000010,桃園區,330,68000010032,雲林里,160,1,32,H,TAO,NULL,NULL
桃園市桃園區福林里,68,桃園市,68000010,桃園區,330,68000010033,福林里,160,1,33,H,TAO,NULL,NULL
桃園市桃園區光興里,68,桃園市,68000010,桃園區,330,68000010034,光興里,160,1,34,H,TAO,NULL,NULL
桃園市桃園區龍山里,68,桃園市,68000010,桃園區,330,68000010035,龍山里,160,1,35,H,TAO,NULL,NULL
桃園市桃園區龍岡里,68,桃園市,68000010,桃園區,330,68000010036,龍岡里,160,1,36,H,TAO,NULL,NULL
桃園市桃園區成功里,68,桃園市,68000010,桃園區,330,68000010037,成功里,160,1,37,H,TAO,NULL,NULL
桃園市桃園區青溪里,68,桃園市,68000010,桃園區,330,68000010038,青溪里,160,1,38,H,TAO,NULL,NULL
桃園市桃園區朝陽里,68,桃園市,68000010,桃園區,330,68000010039,朝陽里,160,1,39,H,TAO,NULL,NULL
桃園市桃園區中興里,68,桃園市,68000010,桃園區,330,68000010040,中興里,160,1,40,H,TAO,NULL,NULL
桃園市桃園區豐林里,68,桃園市,68000010,桃園區,330,68000010041,豐林里,160,1,41,H,TAO,NULL,NULL
桃園市桃園區建國里,68,桃園市,68000010,桃園區,330,68000010042,建國里,160,1,42,H,TAO,NULL,NULL
桃園市桃園區大豐里,68,桃園市,68000010,桃園區,330,68000010043,大豐里,160,1,43,H,TAO,NULL,NULL
桃園市桃園區福安里,68,桃園市,68000010,桃園區,330,68000010044,福安里,160,1,44,H,TAO,NULL,NULL
桃園市桃園區三民里,68,桃園市,68000010,桃園區,330,68000010045,三民里,160,1,45,H,TAO,NULL,NULL
桃園市桃園區大興里,68,桃園市,68000010,桃園區,330,68000010046,大興里,160,1,46,H,TAO,NULL,NULL
桃園市桃園區春日里,68,桃園市,68000010,桃園區,330,68000010047,春日里,160,1,47,H,TAO,NULL,NULL
桃園市桃園區信光里,68,桃園市,68000010,桃園區,330,68000010048,信光里,160,1,48,H,TAO,NULL,NULL
桃園市桃園區中寧里,68,桃園市,68000010,桃園區,330,68000010049,中寧里,160,1,49,H,TAO,NULL,NULL
桃園市桃園區同安里,68,桃園市,68000010,桃園區,330,68000010050,同安里,160,1,50,H,TAO,NULL,NULL
桃園市桃園區莊敬里,68,桃園市,68000010,桃園區,330,68000010051,莊敬里,160,1,51,H,TAO,NULL,NULL
桃園市桃園區文中里,68,桃園市,68000010,桃園區,330,68000010052,文中里,160,1,52,H,TAO,NULL,NULL
桃園市桃園區泰山里,68,桃園市,68000010,桃園區,330,68000010053,泰山里,160,1,53,H,TAO,NULL,NULL
桃園市桃園區中路里,68,桃園市,68000010,桃園區,330,68000010054,中路里,160,1,54,H,TAO,NULL,NULL
桃園市桃園區中德里,68,桃園市,68000010,桃園區,330,68000010055,中德里,160,1,55,H,TAO,NULL,NULL
桃園市桃園區龍祥里,68,桃園市,68000010,桃園區,330,68000010056,龍祥里,160,1,56,H,TAO,NULL,NULL
桃園市桃園區大有里,68,桃園市,68000010,桃園區,330,68000010057,大有里,160,1,57,H,TAO,NULL,NULL
桃園市桃園區寶山里,68,桃園市,68000010,桃園區,330,68000010058,寶山里,160,1,58,H,TAO,NULL,NULL
桃園市桃園區龍鳳里,68,桃園市,68000010,桃園區,330,68000010059,龍鳳里,160,1,59,H,TAO,NULL,NULL
桃園市桃園區龍安里,68,桃園市,68000010,桃園區,330,68000010060,龍安里,160,1,60,H,TAO,NULL,NULL
桃園市桃園區自強里,68,桃園市,68000010,桃園區,330,68000010061,自強里,160,1,61,H,TAO,NULL,NULL
桃園市桃園區中信里,68,桃園市,68000010,桃園區,330,68000010062,中信里,160,1,62,H,TAO,NULL,NULL
桃園市桃園區長德里,68,桃園市,68000010,桃園區,330,68000010063,長德里,160,1,63,H,TAO,NULL,NULL
桃園市桃園區中平里,68,桃園市,68000010,桃園區,330,68000010064,中平里,160,1,64,H,TAO,NULL,NULL
桃園市桃園區中原里,68,桃園市,68000010,桃園區,330,68000010065,中原里,160,1,65,H,TAO,NULL,NULL
桃園市桃園區中泰里,68,桃園市,68000010,桃園區,330,68000010066,中泰里,160,1,66,H,TAO,NULL,NULL
桃園市桃園區南埔里,68,桃園市,68000010,桃園區,330,68000010067,南埔里,160,1,67,H,TAO,NULL,NULL
桃園市桃園區寶慶里,68,桃園市,68000010,桃園區,330,68000010068,寶慶里,160,1,68,H,TAO,NULL,NULL
桃園市桃園區北埔里,68,桃園市,68000010,桃園區,330,68000010069,北埔里,160,1,69,H,TAO,NULL,NULL
桃園市桃園區中聖里,68,桃園市,68000010,桃園區,330,68000010070,中聖里,160,1,70,H,TAO,NULL,NULL
桃園市桃園區龍壽里,68,桃園市,68000010,桃園區,330,68000010071,龍壽里,160,1,71,H,TAO,NULL,NULL
桃園市桃園區同德里,68,桃園市,68000010,桃園區,330,68000010072,同德里,160,1,72,H,TAO,NULL,NULL
桃園市桃園區明德里,68,桃園市,68000010,桃園區,330,68000010073,明德里,160,1,73,H,TAO,NULL,NULL
桃園市桃園區寶安里,68,桃園市,68000010,桃園區,330,68000010074,寶安里,160,1,74,H,TAO,NULL,NULL
桃園市桃園區瑞慶里,68,桃園市,68000010,桃園區,330,68000010075,瑞慶里,160,1,75,H,TAO,NULL,NULL
桃園市桃園區三元里,68,桃園市,68000010,桃園區,330,68000010076,三元里,160,1,76,H,TAO,NULL,NULL
桃園市桃園區大樹里,68,桃園市,68000010,桃園區,330,68000010077,大樹里,160,1,77,H,TAO,NULL,NULL
桃園市桃園區大業里,68,桃園市,68000010,桃園區,330,68000010078,大業里,160,1,78,H,TAO,NULL,NULL
桃園市桃園區福元里,68,桃園市,68000010,桃園區,330,68000010079,福元里,160,1,79,H,TAO,NULL,NULL
桃園市桃園區經國里,68,桃園市,68000010,桃園區,330,68000010080,經國里,160,1,80,H,TAO,NULL,NULL
桃園市桃園區檜樂里,68,桃園市,68000010,桃園區,330,68000010081,檜樂里,160,1,81,H,TAO,NULL,NULL
桃園市桃園區寶民里,68,桃園市,68000010,桃園區,330,68000010082,寶民里,160,1,82,H,TAO,NULL,NULL
桃園市桃園區藝文里,68,桃園市,68000010,桃園區,330,68000010083,藝文里,160,1,83,H,TAO,NULL,NULL
桃園市桃園區幸福里,68,桃園市,68000010,桃園區,330,68000010084,幸福里,160,1,84,H,TAO,NULL,NULL
桃園市桃園區民有里,68,桃園市,68000010,桃園區,330,68000010085,民有里,160,1,85,H,TAO,NULL,NULL
桃園市中壢區龍平里,68,桃園市,68000020,中壢區,320,68000020001,龍平里,160,2,1,H,TAO,NULL,NULL
桃園市中壢區龍昌里,68,桃園市,68000020,中壢區,320,68000020002,龍昌里,160,2,2,H,TAO,NULL,NULL
桃園市中壢區仁德里,68,桃園市,68000020,中壢區,320,68000020003,仁德里,160,2,3,H,TAO,NULL,NULL
桃園市中壢區永興里,68,桃園市,68000020,中壢區,320,68000020004,永興里,160,2,4,H,TAO,NULL,NULL
桃園市中壢區內壢里,68,桃園市,68000020,中壢區,320,68000020005,內壢里,160,2,5,H,TAO,NULL,NULL
桃園市中壢區成功里,68,桃園市,68000020,中壢區,320,68000020006,成功里,160,2,6,H,TAO,NULL,NULL
桃園市中壢區光明里,68,桃園市,68000020,中壢區,320,68000020007,光明里,160,2,7,H,TAO,NULL,NULL
桃園市中壢區自立里,68,桃園市,68000020,中壢區,320,68000020008,自立里,160,2,8,H,TAO,NULL,NULL
桃園市中壢區自強里,68,桃園市,68000020,中壢區,320,68000020009,自強里,160,2,9,H,TAO,NULL,NULL
桃園市中壢區中堅里,68,桃園市,68000020,中壢區,320,68000020010,中堅里,160,2,10,H,TAO,NULL,NULL
桃園市中壢區龍興里,68,桃園市,68000020,中壢區,320,68000020011,龍興里,160,2,11,H,TAO,NULL,NULL
桃園市中壢區仁美里,68,桃園市,68000020,中壢區,320,68000020012,仁美里,160,2,12,H,TAO,NULL,NULL
桃園市中壢區仁愛里,68,桃園市,68000020,中壢區,320,68000020013,仁愛里,160,2,13,H,TAO,NULL,NULL
桃園市中壢區新街里,68,桃園市,68000020,中壢區,320,68000020014,新街里,160,2,14,H,TAO,NULL,NULL
桃園市中壢區中央里,68,桃園市,68000020,中壢區,320,68000020015,中央里,160,2,15,H,TAO,NULL,NULL
桃園市中壢區普仁里,68,桃園市,68000020,中壢區,320,68000020016,普仁里,160,2,16,H,TAO,NULL,NULL
桃園市中壢區普義里,68,桃園市,68000020,中壢區,320,68000020017,普義里,160,2,17,H,TAO,NULL,NULL
桃園市中壢區忠義里,68,桃園市,68000020,中壢區,320,68000020018,忠義里,160,2,18,H,TAO,NULL,NULL
桃園市中壢區中正里,68,桃園市,68000020,中壢區,320,68000020019,中正里,160,2,19,H,TAO,NULL,NULL
桃園市中壢區興仁里,68,桃園市,68000020,中壢區,320,68000020020,興仁里,160,2,20,H,TAO,NULL,NULL
桃園市中壢區東興里,68,桃園市,68000020,中壢區,320,68000020021,東興里,160,2,21,H,TAO,NULL,NULL
桃園市中壢區洽溪里,68,桃園市,68000020,中壢區,320,68000020022,洽溪里,160,2,22,H,TAO,NULL,NULL
桃園市中壢區篤行里,68,桃園市,68000020,中壢區,320,68000020023,篤行里,160,2,23,H,TAO,NULL,NULL
桃園市中壢區新明里,68,桃園市,68000020,中壢區,320,68000020024,新明里,160,2,24,H,TAO,NULL,NULL
桃園市中壢區新興里,68,桃園市,68000020,中壢區,320,68000020025,新興里,160,2,25,H,TAO,NULL,NULL
桃園市中壢區中原里,68,桃園市,68000020,中壢區,320,68000020026,中原里,160,2,26,H,TAO,NULL,NULL
桃園市中壢區內定里,68,桃園市,68000020,中壢區,320,68000020027,內定里,160,2,27,H,TAO,NULL,NULL
桃園市中壢區中壢里,68,桃園市,68000020,中壢區,320,68000020028,中壢里,160,2,28,H,TAO,NULL,NULL
桃園市中壢區龍岡里,68,桃園市,68000020,中壢區,320,68000020029,龍岡里,160,2,29,H,TAO,NULL,NULL
桃園市中壢區仁祥里,68,桃園市,68000020,中壢區,320,68000020030,仁祥里,160,2,30,H,TAO,NULL,NULL
桃園市中壢區水尾里,68,桃園市,68000020,中壢區,320,68000020031,水尾里,160,2,31,H,TAO,NULL,NULL
桃園市中壢區青埔里,68,桃園市,68000020,中壢區,320,68000020032,青埔里,160,2,32,H,TAO,NULL,NULL
桃園市中壢區復興里,68,桃園市,68000020,中壢區,320,68000020033,復興里,160,2,33,H,TAO,NULL,NULL
桃園市中壢區文化里,68,桃園市,68000020,中壢區,320,68000020034,文化里,160,2,34,H,TAO,NULL,NULL
桃園市中壢區興國里,68,桃園市,68000020,中壢區,320,68000020035,興國里,160,2,35,H,TAO,NULL,NULL
桃園市中壢區忠福里,68,桃園市,68000020,中壢區,320,68000020036,忠福里,160,2,36,H,TAO,NULL,NULL
桃園市中壢區信義里,68,桃園市,68000020,中壢區,320,68000020037,信義里,160,2,37,H,TAO,NULL,NULL
桃園市中壢區石頭里,68,桃園市,68000020,中壢區,320,68000020038,石頭里,160,2,38,H,TAO,NULL,NULL
桃園市中壢區龍東里,68,桃園市,68000020,中壢區,320,68000020039,龍東里,160,2,39,H,TAO,NULL,NULL
桃園市中壢區中建里,68,桃園市,68000020,中壢區,320,68000020040,中建里,160,2,40,H,TAO,NULL,NULL
桃園市中壢區興南里,68,桃園市,68000020,中壢區,320,68000020041,興南里,160,2,41,H,TAO,NULL,NULL
桃園市中壢區後寮里,68,桃園市,68000020,中壢區,320,68000020042,後寮里,160,2,42,H,TAO,NULL,NULL
桃園市中壢區過嶺里,68,桃園市,68000020,中壢區,320,68000020043,過嶺里,160,2,43,H,TAO,NULL,NULL
桃園市中壢區五權里,68,桃園市,68000020,中壢區,320,68000020044,五權里,160,2,44,H,TAO,NULL,NULL
桃園市中壢區舊明里,68,桃園市,68000020,中壢區,320,68000020045,舊明里,160,2,45,H,TAO,NULL,NULL
桃園市中壢區芝芭里,68,桃園市,68000020,中壢區,320,68000020046,芝芭里,160,2,46,H,TAO,NULL,NULL
桃園市中壢區月眉里,68,桃園市,68000020,中壢區,320,68000020047,月眉里,160,2,47,H,TAO,NULL,NULL
桃園市中壢區三民里,68,桃園市,68000020,中壢區,320,68000020048,三民里,160,2,48,H,TAO,NULL,NULL
桃園市中壢區山東里,68,桃園市,68000020,中壢區,320,68000020049,山東里,160,2,49,H,TAO,NULL,NULL
桃園市中壢區中榮里,68,桃園市,68000020,中壢區,320,68000020050,中榮里,160,2,50,H,TAO,NULL,NULL
桃園市中壢區內厝里,68,桃園市,68000020,中壢區,320,68000020051,內厝里,160,2,51,H,TAO,NULL,NULL
桃園市中壢區振興里,68,桃園市,68000020,中壢區,320,68000020052,振興里,160,2,52,H,TAO,NULL,NULL
桃園市中壢區普慶里,68,桃園市,68000020,中壢區,320,68000020053,普慶里,160,2,53,H,TAO,NULL,NULL
桃園市中壢區興和里,68,桃園市,68000020,中壢區,320,68000020054,興和里,160,2,54,H,TAO,NULL,NULL
桃園市中壢區永光里,68,桃園市,68000020,中壢區,320,68000020055,永光里,160,2,55,H,TAO,NULL,NULL
桃園市中壢區復華里,68,桃園市,68000020,中壢區,320,68000020056,復華里,160,2,56,H,TAO,NULL,NULL
桃園市中壢區忠孝里,68,桃園市,68000020,中壢區,320,68000020057,忠孝里,160,2,57,H,TAO,NULL,NULL
桃園市中壢區福德里,68,桃園市,68000020,中壢區,320,68000020058,福德里,160,2,58,H,TAO,NULL,NULL
桃園市中壢區和平里,68,桃園市,68000020,中壢區,320,68000020059,和平里,160,2,59,H,TAO,NULL,NULL
桃園市中壢區普忠里,68,桃園市,68000020,中壢區,320,68000020060,普忠里,160,2,60,H,TAO,NULL,NULL
桃園市中壢區普強里,68,桃園市,68000020,中壢區,320,68000020061,普強里,160,2,61,H,TAO,NULL,NULL
桃園市中壢區明德里,68,桃園市,68000020,中壢區,320,68000020062,明德里,160,2,62,H,TAO,NULL,NULL
桃園市中壢區至善里,68,桃園市,68000020,中壢區,320,68000020063,至善里,160,2,63,H,TAO,NULL,NULL
桃園市中壢區五福里,68,桃園市,68000020,中壢區,320,68000020064,五福里,160,2,64,H,TAO,NULL,NULL
桃園市中壢區龍德里,68,桃園市,68000020,中壢區,320,68000020065,龍德里,160,2,65,H,TAO,NULL,NULL
桃園市中壢區正義里,68,桃園市,68000020,中壢區,320,68000020066,正義里,160,2,66,H,TAO,NULL,NULL
桃園市中壢區龍安里,68,桃園市,68000020,中壢區,320,68000020067,龍安里,160,2,67,H,TAO,NULL,NULL
桃園市中壢區中山里,68,桃園市,68000020,中壢區,320,68000020068,中山里,160,2,68,H,TAO,NULL,NULL
桃園市中壢區德義里,68,桃園市,68000020,中壢區,320,68000020069,德義里,160,2,69,H,TAO,NULL,NULL
桃園市中壢區仁義里,68,桃園市,68000020,中壢區,320,68000020070,仁義里,160,2,70,H,TAO,NULL,NULL
桃園市中壢區華勛里,68,桃園市,68000020,中壢區,320,68000020071,華勛里,160,2,71,H,TAO,NULL,NULL
桃園市中壢區仁福里,68,桃園市,68000020,中壢區,320,68000020072,仁福里,160,2,72,H,TAO,NULL,NULL
桃園市中壢區幸福里,68,桃園市,68000020,中壢區,320,68000020073,幸福里,160,2,73,H,TAO,NULL,NULL
桃園市中壢區永福里,68,桃園市,68000020,中壢區,320,68000020074,永福里,160,2,74,H,TAO,NULL,NULL
桃園市中壢區仁和里,68,桃園市,68000020,中壢區,320,68000020075,仁和里,160,2,75,H,TAO,NULL,NULL
桃園市中壢區華愛里,68,桃園市,68000020,中壢區,320,68000020076,華愛里,160,2,76,H,TAO,NULL,NULL
桃園市中壢區莊敬里,68,桃園市,68000020,中壢區,320,68000020077,莊敬里,160,2,77,H,TAO,NULL,NULL
桃園市中壢區自治里,68,桃園市,68000020,中壢區,320,68000020078,自治里,160,2,78,H,TAO,NULL,NULL
桃園市中壢區健行里,68,桃園市,68000020,中壢區,320,68000020079,健行里,160,2,79,H,TAO,NULL,NULL
桃園市中壢區興平里,68,桃園市,68000020,中壢區,320,68000020080,興平里,160,2,80,H,TAO,NULL,NULL
桃園市中壢區中興里,68,桃園市,68000020,中壢區,320,68000020081,中興里,160,2,81,H,TAO,NULL,NULL
桃園市中壢區龍慈里,68,桃園市,68000020,中壢區,320,68000020082,龍慈里,160,2,82,H,TAO,NULL,NULL
桃園市中壢區自信里,68,桃園市,68000020,中壢區,320,68000020083,自信里,160,2,83,H,TAO,NULL,NULL
桃園市中壢區林森里,68,桃園市,68000020,中壢區,320,68000020084,林森里,160,2,84,H,TAO,NULL,NULL
桃園市中壢區金華里,68,桃園市,68000020,中壢區,320,68000020085,金華里,160,2,85,H,TAO,NULL,NULL
桃園市中壢區青溪里,68,桃園市,68000020,中壢區,320,68000020086,青溪里,160,2,86,H,TAO,NULL,NULL
桃園市中壢區興華里,68,桃園市,68000020,中壢區,320,68000020087,興華里,160,2,87,H,TAO,NULL,NULL
桃園市中壢區興福里,68,桃園市,68000020,中壢區,320,68000020088,興福里,160,2,88,H,TAO,NULL,NULL
桃園市中壢區青航里,68,桃園市,68000020,中壢區,320,68000020089,青航里,160,2,89,H,TAO,NULL,NULL
桃園市中壢區青園里,68,桃園市,68000020,中壢區,320,68000020090,青園里,160,2,90,H,TAO,NULL,NULL
桃園市中壢區松嶺里,68,桃園市,68000020,中壢區,320,68000020091,松嶺里,160,2,91,H,TAO,NULL,NULL
桃園市大溪區興和里,68,桃園市,68000030,大溪區,335,68000030001,興和里,160,3,1,H,TAO,NULL,NULL
桃園市大溪區福仁里,68,桃園市,68000030,大溪區,335,68000030002,福仁里,160,3,2,H,TAO,NULL,NULL
桃園市大溪區一心里,68,桃園市,68000030,大溪區,335,68000030003,一心里,160,3,3,H,TAO,NULL,NULL
桃園市大溪區一德里,68,桃園市,68000030,大溪區,335,68000030004,一德里,160,3,4,H,TAO,NULL,NULL
桃園市大溪區月眉里,68,桃園市,68000030,大溪區,335,68000030005,月眉里,160,3,5,H,TAO,NULL,NULL
桃園市大溪區永福里,68,桃園市,68000030,大溪區,335,68000030006,永福里,160,3,6,H,TAO,NULL,NULL
桃園市大溪區美華里,68,桃園市,68000030,大溪區,335,68000030007,美華里,160,3,7,H,TAO,NULL,NULL
桃園市大溪區福安里,68,桃園市,68000030,大溪區,335,68000030008,福安里,160,3,8,H,TAO,NULL,NULL
桃園市大溪區復興里,68,桃園市,68000030,大溪區,335,68000030009,復興里,160,3,9,H,TAO,NULL,NULL
桃園市大溪區新峰里,68,桃園市,68000030,大溪區,335,68000030010,新峰里,160,3,10,H,TAO,NULL,NULL
桃園市大溪區康安里,68,桃園市,68000030,大溪區,335,68000030011,康安里,160,3,11,H,TAO,NULL,NULL
桃園市大溪區義和里,68,桃園市,68000030,大溪區,335,68000030012,義和里,160,3,12,H,TAO,NULL,NULL
桃園市大溪區瑞興里,68,桃園市,68000030,大溪區,335,68000030013,瑞興里,160,3,13,H,TAO,NULL,NULL
桃園市大溪區中新里,68,桃園市,68000030,大溪區,335,68000030014,中新里,160,3,14,H,TAO,NULL,NULL
桃園市大溪區仁義里,68,桃園市,68000030,大溪區,335,68000030015,仁義里,160,3,15,H,TAO,NULL,NULL
桃園市大溪區僑愛里,68,桃園市,68000030,大溪區,335,68000030016,僑愛里,160,3,16,H,TAO,NULL,NULL
桃園市大溪區仁善里,68,桃園市,68000030,大溪區,335,68000030017,仁善里,160,3,17,H,TAO,NULL,NULL
桃園市大溪區仁愛里,68,桃園市,68000030,大溪區,335,68000030018,仁愛里,160,3,18,H,TAO,NULL,NULL
桃園市大溪區仁武里,68,桃園市,68000030,大溪區,335,68000030019,仁武里,160,3,19,H,TAO,NULL,NULL
桃園市大溪區員林里,68,桃園市,68000030,大溪區,335,68000030020,員林里,160,3,20,H,TAO,NULL,NULL
桃園市大溪區南興里,68,桃園市,68000030,大溪區,335,68000030021,南興里,160,3,21,H,TAO,NULL,NULL
桃園市大溪區瑞源里,68,桃園市,68000030,大溪區,335,68000030022,瑞源里,160,3,22,H,TAO,NULL,NULL
桃園市大溪區光明里,68,桃園市,68000030,大溪區,335,68000030023,光明里,160,3,23,H,TAO,NULL,NULL
桃園市大溪區三元里,68,桃園市,68000030,大溪區,335,68000030024,三元里,160,3,24,H,TAO,NULL,NULL
桃園市大溪區田心里,68,桃園市,68000030,大溪區,335,68000030025,田心里,160,3,25,H,TAO,NULL,NULL
桃園市大溪區仁文里,68,桃園市,68000030,大溪區,335,68000030026,仁文里,160,3,26,H,TAO,NULL,NULL
桃園市大溪區仁和里,68,桃園市,68000030,大溪區,335,68000030027,仁和里,160,3,27,H,TAO,NULL,NULL
桃園市大溪區仁美里,68,桃園市,68000030,大溪區,335,68000030028,仁美里,160,3,28,H,TAO,NULL,NULL
桃園市楊梅區楊梅里,68,桃園市,68000040,楊梅區,326,68000040001,楊梅里,160,4,1,H,TAO,NULL,NULL
桃園市楊梅區楊江里,68,桃園市,68000040,楊梅區,326,68000040002,楊江里,160,4,2,H,TAO,NULL,NULL
桃園市楊梅區紅梅里,68,桃園市,68000040,楊梅區,326,68000040003,紅梅里,160,4,3,H,TAO,NULL,NULL
桃園市楊梅區永寧里,68,桃園市,68000040,楊梅區,326,68000040004,永寧里,160,4,4,H,TAO,NULL,NULL
桃園市楊梅區大平里,68,桃園市,68000040,楊梅區,326,68000040005,大平里,160,4,5,H,TAO,NULL,NULL
桃園市楊梅區東流里,68,桃園市,68000040,楊梅區,326,68000040006,東流里,160,4,6,H,TAO,NULL,NULL
桃園市楊梅區水美里,68,桃園市,68000040,楊梅區,326,68000040007,水美里,160,4,7,H,TAO,NULL,NULL
桃園市楊梅區上田里,68,桃園市,68000040,楊梅區,326,68000040008,上田里,160,4,8,H,TAO,NULL,NULL
桃園市楊梅區梅新里,68,桃園市,68000040,楊梅區,326,68000040009,梅新里,160,4,9,H,TAO,NULL,NULL
桃園市楊梅區大同里,68,桃園市,68000040,楊梅區,326,68000040010,大同里,160,4,10,H,TAO,NULL,NULL
桃園市楊梅區埔心里,68,桃園市,68000040,楊梅區,326,68000040011,埔心里,160,4,11,H,TAO,NULL,NULL
桃園市楊梅區金龍里,68,桃園市,68000040,楊梅區,326,68000040012,金龍里,160,4,12,H,TAO,NULL,NULL
桃園市楊梅區瑞塘里,68,桃園市,68000040,楊梅區,326,68000040013,瑞塘里,160,4,13,H,TAO,NULL,NULL
桃園市楊梅區四維里,68,桃園市,68000040,楊梅區,326,68000040014,四維里,160,4,14,H,TAO,NULL,NULL
桃園市楊梅區梅溪里,68,桃園市,68000040,楊梅區,326,68000040015,梅溪里,160,4,15,H,TAO,NULL,NULL
桃園市楊梅區高山里,68,桃園市,68000040,楊梅區,326,68000040016,高山里,160,4,16,H,TAO,NULL,NULL
桃園市楊梅區高榮里,68,桃園市,68000040,楊梅區,326,68000040017,高榮里,160,4,17,H,TAO,NULL,NULL
桃園市楊梅區仁美里,68,桃園市,68000040,楊梅區,326,68000040018,仁美里,160,4,18,H,TAO,NULL,NULL
桃園市楊梅區光華里,68,桃園市,68000040,楊梅區,326,68000040019,光華里,160,4,19,H,TAO,NULL,NULL
桃園市楊梅區富岡里,68,桃園市,68000040,楊梅區,326,68000040020,富岡里,160,4,20,H,TAO,NULL,NULL
桃園市楊梅區豐野里,68,桃園市,68000040,楊梅區,326,68000040021,豐野里,160,4,21,H,TAO,NULL,NULL
桃園市楊梅區員本里,68,桃園市,68000040,楊梅區,326,68000040022,員本里,160,4,22,H,TAO,NULL,NULL
桃園市楊梅區瑞原里,68,桃園市,68000040,楊梅區,326,68000040023,瑞原里,160,4,23,H,TAO,NULL,NULL
桃園市楊梅區三湖里,68,桃園市,68000040,楊梅區,326,68000040024,三湖里,160,4,24,H,TAO,NULL,NULL
桃園市楊梅區上湖里,68,桃園市,68000040,楊梅區,326,68000040025,上湖里,160,4,25,H,TAO,NULL,NULL
桃園市楊梅區中山里,68,桃園市,68000040,楊梅區,326,68000040026,中山里,160,4,26,H,TAO,NULL,NULL
桃園市楊梅區楊明里,68,桃園市,68000040,楊梅區,326,68000040027,楊明里,160,4,27,H,TAO,NULL,NULL
桃園市楊梅區金溪里,68,桃園市,68000040,楊梅區,326,68000040028,金溪里,160,4,28,H,TAO,NULL,NULL
桃園市楊梅區裕成里,68,桃園市,68000040,楊梅區,326,68000040029,裕成里,160,4,29,H,TAO,NULL,NULL
桃園市楊梅區秀才里,68,桃園市,68000040,楊梅區,326,68000040030,秀才里,160,4,30,H,TAO,NULL,NULL
桃園市楊梅區青山里,68,桃園市,68000040,楊梅區,326,68000040031,青山里,160,4,31,H,TAO,NULL,NULL
桃園市楊梅區新榮里,68,桃園市,68000040,楊梅區,326,68000040032,新榮里,160,4,32,H,TAO,NULL,NULL
桃園市楊梅區雙榮里,68,桃園市,68000040,楊梅區,326,68000040033,雙榮里,160,4,33,H,TAO,NULL,NULL
桃園市楊梅區瑞坪里,68,桃園市,68000040,楊梅區,326,68000040034,瑞坪里,160,4,34,H,TAO,NULL,NULL
桃園市楊梅區永平里,68,桃園市,68000040,楊梅區,326,68000040035,永平里,160,4,35,H,TAO,NULL,NULL
桃園市楊梅區瑞溪里,68,桃園市,68000040,楊梅區,326,68000040036,瑞溪里,160,4,36,H,TAO,NULL,NULL
桃園市楊梅區高上里,68,桃園市,68000040,楊梅區,326,68000040037,高上里,160,4,37,H,TAO,NULL,NULL
桃園市楊梅區富豐里,68,桃園市,68000040,楊梅區,326,68000040038,富豐里,160,4,38,H,TAO,NULL,NULL
桃園市楊梅區裕新里,68,桃園市,68000040,楊梅區,326,68000040039,裕新里,160,4,39,H,TAO,NULL,NULL
桃園市楊梅區三民里,68,桃園市,68000040,楊梅區,326,68000040040,三民里,160,4,40,H,TAO,NULL,NULL
桃園市楊梅區頭湖里,68,桃園市,68000040,楊梅區,326,68000040041,頭湖里,160,4,41,H,TAO,NULL,NULL
桃園市蘆竹區新興里,68,桃園市,68000050,蘆竹區,338,68000050001,新興里,160,5,1,H,TAO,NULL,NULL
桃園市蘆竹區中福里,68,桃園市,68000050,蘆竹區,338,68000050002,中福里,160,5,2,H,TAO,NULL,NULL
桃園市蘆竹區新莊里,68,桃園市,68000050,蘆竹區,338,68000050003,新莊里,160,5,3,H,TAO,NULL,NULL
桃園市蘆竹區大竹里,68,桃園市,68000050,蘆竹區,338,68000050004,大竹里,160,5,4,H,TAO,NULL,NULL
桃園市蘆竹區蘆竹里,68,桃園市,68000050,蘆竹區,338,68000050006,蘆竹里,160,5,6,H,TAO,NULL,NULL
桃園市蘆竹區南崁里,68,桃園市,68000050,蘆竹區,338,68000050007,南崁里,160,5,7,H,TAO,NULL,NULL
桃園市蘆竹區錦興里,68,桃園市,68000050,蘆竹區,338,68000050008,錦興里,160,5,8,H,TAO,NULL,NULL
桃園市蘆竹區五福里,68,桃園市,68000050,蘆竹區,338,68000050009,五福里,160,5,9,H,TAO,NULL,NULL
桃園市蘆竹區內厝里,68,桃園市,68000050,蘆竹區,338,68000050010,內厝里,160,5,10,H,TAO,NULL,NULL
桃園市蘆竹區山鼻里,68,桃園市,68000050,蘆竹區,338,68000050011,山鼻里,160,5,11,H,TAO,NULL,NULL
桃園市蘆竹區山腳里,68,桃園市,68000050,蘆竹區,338,68000050012,山腳里,160,5,12,H,TAO,NULL,NULL
桃園市蘆竹區外社里,68,桃園市,68000050,蘆竹區,338,68000050013,外社里,160,5,13,H,TAO,NULL,NULL
桃園市蘆竹區坑子里,68,桃園市,68000050,蘆竹區,338,68000050014,坑子里,160,5,14,H,TAO,NULL,NULL
桃園市蘆竹區坑口里,68,桃園市,68000050,蘆竹區,338,68000050015,坑口里,160,5,15,H,TAO,NULL,NULL
桃園市蘆竹區海湖里,68,桃園市,68000050,蘆竹區,338,68000050016,海湖里,160,5,16,H,TAO,NULL,NULL
桃園市蘆竹區南榮里,68,桃園市,68000050,蘆竹區,338,68000050017,南榮里,160,5,17,H,TAO,NULL,NULL
桃園市蘆竹區南興里,68,桃園市,68000050,蘆竹區,338,68000050018,南興里,160,5,18,H,TAO,NULL,NULL
桃園市蘆竹區長興里,68,桃園市,68000050,蘆竹區,338,68000050019,長興里,160,5,19,H,TAO,NULL,NULL
桃園市蘆竹區錦中里,68,桃園市,68000050,蘆竹區,338,68000050020,錦中里,160,5,20,H,TAO,NULL,NULL
桃園市蘆竹區富竹里,68,桃園市,68000050,蘆竹區,338,68000050021,富竹里,160,5,21,H,TAO,NULL,NULL
桃園市蘆竹區上竹里,68,桃園市,68000050,蘆竹區,338,68000050022,上竹里,160,5,22,H,TAO,NULL,NULL
桃園市蘆竹區宏竹里,68,桃園市,68000050,蘆竹區,338,68000050023,宏竹里,160,5,23,H,TAO,NULL,NULL
桃園市蘆竹區瓦窯里,68,桃園市,68000050,蘆竹區,338,68000050024,瓦窯里,160,5,24,H,TAO,NULL,NULL
桃園市蘆竹區營盤里,68,桃園市,68000050,蘆竹區,338,68000050025,營盤里,160,5,25,H,TAO,NULL,NULL
桃園市蘆竹區羊稠里,68,桃園市,68000050,蘆竹區,338,68000050026,羊稠里,160,5,26,H,TAO,NULL,NULL
桃園市蘆竹區順興里,68,桃園市,68000050,蘆竹區,338,68000050027,順興里,160,5,27,H,TAO,NULL,NULL
桃園市蘆竹區福昌里,68,桃園市,68000050,蘆竹區,338,68000050028,福昌里,160,5,28,H,TAO,NULL,NULL
桃園市蘆竹區福興里,68,桃園市,68000050,蘆竹區,338,68000050029,福興里,160,5,29,H,TAO,NULL,NULL
桃園市蘆竹區蘆興里,68,桃園市,68000050,蘆竹區,338,68000050030,蘆興里,160,5,30,H,TAO,NULL,NULL
桃園市蘆竹區長壽里,68,桃園市,68000050,蘆竹區,338,68000050031,長壽里,160,5,31,H,TAO,NULL,NULL
桃園市蘆竹區吉祥里,68,桃園市,68000050,蘆竹區,338,68000050032,吉祥里,160,5,32,H,TAO,NULL,NULL
桃園市蘆竹區中山里,68,桃園市,68000050,蘆竹區,338,68000050033,中山里,160,5,33,H,TAO,NULL,NULL
桃園市蘆竹區福祿里,68,桃園市,68000050,蘆竹區,338,68000050034,福祿里,160,5,34,H,TAO,NULL,NULL
桃園市蘆竹區興榮里,68,桃園市,68000050,蘆竹區,338,68000050035,興榮里,160,5,35,H,TAO,NULL,NULL
桃園市蘆竹區中興里,68,桃園市,68000050,蘆竹區,338,68000050036,中興里,160,5,36,H,TAO,NULL,NULL
桃園市蘆竹區上興里,68,桃園市,68000050,蘆竹區,338,68000050037,上興里,160,5,37,H,TAO,NULL,NULL
桃園市蘆竹區營福里,68,桃園市,68000050,蘆竹區,338,68000050038,營福里,160,5,38,H,TAO,NULL,NULL
桃園市蘆竹區正興里,68,桃園市,68000050,蘆竹區,338,68000050039,正興里,160,5,39,H,TAO,NULL,NULL
桃園市蘆竹區濱海里,68,桃園市,68000050,蘆竹區,338,68000050040,濱海里,160,5,40,H,TAO,NULL,NULL
桃園市大園區大園里,68,桃園市,68000060,大園區,337,68000060001,大園里,160,6,1,H,TAO,NULL,NULL
桃園市大園區田心里,68,桃園市,68000060,大園區,337,68000060002,田心里,160,6,2,H,TAO,NULL,NULL
桃園市大園區溪海里,68,桃園市,68000060,大園區,337,68000060003,溪海里,160,6,3,H,TAO,NULL,NULL
桃園市大園區和平里,68,桃園市,68000060,大園區,337,68000060004,和平里,160,6,4,H,TAO,NULL,NULL
桃園市大園區橫峰里,68,桃園市,68000060,大園區,337,68000060005,橫峰里,160,6,5,H,TAO,NULL,NULL
桃園市大園區五權里,68,桃園市,68000060,大園區,337,68000060006,五權里,160,6,6,H,TAO,NULL,NULL
桃園市大園區埔心里,68,桃園市,68000060,大園區,337,68000060007,埔心里,160,6,7,H,TAO,NULL,NULL
桃園市大園區大海里,68,桃園市,68000060,大園區,337,68000060008,大海里,160,6,8,H,TAO,NULL,NULL
桃園市大園區三石里,68,桃園市,68000060,大園區,337,68000060010,三石里,160,6,10,H,TAO,NULL,NULL
桃園市大園區菓林里,68,桃園市,68000060,大園區,337,68000060011,菓林里,160,6,11,H,TAO,NULL,NULL
桃園市大園區竹圍里,68,桃園市,68000060,大園區,337,68000060012,竹圍里,160,6,12,H,TAO,NULL,NULL
桃園市大園區海口里,68,桃園市,68000060,大園區,337,68000060013,海口里,160,6,13,H,TAO,NULL,NULL
桃園市大園區沙崙里,68,桃園市,68000060,大園區,337,68000060014,沙崙里,160,6,14,H,TAO,NULL,NULL
桃園市大園區後厝里,68,桃園市,68000060,大園區,337,68000060015,後厝里,160,6,15,H,TAO,NULL,NULL
桃園市大園區圳頭里,68,桃園市,68000060,大園區,337,68000060016,圳頭里,160,6,16,H,TAO,NULL,NULL
桃園市大園區內海里,68,桃園市,68000060,大園區,337,68000060017,內海里,160,6,17,H,TAO,NULL,NULL
桃園市大園區北港里,68,桃園市,68000060,大園區,337,68000060018,北港里,160,6,18,H,TAO,NULL,NULL
桃園市大園區南港里,68,桃園市,68000060,大園區,337,68000060019,南港里,160,6,19,H,TAO,NULL,NULL
桃園市大園區青峰里,68,桃園市,68000060,大園區,337,68000060020,青峰里,160,6,20,H,TAO,NULL,NULL
桃園市大園區青山里,68,桃園市,68000060,大園區,337,68000060021,青山里,160,6,21,H,TAO,NULL,NULL
桃園市大園區新南里,68,桃園市,68000060,大園區,337,68000060022,新南里,160,6,22,H,TAO,NULL,NULL
桃園市大園區仁德里,68,桃園市,68000060,大園區,337,68000060023,仁德里,160,6,23,H,TAO,NULL,NULL
桃園市龜山區楓樹里,68,桃園市,68000070,龜山區,333,68000070001,楓樹里,160,7,1,H,TAO,NULL,NULL
桃園市龜山區龜山里,68,桃園市,68000070,龜山區,333,68000070002,龜山里,160,7,2,H,TAO,NULL,NULL
桃園市龜山區兔坑里,68,桃園市,68000070,龜山區,333,68000070003,兔坑里,160,7,3,H,TAO,NULL,NULL
桃園市龜山區大同里,68,桃園市,68000070,龜山區,333,68000070004,大同里,160,7,4,H,TAO,NULL,NULL
桃園市龜山區山福里,68,桃園市,68000070,龜山區,333,68000070005,山福里,160,7,5,H,TAO,NULL,NULL
桃園市龜山區山頂里,68,桃園市,68000070,龜山區,333,68000070006,山頂里,160,7,6,H,TAO,NULL,NULL
桃園市龜山區陸光里,68,桃園市,68000070,龜山區,333,68000070007,陸光里,160,7,7,H,TAO,NULL,NULL
桃園市龜山區精忠里,68,桃園市,68000070,龜山區,333,68000070008,精忠里,160,7,8,H,TAO,NULL,NULL
桃園市龜山區公西里,68,桃園市,68000070,龜山區,333,68000070009,公西里,160,7,9,H,TAO,NULL,NULL
桃園市龜山區樂善里,68,桃園市,68000070,龜山區,333,68000070010,樂善里,160,7,10,H,TAO,NULL,NULL
桃園市龜山區南上里,68,桃園市,68000070,龜山區,333,68000070011,南上里,160,7,11,H,TAO,NULL,NULL
桃園市龜山區大坑里,68,桃園市,68000070,龜山區,333,68000070012,大坑里,160,7,12,H,TAO,NULL,NULL
桃園市龜山區中興里,68,桃園市,68000070,龜山區,333,68000070013,中興里,160,7,13,H,TAO,NULL,NULL
桃園市龜山區山德里,68,桃園市,68000070,龜山區,333,68000070014,山德里,160,7,14,H,TAO,NULL,NULL
桃園市龜山區新路里,68,桃園市,68000070,龜山區,333,68000070015,新路里,160,7,15,H,TAO,NULL,NULL
桃園市龜山區嶺頂里,68,桃園市,68000070,龜山區,333,68000070016,嶺頂里,160,7,16,H,TAO,NULL,NULL
桃園市龜山區龍壽里,68,桃園市,68000070,龜山區,333,68000070017,龍壽里,160,7,17,H,TAO,NULL,NULL
桃園市龜山區舊路里,68,桃園市,68000070,龜山區,333,68000070018,舊路里,160,7,18,H,TAO,NULL,NULL
桃園市龜山區大崗里,68,桃園市,68000070,龜山區,333,68000070019,大崗里,160,7,19,H,TAO,NULL,NULL
桃園市龜山區文化里,68,桃園市,68000070,龜山區,333,68000070020,文化里,160,7,20,H,TAO,NULL,NULL
桃園市龜山區南美里,68,桃園市,68000070,龜山區,333,68000070021,南美里,160,7,21,H,TAO,NULL,NULL
桃園市龜山區幸福里,68,桃園市,68000070,龜山區,333,68000070022,幸福里,160,7,22,H,TAO,NULL,NULL
桃園市龜山區福源里,68,桃園市,68000070,龜山區,333,68000070023,福源里,160,7,23,H,TAO,NULL,NULL
桃園市龜山區龍華里,68,桃園市,68000070,龜山區,333,68000070024,龍華里,160,7,24,H,TAO,NULL,NULL
桃園市龜山區迴龍里,68,桃園市,68000070,龜山區,333,68000070025,迴龍里,160,7,25,H,TAO,NULL,NULL
桃園市龜山區新嶺里,68,桃園市,68000070,龜山區,333,68000070026,新嶺里,160,7,26,H,TAO,NULL,NULL
桃園市龜山區大湖里,68,桃園市,68000070,龜山區,333,68000070027,大湖里,160,7,27,H,TAO,NULL,NULL
桃園市龜山區大華里,68,桃園市,68000070,龜山區,333,68000070028,大華里,160,7,28,H,TAO,NULL,NULL
桃園市龜山區長庚里,68,桃園市,68000070,龜山區,333,68000070029,長庚里,160,7,29,H,TAO,NULL,NULL
桃園市龜山區新興里,68,桃園市,68000070,龜山區,333,68000070030,新興里,160,7,30,H,TAO,NULL,NULL
桃園市龜山區文青里,68,桃園市,68000070,龜山區,333,68000070031,文青里,160,7,31,H,TAO,NULL,NULL
桃園市龜山區楓福里,68,桃園市,68000070,龜山區,333,68000070032,楓福里,160,7,32,H,TAO,NULL,NULL
桃園市龜山區文藝里,68,桃園市,68000070,龜山區,333,68000070033,文藝里,160,7,33,H,TAO,NULL,NULL
桃園市龜山區文桃里,68,桃園市,68000070,龜山區,333,68000070034,文桃里,160,7,34,H,TAO,NULL,NULL
桃園市龜山區文樂里,68,桃園市,68000070,龜山區,333,68000070035,文樂里,160,7,35,H,TAO,NULL,NULL
桃園市龜山區長樂里,68,桃園市,68000070,龜山區,333,68000070036,長樂里,160,7,36,H,TAO,NULL,NULL
桃園市八德區興仁里,68,桃園市,68000080,八德區,334,68000080001,興仁里,160,8,1,H,TAO,NULL,NULL
桃園市八德區福興里,68,桃園市,68000080,八德區,334,68000080002,福興里,160,8,2,H,TAO,NULL,NULL
桃園市八德區瑞豐里,68,桃園市,68000080,八德區,334,68000080003,瑞豐里,160,8,3,H,TAO,NULL,NULL
桃園市八德區瑞發里,68,桃園市,68000080,八德區,334,68000080004,瑞發里,160,8,4,H,TAO,NULL,NULL
桃園市八德區瑞德里,68,桃園市,68000080,八德區,334,68000080005,瑞德里,160,8,5,H,TAO,NULL,NULL
桃園市八德區瑞祥里,68,桃園市,68000080,八德區,334,68000080006,瑞祥里,160,8,6,H,TAO,NULL,NULL
桃園市八德區廣興里,68,桃園市,68000080,八德區,334,68000080007,廣興里,160,8,7,H,TAO,NULL,NULL
桃園市八德區廣隆里,68,桃園市,68000080,八德區,334,68000080008,廣隆里,160,8,8,H,TAO,NULL,NULL
桃園市八德區竹園里,68,桃園市,68000080,八德區,334,68000080009,竹園里,160,8,9,H,TAO,NULL,NULL
桃園市八德區霄裡里,68,桃園市,68000080,八德區,334,68000080010,霄裡里,160,8,10,H,TAO,NULL,NULL
桃園市八德區茄苳里,68,桃園市,68000080,八德區,334,68000080011,茄苳里,160,8,11,H,TAO,NULL,NULL
桃園市八德區高明里,68,桃園市,68000080,八德區,334,68000080012,高明里,160,8,12,H,TAO,NULL,NULL
桃園市八德區白鷺里,68,桃園市,68000080,八德區,334,68000080013,白鷺里,160,8,13,H,TAO,NULL,NULL
桃園市八德區大湳里,68,桃園市,68000080,八德區,334,68000080014,大湳里,160,8,14,H,TAO,NULL,NULL
桃園市八德區大安里,68,桃園市,68000080,八德區,334,68000080015,大安里,160,8,15,H,TAO,NULL,NULL
桃園市八德區大興里,68,桃園市,68000080,八德區,334,68000080016,大興里,160,8,16,H,TAO,NULL,NULL
桃園市八德區大和里,68,桃園市,68000080,八德區,334,68000080017,大和里,160,8,17,H,TAO,NULL,NULL
桃園市八德區大同里,68,桃園市,68000080,八德區,334,68000080018,大同里,160,8,18,H,TAO,NULL,NULL
桃園市八德區大成里,68,桃園市,68000080,八德區,334,68000080019,大成里,160,8,19,H,TAO,NULL,NULL
桃園市八德區大義里,68,桃園市,68000080,八德區,334,68000080020,大義里,160,8,20,H,TAO,NULL,NULL
桃園市八德區大忠里,68,桃園市,68000080,八德區,334,68000080021,大忠里,160,8,21,H,TAO,NULL,NULL
桃園市八德區大福里,68,桃園市,68000080,八德區,334,68000080022,大福里,160,8,22,H,TAO,NULL,NULL
桃園市八德區大勇里,68,桃園市,68000080,八德區,334,68000080023,大勇里,160,8,23,H,TAO,NULL,NULL
桃園市八德區大信里,68,桃園市,68000080,八德區,334,68000080024,大信里,160,8,24,H,TAO,NULL,NULL
桃園市八德區大華里,68,桃園市,68000080,八德區,334,68000080025,大華里,160,8,25,H,TAO,NULL,NULL
桃園市八德區大仁里,68,桃園市,68000080,八德區,334,68000080026,大仁里,160,8,26,H,TAO,NULL,NULL
桃園市八德區大智里,68,桃園市,68000080,八德區,334,68000080027,大智里,160,8,27,H,TAO,NULL,NULL
桃園市八德區瑞泰里,68,桃園市,68000080,八德區,334,68000080028,瑞泰里,160,8,28,H,TAO,NULL,NULL
桃園市八德區大昌里,68,桃園市,68000080,八德區,334,68000080029,大昌里,160,8,29,H,TAO,NULL,NULL
桃園市八德區大正里,68,桃園市,68000080,八德區,334,68000080030,大正里,160,8,30,H,TAO,NULL,NULL
桃園市八德區大強里,68,桃園市,68000080,八德區,334,68000080031,大強里,160,8,31,H,TAO,NULL,NULL
桃園市八德區大發里,68,桃園市,68000080,八德區,334,68000080032,大發里,160,8,32,H,TAO,NULL,NULL
桃園市八德區大明里,68,桃園市,68000080,八德區,334,68000080033,大明里,160,8,33,H,TAO,NULL,NULL
桃園市八德區大竹里,68,桃園市,68000080,八德區,334,68000080034,大竹里,160,8,34,H,TAO,NULL,NULL
桃園市八德區大慶里,68,桃園市,68000080,八德區,334,68000080035,大慶里,160,8,35,H,TAO,NULL,NULL
桃園市八德區大千里,68,桃園市,68000080,八德區,334,68000080036,大千里,160,8,36,H,TAO,NULL,NULL
桃園市八德區大榮里,68,桃園市,68000080,八德區,334,68000080037,大榮里,160,8,37,H,TAO,NULL,NULL
桃園市八德區茄明里,68,桃園市,68000080,八德區,334,68000080038,茄明里,160,8,38,H,TAO,NULL,NULL
桃園市八德區高城里,68,桃園市,68000080,八德區,334,68000080039,高城里,160,8,39,H,TAO,NULL,NULL
桃園市八德區瑞興里,68,桃園市,68000080,八德區,334,68000080040,瑞興里,160,8,40,H,TAO,NULL,NULL
桃園市八德區大愛里,68,桃園市,68000080,八德區,334,68000080041,大愛里,160,8,41,H,TAO,NULL,NULL
桃園市八德區大宏里,68,桃園市,68000080,八德區,334,68000080042,大宏里,160,8,42,H,TAO,NULL,NULL
桃園市八德區大漢里,68,桃園市,68000080,八德區,334,68000080043,大漢里,160,8,43,H,TAO,NULL,NULL
桃園市八德區廣德里,68,桃園市,68000080,八德區,334,68000080044,廣德里,160,8,44,H,TAO,NULL,NULL
桃園市八德區龍友里,68,桃園市,68000080,八德區,334,68000080045,龍友里,160,8,45,H,TAO,NULL,NULL
桃園市八德區陸光里,68,桃園市,68000080,八德區,334,68000080046,陸光里,160,8,46,H,TAO,NULL,NULL
桃園市八德區永豐里,68,桃園市,68000080,八德區,334,68000080047,永豐里,160,8,47,H,TAO,NULL,NULL
桃園市八德區大順里,68,桃園市,68000080,八德區,334,68000080048,大順里,160,8,48,H,TAO,NULL,NULL
桃園市八德區福元里,68,桃園市,68000080,八德區,334,68000080049,福元里,160,8,49,H,TAO,NULL,NULL
桃園市八德區福德里,68,桃園市,68000080,八德區,334,68000080050,福德里,160,8,50,H,TAO,NULL,NULL
桃園市八德區興中里,68,桃園市,68000080,八德區,334,68000080051,興中里,160,8,51,H,TAO,NULL,NULL
桃園市八德區大盛里,68,桃園市,68000080,八德區,334,68000080052,大盛里,160,8,52,H,TAO,NULL,NULL
桃園市龍潭區黃唐里,68,桃園市,68000090,龍潭區,325,68000090001,黃唐里,160,9,1,H,TAO,NULL,NULL
桃園市龍潭區中山里,68,桃園市,68000090,龍潭區,325,68000090002,中山里,160,9,2,H,TAO,NULL,NULL
桃園市龍潭區烏林里,68,桃園市,68000090,龍潭區,325,68000090003,烏林里,160,9,3,H,TAO,NULL,NULL
桃園市龍潭區高平里,68,桃園市,68000090,龍潭區,325,68000090004,高平里,160,9,4,H,TAO,NULL,NULL
桃園市龍潭區凌雲里,68,桃園市,68000090,龍潭區,325,68000090006,凌雲里,160,9,6,H,TAO,NULL,NULL
桃園市龍潭區八德里,68,桃園市,68000090,龍潭區,325,68000090007,八德里,160,9,7,H,TAO,NULL,NULL
桃園市龍潭區三水里,68,桃園市,68000090,龍潭區,325,68000090008,三水里,160,9,8,H,TAO,NULL,NULL
桃園市龍潭區上林里,68,桃園市,68000090,龍潭區,325,68000090009,上林里,160,9,9,H,TAO,NULL,NULL
桃園市龍潭區中正里,68,桃園市,68000090,龍潭區,325,68000090010,中正里,160,9,10,H,TAO,NULL,NULL
桃園市龍潭區龍潭里,68,桃園市,68000090,龍潭區,325,68000090011,龍潭里,160,9,11,H,TAO,NULL,NULL
桃園市龍潭區高原里,68,桃園市,68000090,龍潭區,325,68000090012,高原里,160,9,12,H,TAO,NULL,NULL
桃園市龍潭區九龍里,68,桃園市,68000090,龍潭區,325,68000090013,九龍里,160,9,13,H,TAO,NULL,NULL
桃園市龍潭區中興里,68,桃園市,68000090,龍潭區,325,68000090014,中興里,160,9,14,H,TAO,NULL,NULL
桃園市龍潭區佳安里,68,桃園市,68000090,龍潭區,325,68000090015,佳安里,160,9,15,H,TAO,NULL,NULL
桃園市龍潭區三和里,68,桃園市,68000090,龍潭區,325,68000090016,三和里,160,9,16,H,TAO,NULL,NULL
桃園市龍潭區三坑里,68,桃園市,68000090,龍潭區,325,68000090017,三坑里,160,9,17,H,TAO,NULL,NULL
桃園市龍潭區大平里,68,桃園市,68000090,龍潭區,325,68000090018,大平里,160,9,18,H,TAO,NULL,NULL
桃園市龍潭區三林里,68,桃園市,68000090,龍潭區,325,68000090019,三林里,160,9,19,H,TAO,NULL,NULL
桃園市龍潭區永興里,68,桃園市,68000090,龍潭區,325,68000090020,永興里,160,9,20,H,TAO,NULL,NULL
桃園市龍潭區烏樹林里,68,桃園市,68000090,龍潭區,325,68000090021,烏樹林里,160,9,21,H,TAO,NULL,NULL
桃園市龍潭區百年里,68,桃園市,68000090,龍潭區,325,68000090022,百年里,160,9,22,H,TAO,NULL,NULL
桃園市龍潭區龍祥里,68,桃園市,68000090,龍潭區,325,68000090023,龍祥里,160,9,23,H,TAO,NULL,NULL
桃園市龍潭區聖德里,68,桃園市,68000090,龍潭區,325,68000090024,聖德里,160,9,24,H,TAO,NULL,NULL
桃園市龍潭區龍星里,68,桃園市,68000090,龍潭區,325,68000090025,龍星里,160,9,25,H,TAO,NULL,NULL
桃園市龍潭區上華里,68,桃園市,68000090,龍潭區,325,68000090026,上華里,160,9,26,H,TAO,NULL,NULL
桃園市龍潭區武漢里,68,桃園市,68000090,龍潭區,325,68000090027,武漢里,160,9,27,H,TAO,NULL,NULL
桃園市龍潭區東興里,68,桃園市,68000090,龍潭區,325,68000090028,東興里,160,9,28,H,TAO,NULL,NULL
桃園市龍潭區北興里,68,桃園市,68000090,龍潭區,325,68000090029,北興里,160,9,29,H,TAO,NULL,NULL
桃園市龍潭區建林里,68,桃園市,68000090,龍潭區,325,68000090030,建林里,160,9,30,H,TAO,NULL,NULL
桃園市龍潭區富林里,68,桃園市,68000090,龍潭區,325,68000090031,富林里,160,9,31,H,TAO,NULL,NULL
桃園市龍潭區祥和里,68,桃園市,68000090,龍潭區,325,68000090032,祥和里,160,9,32,H,TAO,NULL,NULL
桃園市龍潭區渴望里,68,桃園市,68000090,龍潭區,325,68000090033,渴望里,160,9,33,H,TAO,NULL,NULL
桃園市平鎮區雙連里,68,桃園市,68000100,平鎮區,324,68000100001,雙連里,160,10,1,H,TAO,NULL,NULL
桃園市平鎮區高雙里,68,桃園市,68000100,平鎮區,324,68000100002,高雙里,160,10,2,H,TAO,NULL,NULL
桃園市平鎮區復旦里,68,桃園市,68000100,平鎮區,324,68000100003,復旦里,160,10,3,H,TAO,NULL,NULL
桃園市平鎮區廣興里,68,桃園市,68000100,平鎮區,324,68000100004,廣興里,160,10,4,H,TAO,NULL,NULL
桃園市平鎮區義民里,68,桃園市,68000100,平鎮區,324,68000100005,義民里,160,10,5,H,TAO,NULL,NULL
桃園市平鎮區宋屋里,68,桃園市,68000100,平鎮區,324,68000100006,宋屋里,160,10,6,H,TAO,NULL,NULL
桃園市平鎮區新勢里,68,桃園市,68000100,平鎮區,324,68000100007,新勢里,160,10,7,H,TAO,NULL,NULL
桃園市平鎮區新富里,68,桃園市,68000100,平鎮區,324,68000100008,新富里,160,10,8,H,TAO,NULL,NULL
桃園市平鎮區北勢里,68,桃園市,68000100,平鎮區,324,68000100009,北勢里,160,10,9,H,TAO,NULL,NULL
桃園市平鎮區北興里,68,桃園市,68000100,平鎮區,324,68000100010,北興里,160,10,10,H,TAO,NULL,NULL
桃園市平鎮區北貴里,68,桃園市,68000100,平鎮區,324,68000100011,北貴里,160,10,11,H,TAO,NULL,NULL
桃園市平鎮區平鎮里,68,桃園市,68000100,平鎮區,324,68000100012,平鎮里,160,10,12,H,TAO,NULL,NULL
桃園市平鎮區南勢里,68,桃園市,68000100,平鎮區,324,68000100013,南勢里,160,10,13,H,TAO,NULL,NULL
桃園市平鎮區莊敬里,68,桃園市,68000100,平鎮區,324,68000100014,莊敬里,160,10,14,H,TAO,NULL,NULL
桃園市平鎮區山峰里,68,桃園市,68000100,平鎮區,324,68000100015,山峰里,160,10,15,H,TAO,NULL,NULL
桃園市平鎮區湧光里,68,桃園市,68000100,平鎮區,324,68000100016,湧光里,160,10,16,H,TAO,NULL,NULL
桃園市平鎮區龍恩里,68,桃園市,68000100,平鎮區,324,68000100017,龍恩里,160,10,17,H,TAO,NULL,NULL
桃園市平鎮區東社里,68,桃園市,68000100,平鎮區,324,68000100018,東社里,160,10,18,H,TAO,NULL,NULL
桃園市平鎮區龍興里,68,桃園市,68000100,平鎮區,324,68000100019,龍興里,160,10,19,H,TAO,NULL,NULL
桃園市平鎮區貿易里,68,桃園市,68000100,平鎮區,324,68000100020,貿易里,160,10,20,H,TAO,NULL,NULL
桃園市平鎮區忠貞里,68,桃園市,68000100,平鎮區,324,68000100021,忠貞里,160,10,21,H,TAO,NULL,NULL
桃園市平鎮區中正里,68,桃園市,68000100,平鎮區,324,68000100022,中正里,160,10,22,H,TAO,NULL,NULL
桃園市平鎮區建安里,68,桃園市,68000100,平鎮區,324,68000100023,建安里,160,10,23,H,TAO,NULL,NULL
桃園市平鎮區東勢里,68,桃園市,68000100,平鎮區,324,68000100024,東勢里,160,10,24,H,TAO,NULL,NULL
桃園市平鎮區東安里,68,桃園市,68000100,平鎮區,324,68000100025,東安里,160,10,25,H,TAO,NULL,NULL
桃園市平鎮區新安里,68,桃園市,68000100,平鎮區,324,68000100026,新安里,160,10,26,H,TAO,NULL,NULL
桃園市平鎮區鎮興里,68,桃園市,68000100,平鎮區,324,68000100027,鎮興里,160,10,27,H,TAO,NULL,NULL
桃園市平鎮區義興里,68,桃園市,68000100,平鎮區,324,68000100028,義興里,160,10,28,H,TAO,NULL,NULL
桃園市平鎮區湧豐里,68,桃園市,68000100,平鎮區,324,68000100029,湧豐里,160,10,29,H,TAO,NULL,NULL
桃園市平鎮區湧安里,68,桃園市,68000100,平鎮區,324,68000100030,湧安里,160,10,30,H,TAO,NULL,NULL
桃園市平鎮區廣達里,68,桃園市,68000100,平鎮區,324,68000100031,廣達里,160,10,31,H,TAO,NULL,NULL
桃園市平鎮區福林里,68,桃園市,68000100,平鎮區,324,68000100032,福林里,160,10,32,H,TAO,NULL,NULL
桃園市平鎮區金星里,68,桃園市,68000100,平鎮區,324,68000100033,金星里,160,10,33,H,TAO,NULL,NULL
桃園市平鎮區廣仁里,68,桃園市,68000100,平鎮區,324,68000100034,廣仁里,160,10,34,H,TAO,NULL,NULL
桃園市平鎮區新貴里,68,桃園市,68000100,平鎮區,324,68000100035,新貴里,160,10,35,H,TAO,NULL,NULL
桃園市平鎮區北富里,68,桃園市,68000100,平鎮區,324,68000100036,北富里,160,10,36,H,TAO,NULL,NULL
桃園市平鎮區新榮里,68,桃園市,68000100,平鎮區,324,68000100037,新榮里,160,10,37,H,TAO,NULL,NULL
桃園市平鎮區華安里,68,桃園市,68000100,平鎮區,324,68000100038,華安里,160,10,38,H,TAO,NULL,NULL
桃園市平鎮區金陵里,68,桃園市,68000100,平鎮區,324,68000100039,金陵里,160,10,39,H,TAO,NULL,NULL
桃園市平鎮區北安里,68,桃園市,68000100,平鎮區,324,68000100040,北安里,160,10,40,H,TAO,NULL,NULL
桃園市平鎮區北華里,68,桃園市,68000100,平鎮區,324,68000100041,北華里,160,10,41,H,TAO,NULL,NULL
桃園市平鎮區復興里,68,桃園市,68000100,平鎮區,324,68000100042,復興里,160,10,42,H,TAO,NULL,NULL
桃園市平鎮區平興里,68,桃園市,68000100,平鎮區,324,68000100043,平興里,160,10,43,H,TAO,NULL,NULL
桃園市平鎮區新英里,68,桃園市,68000100,平鎮區,324,68000100044,新英里,160,10,44,H,TAO,NULL,NULL
桃園市平鎮區平安里,68,桃園市,68000100,平鎮區,324,68000100045,平安里,160,10,45,H,TAO,NULL,NULL
桃園市平鎮區平南里,68,桃園市,68000100,平鎮區,324,68000100046,平南里,160,10,46,H,TAO,NULL,NULL
桃園市新屋區新屋里,68,桃園市,68000110,新屋區,327,68000110001,新屋里,160,11,1,H,TAO,NULL,NULL
桃園市新屋區新生里,68,桃園市,68000110,新屋區,327,68000110002,新生里,160,11,2,H,TAO,NULL,NULL
桃園市新屋區後湖里,68,桃園市,68000110,新屋區,327,68000110003,後湖里,160,11,3,H,TAO,NULL,NULL
桃園市新屋區清華里,68,桃園市,68000110,新屋區,327,68000110004,清華里,160,11,4,H,TAO,NULL,NULL
桃園市新屋區頭洲里,68,桃園市,68000110,新屋區,327,68000110005,頭洲里,160,11,5,H,TAO,NULL,NULL
桃園市新屋區埔頂里,68,桃園市,68000110,新屋區,327,68000110006,埔頂里,160,11,6,H,TAO,NULL,NULL
桃園市新屋區九斗里,68,桃園市,68000110,新屋區,327,68000110007,九斗里,160,11,7,H,TAO,NULL,NULL
桃園市新屋區社子里,68,桃園市,68000110,新屋區,327,68000110008,社子里,160,11,8,H,TAO,NULL,NULL
桃園市新屋區東明里,68,桃園市,68000110,新屋區,327,68000110009,東明里,160,11,9,H,TAO,NULL,NULL
桃園市新屋區石磊里,68,桃園市,68000110,新屋區,327,68000110010,石磊里,160,11,10,H,TAO,NULL,NULL
桃園市新屋區下埔里,68,桃園市,68000110,新屋區,327,68000110011,下埔里,160,11,11,H,TAO,NULL,NULL
桃園市新屋區下田里,68,桃園市,68000110,新屋區,327,68000110012,下田里,160,11,12,H,TAO,NULL,NULL
桃園市新屋區石牌里,68,桃園市,68000110,新屋區,327,68000110013,石牌里,160,11,13,H,TAO,NULL,NULL
桃園市新屋區赤欄里,68,桃園市,68000110,新屋區,327,68000110014,赤欄里,160,11,14,H,TAO,NULL,NULL
桃園市新屋區永興里,68,桃園市,68000110,新屋區,327,68000110015,永興里,160,11,15,H,TAO,NULL,NULL
桃園市新屋區永安里,68,桃園市,68000110,新屋區,327,68000110016,永安里,160,11,16,H,TAO,NULL,NULL
桃園市新屋區笨港里,68,桃園市,68000110,新屋區,327,68000110017,笨港里,160,11,17,H,TAO,NULL,NULL
桃園市新屋區深圳里,68,桃園市,68000110,新屋區,327,68000110018,深圳里,160,11,18,H,TAO,NULL,NULL
桃園市新屋區蚵間里,68,桃園市,68000110,新屋區,327,68000110019,蚵間里,160,11,19,H,TAO,NULL,NULL
桃園市新屋區槺榔里,68,桃園市,68000110,新屋區,327,68000110020,槺榔里,160,11,20,H,TAO,NULL,NULL
桃園市新屋區後庄里,68,桃園市,68000110,新屋區,327,68000110021,後庄里,160,11,21,H,TAO,NULL,NULL
桃園市新屋區大坡里,68,桃園市,68000110,新屋區,327,68000110022,大坡里,160,11,22,H,TAO,NULL,NULL
桃園市新屋區望間里,68,桃園市,68000110,新屋區,327,68000110023,望間里,160,11,23,H,TAO,NULL,NULL
桃園市觀音區觀音里,68,桃園市,68000120,觀音區,328,68000120001,觀音里,160,12,1,H,TAO,NULL,NULL
桃園市觀音區白玉里,68,桃園市,68000120,觀音區,328,68000120002,白玉里,160,12,2,H,TAO,NULL,NULL
桃園市觀音區廣興里,68,桃園市,68000120,觀音區,328,68000120003,廣興里,160,12,3,H,TAO,NULL,NULL
桃園市觀音區大潭里,68,桃園市,68000120,觀音區,328,68000120004,大潭里,160,12,4,H,TAO,NULL,NULL
桃園市觀音區武威里,68,桃園市,68000120,觀音區,328,68000120005,武威里,160,12,5,H,TAO,NULL,NULL
桃園市觀音區保生里,68,桃園市,68000120,觀音區,328,68000120006,保生里,160,12,6,H,TAO,NULL,NULL
桃園市觀音區三和里,68,桃園市,68000120,觀音區,328,68000120007,三和里,160,12,7,H,TAO,NULL,NULL
桃園市觀音區新興里,68,桃園市,68000120,觀音區,328,68000120008,新興里,160,12,8,H,TAO,NULL,NULL
桃園市觀音區坑尾里,68,桃園市,68000120,觀音區,328,68000120009,坑尾里,160,12,9,H,TAO,NULL,NULL
桃園市觀音區金湖里,68,桃園市,68000120,觀音區,328,68000120010,金湖里,160,12,10,H,TAO,NULL,NULL
桃園市觀音區藍埔里,68,桃園市,68000120,觀音區,328,68000120011,藍埔里,160,12,11,H,TAO,NULL,NULL
桃園市觀音區大同里,68,桃園市,68000120,觀音區,328,68000120012,大同里,160,12,12,H,TAO,NULL,NULL
桃園市觀音區大堀里,68,桃園市,68000120,觀音區,328,68000120013,大堀里,160,12,13,H,TAO,NULL,NULL
桃園市觀音區崙坪里,68,桃園市,68000120,觀音區,328,68000120014,崙坪里,160,12,14,H,TAO,NULL,NULL
桃園市觀音區富源里,68,桃園市,68000120,觀音區,328,68000120015,富源里,160,12,15,H,TAO,NULL,NULL
桃園市觀音區上大里,68,桃園市,68000120,觀音區,328,68000120016,上大里,160,12,16,H,TAO,NULL,NULL
桃園市觀音區新坡里,68,桃園市,68000120,觀音區,328,68000120017,新坡里,160,12,17,H,TAO,NULL,NULL
桃園市觀音區廣福里,68,桃園市,68000120,觀音區,328,68000120018,廣福里,160,12,18,H,TAO,NULL,NULL
桃園市觀音區塔腳里,68,桃園市,68000120,觀音區,328,68000120019,塔腳里,160,12,19,H,TAO,NULL,NULL
桃園市觀音區保障里,68,桃園市,68000120,觀音區,328,68000120020,保障里,160,12,20,H,TAO,NULL,NULL
桃園市觀音區草漯里,68,桃園市,68000120,觀音區,328,68000120021,草漯里,160,12,21,H,TAO,NULL,NULL
桃園市觀音區樹林里,68,桃園市,68000120,觀音區,328,68000120022,樹林里,160,12,22,H,TAO,NULL,NULL
桃園市觀音區富林里,68,桃園市,68000120,觀音區,328,68000120023,富林里,160,12,23,H,TAO,NULL,NULL
桃園市觀音區草新里,68,桃園市,68000120,觀音區,328,68000120024,草新里,160,12,24,H,TAO,NULL,NULL
桃園市復興區三民里,68,桃園市,68000130,復興區,336,68000130001,三民里,160,13,1,H,TAO,NULL,NULL
桃園市復興區澤仁里,68,桃園市,68000130,復興區,336,68000130002,澤仁里,160,13,2,H,TAO,NULL,NULL
桃園市復興區義盛里,68,桃園市,68000130,復興區,336,68000130003,義盛里,160,13,3,H,TAO,NULL,NULL
桃園市復興區霞雲里,68,桃園市,68000130,復興區,336,68000130004,霞雲里,160,13,4,H,TAO,NULL,NULL
桃園市復興區長興里,68,桃園市,68000130,復興區,336,68000130005,長興里,160,13,5,H,TAO,NULL,NULL
桃園市復興區三光里,68,桃園市,68000130,復興區,336,68000130006,三光里,160,13,6,H,TAO,NULL,NULL
桃園市復興區奎輝里,68,桃園市,68000130,復興區,336,68000130007,奎輝里,160,13,7,H,TAO,NULL,NULL
桃園市復興區華陵里,68,桃園市,68000130,復興區,336,68000130008,華陵里,160,13,8,H,TAO,NULL,NULL
桃園市復興區羅浮里,68,桃園市,68000130,復興區,336,68000130009,羅浮里,160,13,9,H,TAO,NULL,NULL
桃園市復興區高義里,68,桃園市,68000130,復興區,336,68000130010,高義里,160,13,10,H,TAO,NULL,NULL
基隆市中正區德義里,10017,基隆市,10017010,中正區,202,10017010001,德義里,200,701,1,C,KEE,NULL,NULL
基隆市中正區正義里,10017,基隆市,10017010,中正區,202,10017010002,正義里,200,701,2,C,KEE,NULL,NULL
基隆市中正區信義里,10017,基隆市,10017010,中正區,202,10017010003,信義里,200,701,3,C,KEE,NULL,NULL
基隆市中正區義重里,10017,基隆市,10017010,中正區,202,10017010004,義重里,200,701,4,C,KEE,NULL,NULL
基隆市中正區港通里,10017,基隆市,10017010,中正區,202,10017010005,港通里,200,701,5,C,KEE,NULL,NULL
基隆市中正區中船里,10017,基隆市,10017010,中正區,202,10017010006,中船里,200,701,6,C,KEE,NULL,NULL
基隆市中正區正船里,10017,基隆市,10017010,中正區,202,10017010007,正船里,200,701,7,C,KEE,NULL,NULL
基隆市中正區入船里,10017,基隆市,10017010,中正區,202,10017010008,入船里,200,701,8,C,KEE,NULL,NULL
基隆市中正區中砂里,10017,基隆市,10017010,中正區,202,10017010009,中砂里,200,701,9,C,KEE,NULL,NULL
基隆市中正區正砂里,10017,基隆市,10017010,中正區,202,10017010010,正砂里,200,701,10,C,KEE,NULL,NULL
基隆市中正區真砂里,10017,基隆市,10017010,中正區,202,10017010011,真砂里,200,701,11,C,KEE,NULL,NULL
基隆市中正區砂灣里,10017,基隆市,10017010,中正區,202,10017010012,砂灣里,200,701,12,C,KEE,NULL,NULL
基隆市中正區建國里,10017,基隆市,10017010,中正區,202,10017010013,建國里,200,701,13,C,KEE,NULL,NULL
基隆市中正區中濱里,10017,基隆市,10017010,中正區,202,10017010014,中濱里,200,701,14,C,KEE,NULL,NULL
基隆市中正區海濱里,10017,基隆市,10017010,中正區,202,10017010015,海濱里,200,701,15,C,KEE,NULL,NULL
基隆市中正區社寮里,10017,基隆市,10017010,中正區,202,10017010016,社寮里,200,701,16,C,KEE,NULL,NULL
基隆市中正區和憲里,10017,基隆市,10017010,中正區,202,10017010017,和憲里,200,701,17,C,KEE,NULL,NULL
基隆市中正區平寮里,10017,基隆市,10017010,中正區,202,10017010018,平寮里,200,701,18,C,KEE,NULL,NULL
基隆市中正區八斗里,10017,基隆市,10017010,中正區,202,10017010019,八斗里,200,701,19,C,KEE,NULL,NULL
基隆市中正區碧砂里,10017,基隆市,10017010,中正區,202,10017010020,碧砂里,200,701,20,C,KEE,NULL,NULL
基隆市中正區長潭里,10017,基隆市,10017010,中正區,202,10017010021,長潭里,200,701,21,C,KEE,NULL,NULL
基隆市中正區砂子里,10017,基隆市,10017010,中正區,202,10017010022,砂子里,200,701,22,C,KEE,NULL,NULL
基隆市中正區中正里,10017,基隆市,10017010,中正區,202,10017010023,中正里,200,701,23,C,KEE,NULL,NULL
基隆市中正區正濱里,10017,基隆市,10017010,中正區,202,10017010024,正濱里,200,701,24,C,KEE,NULL,NULL
基隆市中正區新豐里,10017,基隆市,10017010,中正區,202,10017010025,新豐里,200,701,25,C,KEE,NULL,NULL
基隆市中正區新富里,10017,基隆市,10017010,中正區,202,10017010026,新富里,200,701,26,C,KEE,NULL,NULL
基隆市七堵區長興里,10017,基隆市,10017020,七堵區,206,10017020001,長興里,200,702,1,C,KEE,NULL,NULL
基隆市七堵區正光里,10017,基隆市,10017020,七堵區,206,10017020002,正光里,200,702,2,C,KEE,NULL,NULL
基隆市七堵區富民里,10017,基隆市,10017020,七堵區,206,10017020003,富民里,200,702,3,C,KEE,NULL,NULL
基隆市七堵區永平里,10017,基隆市,10017020,七堵區,206,10017020004,永平里,200,702,4,C,KEE,NULL,NULL
基隆市七堵區永安里,10017,基隆市,10017020,七堵區,206,10017020005,永安里,200,702,5,C,KEE,NULL,NULL
基隆市七堵區八德里,10017,基隆市,10017020,七堵區,206,10017020006,八德里,200,702,6,C,KEE,NULL,NULL
基隆市七堵區自強里,10017,基隆市,10017020,七堵區,206,10017020007,自強里,200,702,7,C,KEE,NULL,NULL
基隆市七堵區六堵里,10017,基隆市,10017020,七堵區,206,10017020008,六堵里,200,702,8,C,KEE,NULL,NULL
基隆市七堵區泰安里,10017,基隆市,10017020,七堵區,206,10017020009,泰安里,200,702,9,C,KEE,NULL,NULL
基隆市七堵區堵北里,10017,基隆市,10017020,七堵區,206,10017020010,堵北里,200,702,10,C,KEE,NULL,NULL
基隆市七堵區堵南里,10017,基隆市,10017020,七堵區,206,10017020011,堵南里,200,702,11,C,KEE,NULL,NULL
基隆市七堵區瑪南里,10017,基隆市,10017020,七堵區,206,10017020012,瑪南里,200,702,12,C,KEE,NULL,NULL
基隆市七堵區瑪東里,10017,基隆市,10017020,七堵區,206,10017020013,瑪東里,200,702,13,C,KEE,NULL,NULL
基隆市七堵區瑪西里,10017,基隆市,10017020,七堵區,206,10017020014,瑪西里,200,702,14,C,KEE,NULL,NULL
基隆市七堵區友一里,10017,基隆市,10017020,七堵區,206,10017020015,友一里,200,702,15,C,KEE,NULL,NULL
基隆市七堵區友二里,10017,基隆市,10017020,七堵區,206,10017020016,友二里,200,702,16,C,KEE,NULL,NULL
基隆市七堵區正明里,10017,基隆市,10017020,七堵區,206,10017020017,正明里,200,702,17,C,KEE,NULL,NULL
基隆市七堵區百福里,10017,基隆市,10017020,七堵區,206,10017020018,百福里,200,702,18,C,KEE,NULL,NULL
基隆市七堵區實踐里,10017,基隆市,10017020,七堵區,206,10017020019,實踐里,200,702,19,C,KEE,NULL,NULL
基隆市七堵區長安里,10017,基隆市,10017020,七堵區,206,10017020020,長安里,200,702,20,C,KEE,NULL,NULL
基隆市暖暖區八西里,10017,基隆市,10017030,暖暖區,205,10017030001,八西里,200,703,1,C,KEE,NULL,NULL
基隆市暖暖區八堵里,10017,基隆市,10017030,暖暖區,205,10017030002,八堵里,200,703,2,C,KEE,NULL,NULL
基隆市暖暖區八南里,10017,基隆市,10017030,暖暖區,205,10017030003,八南里,200,703,3,C,KEE,NULL,NULL
基隆市暖暖區過港里,10017,基隆市,10017030,暖暖區,205,10017030004,過港里,200,703,4,C,KEE,NULL,NULL
基隆市暖暖區碇內里,10017,基隆市,10017030,暖暖區,205,10017030005,碇內里,200,703,5,C,KEE,NULL,NULL
基隆市暖暖區碇和里,10017,基隆市,10017030,暖暖區,205,10017030006,碇和里,200,703,6,C,KEE,NULL,NULL
基隆市暖暖區暖同里,10017,基隆市,10017030,暖暖區,205,10017030007,暖同里,200,703,7,C,KEE,NULL,NULL
基隆市暖暖區暖暖里,10017,基隆市,10017030,暖暖區,205,10017030008,暖暖里,200,703,8,C,KEE,NULL,NULL
基隆市暖暖區暖東里,10017,基隆市,10017030,暖暖區,205,10017030009,暖東里,200,703,9,C,KEE,NULL,NULL
基隆市暖暖區暖西里,10017,基隆市,10017030,暖暖區,205,10017030010,暖西里,200,703,10,C,KEE,NULL,NULL
基隆市暖暖區八中里,10017,基隆市,10017030,暖暖區,205,10017030011,八中里,200,703,11,C,KEE,NULL,NULL
基隆市暖暖區碇安里,10017,基隆市,10017030,暖暖區,205,10017030012,碇安里,200,703,12,C,KEE,NULL,NULL
基隆市暖暖區碇祥里,10017,基隆市,10017030,暖暖區,205,10017030013,碇祥里,200,703,13,C,KEE,NULL,NULL
基隆市仁愛區林泉里,10017,基隆市,10017040,仁愛區,200,10017040001,林泉里,200,704,1,C,KEE,NULL,NULL
基隆市仁愛區花崗里,10017,基隆市,10017040,仁愛區,200,10017040002,花崗里,200,704,2,C,KEE,NULL,NULL
基隆市仁愛區虹橋里,10017,基隆市,10017040,仁愛區,200,10017040003,虹橋里,200,704,3,C,KEE,NULL,NULL
基隆市仁愛區水錦里,10017,基隆市,10017040,仁愛區,200,10017040004,水錦里,200,704,4,C,KEE,NULL,NULL
基隆市仁愛區智仁里,10017,基隆市,10017040,仁愛區,200,10017040005,智仁里,200,704,5,C,KEE,NULL,NULL
基隆市仁愛區和明里,10017,基隆市,10017040,仁愛區,200,10017040006,和明里,200,704,6,C,KEE,NULL,NULL
基隆市仁愛區忠勇里,10017,基隆市,10017040,仁愛區,200,10017040007,忠勇里,200,704,7,C,KEE,NULL,NULL
基隆市仁愛區玉田里,10017,基隆市,10017040,仁愛區,200,10017040008,玉田里,200,704,8,C,KEE,NULL,NULL
基隆市仁愛區仁德里,10017,基隆市,10017040,仁愛區,200,10017040009,仁德里,200,704,9,C,KEE,NULL,NULL
基隆市仁愛區博愛里,10017,基隆市,10017040,仁愛區,200,10017040010,博愛里,200,704,10,C,KEE,NULL,NULL
基隆市仁愛區福仁里,10017,基隆市,10017040,仁愛區,200,10017040011,福仁里,200,704,11,C,KEE,NULL,NULL
基隆市仁愛區誠仁里,10017,基隆市,10017040,仁愛區,200,10017040012,誠仁里,200,704,12,C,KEE,NULL,NULL
基隆市仁愛區吉仁里,10017,基隆市,10017040,仁愛區,200,10017040013,吉仁里,200,704,13,C,KEE,NULL,NULL
基隆市仁愛區育仁里,10017,基隆市,10017040,仁愛區,200,10017040014,育仁里,200,704,14,C,KEE,NULL,NULL
基隆市仁愛區英仁里,10017,基隆市,10017040,仁愛區,200,10017040015,英仁里,200,704,15,C,KEE,NULL,NULL
基隆市仁愛區龍門里,10017,基隆市,10017040,仁愛區,200,10017040016,龍門里,200,704,16,C,KEE,NULL,NULL
基隆市仁愛區德厚里,10017,基隆市,10017040,仁愛區,200,10017040017,德厚里,200,704,17,C,KEE,NULL,NULL
基隆市仁愛區曲水里,10017,基隆市,10017040,仁愛區,200,10017040018,曲水里,200,704,18,C,KEE,NULL,NULL
基隆市仁愛區崇文里,10017,基隆市,10017040,仁愛區,200,10017040019,崇文里,200,704,19,C,KEE,NULL,NULL
基隆市仁愛區文安里,10017,基隆市,10017040,仁愛區,200,10017040020,文安里,200,704,20,C,KEE,NULL,NULL
基隆市仁愛區兆連里,10017,基隆市,10017040,仁愛區,200,10017040021,兆連里,200,704,21,C,KEE,NULL,NULL
基隆市仁愛區獅球里,10017,基隆市,10017040,仁愛區,200,10017040022,獅球里,200,704,22,C,KEE,NULL,NULL
基隆市仁愛區書院里,10017,基隆市,10017040,仁愛區,200,10017040023,書院里,200,704,23,C,KEE,NULL,NULL
基隆市仁愛區朝棟里,10017,基隆市,10017040,仁愛區,200,10017040024,朝棟里,200,704,24,C,KEE,NULL,NULL
基隆市仁愛區明德里,10017,基隆市,10017040,仁愛區,200,10017040025,明德里,200,704,25,C,KEE,NULL,NULL
基隆市仁愛區同風里,10017,基隆市,10017040,仁愛區,200,10017040026,同風里,200,704,26,C,KEE,NULL,NULL
基隆市仁愛區文昌里,10017,基隆市,10017040,仁愛區,200,10017040027,文昌里,200,704,27,C,KEE,NULL,NULL
基隆市仁愛區新店里,10017,基隆市,10017040,仁愛區,200,10017040028,新店里,200,704,28,C,KEE,NULL,NULL
基隆市仁愛區光華里,10017,基隆市,10017040,仁愛區,200,10017040029,光華里,200,704,29,C,KEE,NULL,NULL
基隆市中山區新建里,10017,基隆市,10017050,中山區,203,10017050001,新建里,200,705,1,C,KEE,NULL,NULL
基隆市中山區安民里,10017,基隆市,10017050,中山區,203,10017050002,安民里,200,705,2,C,KEE,NULL,NULL
基隆市中山區安平里,10017,基隆市,10017050,中山區,203,10017050003,安平里,200,705,3,C,KEE,NULL,NULL
基隆市中山區中山里,10017,基隆市,10017050,中山區,203,10017050004,中山里,200,705,4,C,KEE,NULL,NULL
基隆市中山區民治里,10017,基隆市,10017050,中山區,203,10017050005,民治里,200,705,5,C,KEE,NULL,NULL
基隆市中山區中興里,10017,基隆市,10017050,中山區,203,10017050006,中興里,200,705,6,C,KEE,NULL,NULL
基隆市中山區仁正里,10017,基隆市,10017050,中山區,203,10017050007,仁正里,200,705,7,C,KEE,NULL,NULL
基隆市中山區健民里,10017,基隆市,10017050,中山區,203,10017050008,健民里,200,705,8,C,KEE,NULL,NULL
基隆市中山區通化里,10017,基隆市,10017050,中山區,203,10017050009,通化里,200,705,9,C,KEE,NULL,NULL
基隆市中山區居仁里,10017,基隆市,10017050,中山區,203,10017050010,居仁里,200,705,10,C,KEE,NULL,NULL
基隆市中山區通明里,10017,基隆市,10017050,中山區,203,10017050011,通明里,200,705,11,C,KEE,NULL,NULL
基隆市中山區協和里,10017,基隆市,10017050,中山區,203,10017050012,協和里,200,705,12,C,KEE,NULL,NULL
基隆市中山區文化里,10017,基隆市,10017050,中山區,203,10017050013,文化里,200,705,13,C,KEE,NULL,NULL
基隆市中山區仙洞里,10017,基隆市,10017050,中山區,203,10017050014,仙洞里,200,705,14,C,KEE,NULL,NULL
基隆市中山區太白里,10017,基隆市,10017050,中山區,203,10017050015,太白里,200,705,15,C,KEE,NULL,NULL
基隆市中山區西榮里,10017,基隆市,10017050,中山區,203,10017050016,西榮里,200,705,16,C,KEE,NULL,NULL
基隆市中山區西華里,10017,基隆市,10017050,中山區,203,10017050017,西華里,200,705,17,C,KEE,NULL,NULL
基隆市中山區西定里,10017,基隆市,10017050,中山區,203,10017050018,西定里,200,705,18,C,KEE,NULL,NULL
基隆市中山區西康里,10017,基隆市,10017050,中山區,203,10017050019,西康里,200,705,19,C,KEE,NULL,NULL
基隆市中山區德和里,10017,基隆市,10017050,中山區,203,10017050020,德和里,200,705,20,C,KEE,NULL,NULL
基隆市中山區中和里,10017,基隆市,10017050,中山區,203,10017050021,中和里,200,705,21,C,KEE,NULL,NULL
基隆市中山區德安里,10017,基隆市,10017050,中山區,203,10017050022,德安里,200,705,22,C,KEE,NULL,NULL
基隆市中山區和平里,10017,基隆市,10017050,中山區,203,10017050023,和平里,200,705,23,C,KEE,NULL,NULL
基隆市中山區和慶里,10017,基隆市,10017050,中山區,203,10017050024,和慶里,200,705,24,C,KEE,NULL,NULL
基隆市安樂區西川里,10017,基隆市,10017060,安樂區,204,10017060001,西川里,200,706,1,C,KEE,NULL,NULL
基隆市安樂區定國里,10017,基隆市,10017060,安樂區,204,10017060002,定國里,200,706,2,C,KEE,NULL,NULL
基隆市安樂區新西里,10017,基隆市,10017060,安樂區,204,10017060003,新西里,200,706,3,C,KEE,NULL,NULL
基隆市安樂區定邦里,10017,基隆市,10017060,安樂區,204,10017060004,定邦里,200,706,4,C,KEE,NULL,NULL
基隆市安樂區慈仁里,10017,基隆市,10017060,安樂區,204,10017060005,慈仁里,200,706,5,C,KEE,NULL,NULL
基隆市安樂區干城里,10017,基隆市,10017060,安樂區,204,10017060006,干城里,200,706,6,C,KEE,NULL,NULL
基隆市安樂區永康里,10017,基隆市,10017060,安樂區,204,10017060007,永康里,200,706,7,C,KEE,NULL,NULL
基隆市安樂區嘉仁里,10017,基隆市,10017060,安樂區,204,10017060008,嘉仁里,200,706,8,C,KEE,NULL,NULL
基隆市安樂區安和里,10017,基隆市,10017060,安樂區,204,10017060009,安和里,200,706,9,C,KEE,NULL,NULL
基隆市安樂區樂一里,10017,基隆市,10017060,安樂區,204,10017060010,樂一里,200,706,10,C,KEE,NULL,NULL
基隆市安樂區外寮里,10017,基隆市,10017060,安樂區,204,10017060011,外寮里,200,706,11,C,KEE,NULL,NULL
基隆市安樂區中崙里,10017,基隆市,10017060,安樂區,204,10017060012,中崙里,200,706,12,C,KEE,NULL,NULL
基隆市安樂區內寮里,10017,基隆市,10017060,安樂區,204,10017060013,內寮里,200,706,13,C,KEE,NULL,NULL
基隆市安樂區新崙里,10017,基隆市,10017060,安樂區,204,10017060014,新崙里,200,706,14,C,KEE,NULL,NULL
基隆市安樂區三民里,10017,基隆市,10017060,安樂區,204,10017060015,三民里,200,706,15,C,KEE,NULL,NULL
基隆市安樂區四維里,10017,基隆市,10017060,安樂區,204,10017060016,四維里,200,706,16,C,KEE,NULL,NULL
基隆市安樂區五福里,10017,基隆市,10017060,安樂區,204,10017060017,五福里,200,706,17,C,KEE,NULL,NULL
基隆市安樂區六合里,10017,基隆市,10017060,安樂區,204,10017060018,六合里,200,706,18,C,KEE,NULL,NULL
基隆市安樂區七賢里,10017,基隆市,10017060,安樂區,204,10017060019,七賢里,200,706,19,C,KEE,NULL,NULL
基隆市安樂區鶯歌里,10017,基隆市,10017060,安樂區,204,10017060020,鶯歌里,200,706,20,C,KEE,NULL,NULL
基隆市安樂區武崙里,10017,基隆市,10017060,安樂區,204,10017060021,武崙里,200,706,21,C,KEE,NULL,NULL
基隆市安樂區長樂里,10017,基隆市,10017060,安樂區,204,10017060022,長樂里,200,706,22,C,KEE,NULL,NULL
基隆市安樂區興寮里,10017,基隆市,10017060,安樂區,204,10017060023,興寮里,200,706,23,C,KEE,NULL,NULL
基隆市安樂區鶯安里,10017,基隆市,10017060,安樂區,204,10017060024,鶯安里,200,706,24,C,KEE,NULL,NULL
基隆市安樂區壯觀里,10017,基隆市,10017060,安樂區,204,10017060025,壯觀里,200,706,25,C,KEE,NULL,NULL
基隆市信義區仁壽里,10017,基隆市,10017070,信義區,201,10017070001,仁壽里,200,707,1,C,KEE,NULL,NULL
基隆市信義區仁義里,10017,基隆市,10017070,信義區,201,10017070002,仁義里,200,707,2,C,KEE,NULL,NULL
基隆市信義區義昭里,10017,基隆市,10017070,信義區,201,10017070003,義昭里,200,707,3,C,KEE,NULL,NULL
基隆市信義區義幸里,10017,基隆市,10017070,信義區,201,10017070004,義幸里,200,707,4,C,KEE,NULL,NULL
基隆市信義區義民里,10017,基隆市,10017070,信義區,201,10017070005,義民里,200,707,5,C,KEE,NULL,NULL
基隆市信義區義和里,10017,基隆市,10017070,信義區,201,10017070006,義和里,200,707,6,C,KEE,NULL,NULL
基隆市信義區智慧里,10017,基隆市,10017070,信義區,201,10017070007,智慧里,200,707,7,C,KEE,NULL,NULL
基隆市信義區智誠里,10017,基隆市,10017070,信義區,201,10017070008,智誠里,200,707,8,C,KEE,NULL,NULL
基隆市信義區禮儀里,10017,基隆市,10017070,信義區,201,10017070009,禮儀里,200,707,9,C,KEE,NULL,NULL
基隆市信義區禮東里,10017,基隆市,10017070,信義區,201,10017070010,禮東里,200,707,10,C,KEE,NULL,NULL
基隆市信義區信綠里,10017,基隆市,10017070,信義區,201,10017070011,信綠里,200,707,11,C,KEE,NULL,NULL
基隆市信義區東光里,10017,基隆市,10017070,信義區,201,10017070012,東光里,200,707,12,C,KEE,NULL,NULL
基隆市信義區東明里,10017,基隆市,10017070,信義區,201,10017070013,東明里,200,707,13,C,KEE,NULL,NULL
基隆市信義區東安里,10017,基隆市,10017070,信義區,201,10017070014,東安里,200,707,14,C,KEE,NULL,NULL
基隆市信義區孝岡里,10017,基隆市,10017070,信義區,201,10017070015,孝岡里,200,707,15,C,KEE,NULL,NULL
基隆市信義區東信里,10017,基隆市,10017070,信義區,201,10017070016,東信里,200,707,16,C,KEE,NULL,NULL
基隆市信義區孝深里,10017,基隆市,10017070,信義區,201,10017070017,孝深里,200,707,17,C,KEE,NULL,NULL
基隆市信義區孝賢里,10017,基隆市,10017070,信義區,201,10017070018,孝賢里,200,707,18,C,KEE,NULL,NULL
基隆市信義區孝德里,10017,基隆市,10017070,信義區,201,10017070019,孝德里,200,707,19,C,KEE,NULL,NULL
基隆市信義區孝忠里,10017,基隆市,10017070,信義區,201,10017070020,孝忠里,200,707,20,C,KEE,NULL,NULL
新竹市東區南門里,10018,新竹市,10018010,東區,300,10018010001,南門里,205,801,1,O,HSZ,NULL,NULL
新竹市東區福德里,10018,新竹市,10018010,東區,300,10018010002,福德里,205,801,2,O,HSZ,NULL,NULL
新竹市東區南市里,10018,新竹市,10018010,東區,300,10018010003,南市里,205,801,3,O,HSZ,NULL,NULL
新竹市東區關帝里,10018,新竹市,10018010,東區,300,10018010004,關帝里,205,801,4,O,HSZ,NULL,NULL
新竹市東區東門里,10018,新竹市,10018010,東區,300,10018010005,東門里,205,801,5,O,HSZ,NULL,NULL
新竹市東區榮光里,10018,新竹市,10018010,東區,300,10018010006,榮光里,205,801,6,O,HSZ,NULL,NULL
新竹市東區成功里,10018,新竹市,10018010,東區,300,10018010007,成功里,205,801,7,O,HSZ,NULL,NULL
新竹市東區下竹里,10018,新竹市,10018010,東區,300,10018010008,下竹里,205,801,8,O,HSZ,NULL,NULL
新竹市東區竹蓮里,10018,新竹市,10018010,東區,300,10018010009,竹蓮里,205,801,9,O,HSZ,NULL,NULL
新竹市東區寺前里,10018,新竹市,10018010,東區,300,10018010010,寺前里,205,801,10,O,HSZ,NULL,NULL
新竹市東區育賢里,10018,新竹市,10018010,東區,300,10018010011,育賢里,205,801,11,O,HSZ,NULL,NULL
新竹市東區中正里,10018,新竹市,10018010,東區,300,10018010012,中正里,205,801,12,O,HSZ,NULL,NULL
新竹市東區公園里,10018,新竹市,10018010,東區,300,10018010013,公園里,205,801,13,O,HSZ,NULL,NULL
新竹市東區頂竹里,10018,新竹市,10018010,東區,300,10018010014,頂竹里,205,801,14,O,HSZ,NULL,NULL
新竹市東區南大里,10018,新竹市,10018010,東區,300,10018010015,南大里,205,801,15,O,HSZ,NULL,NULL
新竹市東區振興里,10018,新竹市,10018010,東區,300,10018010016,振興里,205,801,16,O,HSZ,NULL,NULL
新竹市東區親仁里,10018,新竹市,10018010,東區,300,10018010017,親仁里,205,801,17,O,HSZ,NULL,NULL
新竹市東區文華里,10018,新竹市,10018010,東區,300,10018010018,文華里,205,801,18,O,HSZ,NULL,NULL
新竹市東區復中里,10018,新竹市,10018010,東區,300,10018010019,復中里,205,801,19,O,HSZ,NULL,NULL
新竹市東區三民里,10018,新竹市,10018010,東區,300,10018010020,三民里,205,801,20,O,HSZ,NULL,NULL
新竹市東區東園里,10018,新竹市,10018010,東區,300,10018010021,東園里,205,801,21,O,HSZ,NULL,NULL
新竹市東區東勢里,10018,新竹市,10018010,東區,300,10018010022,東勢里,205,801,22,O,HSZ,NULL,NULL
新竹市東區光復里,10018,新竹市,10018010,東區,300,10018010023,光復里,205,801,23,O,HSZ,NULL,NULL
新竹市東區豐功里,10018,新竹市,10018010,東區,300,10018010024,豐功里,205,801,24,O,HSZ,NULL,NULL
新竹市東區武功里,10018,新竹市,10018010,東區,300,10018010025,武功里,205,801,25,O,HSZ,NULL,NULL
新竹市東區綠水里,10018,新竹市,10018010,東區,300,10018010026,綠水里,205,801,26,O,HSZ,NULL,NULL
新竹市東區東山里,10018,新竹市,10018010,東區,300,10018010027,東山里,205,801,27,O,HSZ,NULL,NULL
新竹市東區光鎮里,10018,新竹市,10018010,東區,300,10018010028,光鎮里,205,801,28,O,HSZ,NULL,NULL
新竹市東區新興里,10018,新竹市,10018010,東區,300,10018010029,新興里,205,801,29,O,HSZ,NULL,NULL
新竹市東區柴橋里,10018,新竹市,10018010,東區,300,10018010030,柴橋里,205,801,30,O,HSZ,NULL,NULL
新竹市東區高峰里,10018,新竹市,10018010,東區,300,10018010031,高峰里,205,801,31,O,HSZ,NULL,NULL
新竹市東區仙宮里,10018,新竹市,10018010,東區,300,10018010032,仙宮里,205,801,32,O,HSZ,NULL,NULL
新竹市東區光明里,10018,新竹市,10018010,東區,300,10018010033,光明里,205,801,33,O,HSZ,NULL,NULL
新竹市東區立功里,10018,新竹市,10018010,東區,300,10018010035,立功里,205,801,35,O,HSZ,NULL,NULL
新竹市東區軍功里,10018,新竹市,10018010,東區,300,10018010036,軍功里,205,801,36,O,HSZ,NULL,NULL
新竹市東區建功里,10018,新竹市,10018010,東區,300,10018010037,建功里,205,801,37,O,HSZ,NULL,NULL
新竹市東區前溪里,10018,新竹市,10018010,東區,300,10018010038,前溪里,205,801,38,O,HSZ,NULL,NULL
新竹市東區水源里,10018,新竹市,10018010,東區,300,10018010039,水源里,205,801,39,O,HSZ,NULL,NULL
新竹市東區千甲里,10018,新竹市,10018010,東區,300,10018010040,千甲里,205,801,40,O,HSZ,NULL,NULL
新竹市東區埔頂里,10018,新竹市,10018010,東區,300,10018010041,埔頂里,205,801,41,O,HSZ,NULL,NULL
新竹市東區龍山里,10018,新竹市,10018010,東區,300,10018010042,龍山里,205,801,42,O,HSZ,NULL,NULL
新竹市東區新莊里,10018,新竹市,10018010,東區,300,10018010043,新莊里,205,801,43,O,HSZ,NULL,NULL
新竹市東區仙水里,10018,新竹市,10018010,東區,300,10018010044,仙水里,205,801,44,O,HSZ,NULL,NULL
新竹市東區金山里,10018,新竹市,10018010,東區,300,10018010045,金山里,205,801,45,O,HSZ,NULL,NULL
新竹市東區關東里,10018,新竹市,10018010,東區,300,10018010046,關東里,205,801,46,O,HSZ,NULL,NULL
新竹市東區科園里,10018,新竹市,10018010,東區,300,10018010047,科園里,205,801,47,O,HSZ,NULL,NULL
新竹市東區建華里,10018,新竹市,10018010,東區,300,10018010048,建華里,205,801,48,O,HSZ,NULL,NULL
新竹市東區新光里,10018,新竹市,10018010,東區,300,10018010049,新光里,205,801,49,O,HSZ,NULL,NULL
新竹市東區復興里,10018,新竹市,10018010,東區,300,10018010050,復興里,205,801,50,O,HSZ,NULL,NULL
新竹市東區錦華里,10018,新竹市,10018010,東區,300,10018010051,錦華里,205,801,51,O,HSZ,NULL,NULL
新竹市東區湖濱里,10018,新竹市,10018010,東區,300,10018010052,湖濱里,205,801,52,O,HSZ,NULL,NULL
新竹市東區明湖里,10018,新竹市,10018010,東區,300,10018010053,明湖里,205,801,53,O,HSZ,NULL,NULL
新竹市東區關新里,10018,新竹市,10018010,東區,300,10018010054,關新里,205,801,54,O,HSZ,NULL,NULL
新竹市北區西門里,10018,新竹市,10018020,北區,300,10018020001,西門里,205,802,1,O,HSZ,NULL,NULL
新竹市北區仁德里,10018,新竹市,10018020,北區,300,10018020002,仁德里,205,802,2,O,HSZ,NULL,NULL
新竹市北區潛園里,10018,新竹市,10018020,北區,300,10018020003,潛園里,205,802,3,O,HSZ,NULL,NULL
新竹市北區中央里,10018,新竹市,10018020,北區,300,10018020004,中央里,205,802,4,O,HSZ,NULL,NULL
新竹市北區崇禮里,10018,新竹市,10018020,北區,300,10018020005,崇禮里,205,802,5,O,HSZ,NULL,NULL
新竹市北區石坊里,10018,新竹市,10018020,北區,300,10018020006,石坊里,205,802,6,O,HSZ,NULL,NULL
新竹市北區興南里,10018,新竹市,10018020,北區,300,10018020007,興南里,205,802,7,O,HSZ,NULL,NULL
新竹市北區北門里,10018,新竹市,10018020,北區,300,10018020008,北門里,205,802,8,O,HSZ,NULL,NULL
新竹市北區中興里,10018,新竹市,10018020,北區,300,10018020009,中興里,205,802,9,O,HSZ,NULL,NULL
新竹市北區大同里,10018,新竹市,10018020,北區,300,10018020010,大同里,205,802,10,O,HSZ,NULL,NULL
新竹市北區中山里,10018,新竹市,10018020,北區,300,10018020011,中山里,205,802,11,O,HSZ,NULL,NULL
新竹市北區長和里,10018,新竹市,10018020,北區,300,10018020012,長和里,205,802,12,O,HSZ,NULL,NULL
新竹市北區新民里,10018,新竹市,10018020,北區,300,10018020013,新民里,205,802,13,O,HSZ,NULL,NULL
新竹市北區民富里,10018,新竹市,10018020,北區,300,10018020014,民富里,205,802,14,O,HSZ,NULL,NULL
新竹市北區水田里,10018,新竹市,10018020,北區,300,10018020015,水田里,205,802,15,O,HSZ,NULL,NULL
新竹市北區文雅里,10018,新竹市,10018020,北區,300,10018020016,文雅里,205,802,16,O,HSZ,NULL,NULL
新竹市北區光田里,10018,新竹市,10018020,北區,300,10018020017,光田里,205,802,17,O,HSZ,NULL,NULL
新竹市北區士林里,10018,新竹市,10018020,北區,300,10018020018,士林里,205,802,18,O,HSZ,NULL,NULL
新竹市北區福林里,10018,新竹市,10018020,北區,300,10018020019,福林里,205,802,19,O,HSZ,NULL,NULL
新竹市北區古賢里,10018,新竹市,10018020,北區,300,10018020020,古賢里,205,802,20,O,HSZ,NULL,NULL
新竹市北區湳雅里,10018,新竹市,10018020,北區,300,10018020021,湳雅里,205,802,21,O,HSZ,NULL,NULL
新竹市北區舊社里,10018,新竹市,10018020,北區,300,10018020022,舊社里,205,802,22,O,HSZ,NULL,NULL
新竹市北區武陵里,10018,新竹市,10018020,北區,300,10018020023,武陵里,205,802,23,O,HSZ,NULL,NULL
新竹市北區南寮里,10018,新竹市,10018020,北區,300,10018020024,南寮里,205,802,24,O,HSZ,NULL,NULL
新竹市北區舊港里,10018,新竹市,10018020,北區,300,10018020025,舊港里,205,802,25,O,HSZ,NULL,NULL
新竹市北區康樂里,10018,新竹市,10018020,北區,300,10018020026,康樂里,205,802,26,O,HSZ,NULL,NULL
新竹市北區港北里,10018,新竹市,10018020,北區,300,10018020027,港北里,205,802,27,O,HSZ,NULL,NULL
新竹市北區中寮里,10018,新竹市,10018020,北區,300,10018020028,中寮里,205,802,28,O,HSZ,NULL,NULL
新竹市北區海濱里,10018,新竹市,10018020,北區,300,10018020029,海濱里,205,802,29,O,HSZ,NULL,NULL
新竹市北區客雅里,10018,新竹市,10018020,北區,300,10018020030,客雅里,205,802,30,O,HSZ,NULL,NULL
新竹市北區育英里,10018,新竹市,10018020,北區,300,10018020031,育英里,205,802,31,O,HSZ,NULL,NULL
新竹市北區曲溪里,10018,新竹市,10018020,北區,300,10018020032,曲溪里,205,802,32,O,HSZ,NULL,NULL
新竹市北區西雅里,10018,新竹市,10018020,北區,300,10018020033,西雅里,205,802,33,O,HSZ,NULL,NULL
新竹市北區南勢里,10018,新竹市,10018020,北區,300,10018020034,南勢里,205,802,34,O,HSZ,NULL,NULL
新竹市北區大鵬里,10018,新竹市,10018020,北區,300,10018020035,大鵬里,205,802,35,O,HSZ,NULL,NULL
新竹市北區境福里,10018,新竹市,10018020,北區,300,10018020036,境福里,205,802,36,O,HSZ,NULL,NULL
新竹市北區磐石里,10018,新竹市,10018020,北區,300,10018020037,磐石里,205,802,37,O,HSZ,NULL,NULL
新竹市北區新雅里,10018,新竹市,10018020,北區,300,10018020038,新雅里,205,802,38,O,HSZ,NULL,NULL
新竹市北區光華里,10018,新竹市,10018020,北區,300,10018020039,光華里,205,802,39,O,HSZ,NULL,NULL
新竹市北區金華里,10018,新竹市,10018020,北區,300,10018020040,金華里,205,802,40,O,HSZ,NULL,NULL
新竹市北區金竹里,10018,新竹市,10018020,北區,300,10018020041,金竹里,205,802,41,O,HSZ,NULL,NULL
新竹市北區湳中里,10018,新竹市,10018020,北區,300,10018020042,湳中里,205,802,42,O,HSZ,NULL,NULL
新竹市北區金雅里,10018,新竹市,10018020,北區,300,10018020043,金雅里,205,802,43,O,HSZ,NULL,NULL
新竹市北區台溪里,10018,新竹市,10018020,北區,300,10018020044,台溪里,205,802,44,O,HSZ,NULL,NULL
新竹市北區中雅里,10018,新竹市,10018020,北區,300,10018020045,中雅里,205,802,45,O,HSZ,NULL,NULL
新竹市香山區港南里,10018,新竹市,10018030,香山區,300,10018030001,港南里,205,803,1,O,HSZ,NULL,NULL
新竹市香山區虎山里,10018,新竹市,10018030,香山區,300,10018030002,虎山里,205,803,2,O,HSZ,NULL,NULL
新竹市香山區虎林里,10018,新竹市,10018030,香山區,300,10018030003,虎林里,205,803,3,O,HSZ,NULL,NULL
新竹市香山區浸水里,10018,新竹市,10018030,香山區,300,10018030004,浸水里,205,803,4,O,HSZ,NULL,NULL
新竹市香山區樹下里,10018,新竹市,10018030,香山區,300,10018030005,樹下里,205,803,5,O,HSZ,NULL,NULL
新竹市香山區埔前里,10018,新竹市,10018030,香山區,300,10018030006,埔前里,205,803,6,O,HSZ,NULL,NULL
新竹市香山區中埔里,10018,新竹市,10018030,香山區,300,10018030007,中埔里,205,803,7,O,HSZ,NULL,NULL
新竹市香山區牛埔里,10018,新竹市,10018030,香山區,300,10018030008,牛埔里,205,803,8,O,HSZ,NULL,NULL
新竹市香山區頂埔里,10018,新竹市,10018030,香山區,300,10018030009,頂埔里,205,803,9,O,HSZ,NULL,NULL
新竹市香山區東香里,10018,新竹市,10018030,香山區,300,10018030010,東香里,205,803,10,O,HSZ,NULL,NULL
新竹市香山區香村里,10018,新竹市,10018030,香山區,300,10018030011,香村里,205,803,11,O,HSZ,NULL,NULL
新竹市香山區香山里,10018,新竹市,10018030,香山區,300,10018030012,香山里,205,803,12,O,HSZ,NULL,NULL
新竹市香山區大庄里,10018,新竹市,10018030,香山區,300,10018030013,大庄里,205,803,13,O,HSZ,NULL,NULL
新竹市香山區美山里,10018,新竹市,10018030,香山區,300,10018030014,美山里,205,803,14,O,HSZ,NULL,NULL
新竹市香山區朝山里,10018,新竹市,10018030,香山區,300,10018030015,朝山里,205,803,15,O,HSZ,NULL,NULL
新竹市香山區海山里,10018,新竹市,10018030,香山區,300,10018030016,海山里,205,803,16,O,HSZ,NULL,NULL
新竹市香山區茄苳里,10018,新竹市,10018030,香山區,300,10018030017,茄苳里,205,803,17,O,HSZ,NULL,NULL
新竹市香山區大湖里,10018,新竹市,10018030,香山區,300,10018030018,大湖里,205,803,18,O,HSZ,NULL,NULL
新竹市香山區南隘里,10018,新竹市,10018030,香山區,300,10018030019,南隘里,205,803,19,O,HSZ,NULL,NULL
新竹市香山區中隘里,10018,新竹市,10018030,香山區,300,10018030020,中隘里,205,803,20,O,HSZ,NULL,NULL
新竹市香山區內湖里,10018,新竹市,10018030,香山區,300,10018030021,內湖里,205,803,21,O,HSZ,NULL,NULL
新竹市香山區鹽水里,10018,新竹市,10018030,香山區,300,10018030022,鹽水里,205,803,22,O,HSZ,NULL,NULL
新竹市香山區南港里,10018,新竹市,10018030,香山區,300,10018030023,南港里,205,803,23,O,HSZ,NULL,NULL
新竹市香山區頂福里,10018,新竹市,10018030,香山區,300,10018030024,頂福里,205,803,24,O,HSZ,NULL,NULL
新竹縣竹北市斗崙里,10004,新竹縣,10004010,竹北市,302,10004010001,斗崙里,210,401,1,J,HSQ,NULL,NULL
新竹縣竹北市鹿場里,10004,新竹縣,10004010,竹北市,302,10004010002,鹿場里,210,401,2,J,HSQ,NULL,NULL
新竹縣竹北市東平里,10004,新竹縣,10004010,竹北市,302,10004010003,東平里,210,401,3,J,HSQ,NULL,NULL
新竹縣竹北市中興里,10004,新竹縣,10004010,竹北市,302,10004010004,中興里,210,401,4,J,HSQ,NULL,NULL
新竹縣竹北市隘口里,10004,新竹縣,10004010,竹北市,302,10004010005,隘口里,210,401,5,J,HSQ,NULL,NULL
新竹縣竹北市東海里,10004,新竹縣,10004010,竹北市,302,10004010006,東海里,210,401,6,J,HSQ,NULL,NULL
新竹縣竹北市竹北里,10004,新竹縣,10004010,竹北市,302,10004010007,竹北里,210,401,7,J,HSQ,NULL,NULL
新竹縣竹北市竹仁里,10004,新竹縣,10004010,竹北市,302,10004010008,竹仁里,210,401,8,J,HSQ,NULL,NULL
新竹縣竹北市竹義里,10004,新竹縣,10004010,竹北市,302,10004010009,竹義里,210,401,9,J,HSQ,NULL,NULL
新竹縣竹北市泰和里,10004,新竹縣,10004010,竹北市,302,10004010010,泰和里,210,401,10,J,HSQ,NULL,NULL
新竹縣竹北市新社里,10004,新竹縣,10004010,竹北市,302,10004010011,新社里,210,401,11,J,HSQ,NULL,NULL
新竹縣竹北市聯興里,10004,新竹縣,10004010,竹北市,302,10004010012,聯興里,210,401,12,J,HSQ,NULL,NULL
新竹縣竹北市麻園里,10004,新竹縣,10004010,竹北市,302,10004010013,麻園里,210,401,13,J,HSQ,NULL,NULL
新竹縣竹北市溪州里,10004,新竹縣,10004010,竹北市,302,10004010014,溪州里,210,401,14,J,HSQ,NULL,NULL
新竹縣竹北市白地里,10004,新竹縣,10004010,竹北市,302,10004010015,白地里,210,401,15,J,HSQ,NULL,NULL
新竹縣竹北市新港里,10004,新竹縣,10004010,竹北市,302,10004010016,新港里,210,401,16,J,HSQ,NULL,NULL
新竹縣竹北市大義里,10004,新竹縣,10004010,竹北市,302,10004010017,大義里,210,401,17,J,HSQ,NULL,NULL
新竹縣竹北市崇義里,10004,新竹縣,10004010,竹北市,302,10004010018,崇義里,210,401,18,J,HSQ,NULL,NULL
新竹縣竹北市大眉里,10004,新竹縣,10004010,竹北市,302,10004010019,大眉里,210,401,19,J,HSQ,NULL,NULL
新竹縣竹北市尚義里,10004,新竹縣,10004010,竹北市,302,10004010020,尚義里,210,401,20,J,HSQ,NULL,NULL
新竹縣竹北市十興里,10004,新竹縣,10004010,竹北市,302,10004010021,十興里,210,401,21,J,HSQ,NULL,NULL
新竹縣竹北市新國里,10004,新竹縣,10004010,竹北市,302,10004010022,新國里,210,401,22,J,HSQ,NULL,NULL
新竹縣竹北市新庄里,10004,新竹縣,10004010,竹北市,302,10004010023,新庄里,210,401,23,J,HSQ,NULL,NULL
新竹縣竹北市北崙里,10004,新竹縣,10004010,竹北市,302,10004010024,北崙里,210,401,24,J,HSQ,NULL,NULL
新竹縣竹北市新崙里,10004,新竹縣,10004010,竹北市,302,10004010025,新崙里,210,401,25,J,HSQ,NULL,NULL
新竹縣竹北市福德里,10004,新竹縣,10004010,竹北市,302,10004010026,福德里,210,401,26,J,HSQ,NULL,NULL
新竹縣竹北市東興里,10004,新竹縣,10004010,竹北市,302,10004010027,東興里,210,401,27,J,HSQ,NULL,NULL
新竹縣竹北市北興里,10004,新竹縣,10004010,竹北市,302,10004010028,北興里,210,401,28,J,HSQ,NULL,NULL
新竹縣竹北市興安里,10004,新竹縣,10004010,竹北市,302,10004010029,興安里,210,401,29,J,HSQ,NULL,NULL
新竹縣竹北市文化里,10004,新竹縣,10004010,竹北市,302,10004010030,文化里,210,401,30,J,HSQ,NULL,NULL
新竹縣竹北市中崙里,10004,新竹縣,10004010,竹北市,302,10004010031,中崙里,210,401,31,J,HSQ,NULL,NULL
新竹縣竹東鎮上坪里,10004,新竹縣,10004020,竹東鎮,310,10004020001,上坪里,210,402,1,J,HSQ,NULL,NULL
新竹縣竹東鎮瑞峰里,10004,新竹縣,10004020,竹東鎮,310,10004020002,瑞峰里,210,402,2,J,HSQ,NULL,NULL
新竹縣竹東鎮軟橋里,10004,新竹縣,10004020,竹東鎮,310,10004020003,軟橋里,210,402,3,J,HSQ,NULL,NULL
新竹縣竹東鎮員崠里,10004,新竹縣,10004020,竹東鎮,310,10004020004,員崠里,210,402,4,J,HSQ,NULL,NULL
新竹縣竹東鎮東寧里,10004,新竹縣,10004020,竹東鎮,310,10004020005,東寧里,210,402,5,J,HSQ,NULL,NULL
新竹縣竹東鎮上舘里,10004,新竹縣,10004020,竹東鎮,310,10004020006,上舘里,210,402,6,J,HSQ,NULL,NULL
新竹縣竹東鎮大鄉里,10004,新竹縣,10004020,竹東鎮,310,10004020007,大鄉里,210,402,7,J,HSQ,NULL,NULL
新竹縣竹東鎮東華里,10004,新竹縣,10004020,竹東鎮,310,10004020008,東華里,210,402,8,J,HSQ,NULL,NULL
新竹縣竹東鎮商華里,10004,新竹縣,10004020,竹東鎮,310,10004020009,商華里,210,402,9,J,HSQ,NULL,NULL
新竹縣竹東鎮竹東里,10004,新竹縣,10004020,竹東鎮,310,10004020010,竹東里,210,402,10,J,HSQ,NULL,NULL
新竹縣竹東鎮榮樂里,10004,新竹縣,10004020,竹東鎮,310,10004020011,榮樂里,210,402,11,J,HSQ,NULL,NULL
新竹縣竹東鎮鷄林里,10004,新竹縣,10004020,竹東鎮,310,10004020012,鷄林里,210,402,12,J,HSQ,NULL,NULL
新竹縣竹東鎮仁愛里,10004,新竹縣,10004020,竹東鎮,310,10004020013,仁愛里,210,402,13,J,HSQ,NULL,NULL
新竹縣竹東鎮五豐里,10004,新竹縣,10004020,竹東鎮,310,10004020014,五豐里,210,402,14,J,HSQ,NULL,NULL
新竹縣竹東鎮三重里,10004,新竹縣,10004020,竹東鎮,310,10004020015,三重里,210,402,15,J,HSQ,NULL,NULL
新竹縣竹東鎮頭重里,10004,新竹縣,10004020,竹東鎮,310,10004020016,頭重里,210,402,16,J,HSQ,NULL,NULL
新竹縣竹東鎮員山里,10004,新竹縣,10004020,竹東鎮,310,10004020017,員山里,210,402,17,J,HSQ,NULL,NULL
新竹縣竹東鎮柯湖里,10004,新竹縣,10004020,竹東鎮,310,10004020018,柯湖里,210,402,18,J,HSQ,NULL,NULL
新竹縣竹東鎮二重里,10004,新竹縣,10004020,竹東鎮,310,10004020019,二重里,210,402,19,J,HSQ,NULL,NULL
新竹縣竹東鎮中山里,10004,新竹縣,10004020,竹東鎮,310,10004020020,中山里,210,402,20,J,HSQ,NULL,NULL
新竹縣竹東鎮中正里,10004,新竹縣,10004020,竹東鎮,310,10004020021,中正里,210,402,21,J,HSQ,NULL,NULL
新竹縣竹東鎮南華里,10004,新竹縣,10004020,竹東鎮,310,10004020022,南華里,210,402,22,J,HSQ,NULL,NULL
新竹縣竹東鎮榮華里,10004,新竹縣,10004020,竹東鎮,310,10004020023,榮華里,210,402,23,J,HSQ,NULL,NULL
新竹縣竹東鎮忠孝里,10004,新竹縣,10004020,竹東鎮,310,10004020024,忠孝里,210,402,24,J,HSQ,NULL,NULL
新竹縣竹東鎮陸豐里,10004,新竹縣,10004020,竹東鎮,310,10004020025,陸豐里,210,402,25,J,HSQ,NULL,NULL
新竹縣新埔鎮內立里,10004,新竹縣,10004030,新埔鎮,305,10004030001,內立里,210,403,1,J,HSQ,NULL,NULL
新竹縣新埔鎮寶石里,10004,新竹縣,10004030,新埔鎮,305,10004030002,寶石里,210,403,2,J,HSQ,NULL,NULL
新竹縣新埔鎮文山里,10004,新竹縣,10004030,新埔鎮,305,10004030003,文山里,210,403,3,J,HSQ,NULL,NULL
新竹縣新埔鎮五埔里,10004,新竹縣,10004030,新埔鎮,305,10004030004,五埔里,210,403,4,J,HSQ,NULL,NULL
新竹縣新埔鎮四座里,10004,新竹縣,10004030,新埔鎮,305,10004030005,四座里,210,403,5,J,HSQ,NULL,NULL
新竹縣新埔鎮旱坑里,10004,新竹縣,10004030,新埔鎮,305,10004030006,旱坑里,210,403,6,J,HSQ,NULL,NULL
新竹縣新埔鎮田新里,10004,新竹縣,10004030,新埔鎮,305,10004030007,田新里,210,403,7,J,HSQ,NULL,NULL
新竹縣新埔鎮新埔里,10004,新竹縣,10004030,新埔鎮,305,10004030008,新埔里,210,403,8,J,HSQ,NULL,NULL
新竹縣新埔鎮新生里,10004,新竹縣,10004030,新埔鎮,305,10004030009,新生里,210,403,9,J,HSQ,NULL,NULL
新竹縣新埔鎮新民里,10004,新竹縣,10004030,新埔鎮,305,10004030010,新民里,210,403,10,J,HSQ,NULL,NULL
新竹縣新埔鎮上寮里,10004,新竹縣,10004030,新埔鎮,305,10004030011,上寮里,210,403,11,J,HSQ,NULL,NULL
新竹縣新埔鎮下寮里,10004,新竹縣,10004030,新埔鎮,305,10004030012,下寮里,210,403,12,J,HSQ,NULL,NULL
新竹縣新埔鎮南平里,10004,新竹縣,10004030,新埔鎮,305,10004030013,南平里,210,403,13,J,HSQ,NULL,NULL
新竹縣新埔鎮北平里,10004,新竹縣,10004030,新埔鎮,305,10004030014,北平里,210,403,14,J,HSQ,NULL,NULL
新竹縣新埔鎮巨埔里,10004,新竹縣,10004030,新埔鎮,305,10004030015,巨埔里,210,403,15,J,HSQ,NULL,NULL
新竹縣新埔鎮照門里,10004,新竹縣,10004030,新埔鎮,305,10004030016,照門里,210,403,16,J,HSQ,NULL,NULL
新竹縣新埔鎮清水里,10004,新竹縣,10004030,新埔鎮,305,10004030017,清水里,210,403,17,J,HSQ,NULL,NULL
新竹縣新埔鎮鹿鳴里,10004,新竹縣,10004030,新埔鎮,305,10004030018,鹿鳴里,210,403,18,J,HSQ,NULL,NULL
新竹縣新埔鎮新北里,10004,新竹縣,10004030,新埔鎮,305,10004030019,新北里,210,403,19,J,HSQ,NULL,NULL
新竹縣關西鎮東興里,10004,新竹縣,10004040,關西鎮,306,10004040001,東興里,210,404,1,J,HSQ,NULL,NULL
新竹縣關西鎮西安里,10004,新竹縣,10004040,關西鎮,306,10004040002,西安里,210,404,2,J,HSQ,NULL,NULL
新竹縣關西鎮南雄里,10004,新竹縣,10004040,關西鎮,306,10004040003,南雄里,210,404,3,J,HSQ,NULL,NULL
新竹縣關西鎮北斗里,10004,新竹縣,10004040,關西鎮,306,10004040004,北斗里,210,404,4,J,HSQ,NULL,NULL
新竹縣關西鎮仁安里,10004,新竹縣,10004040,關西鎮,306,10004040005,仁安里,210,404,5,J,HSQ,NULL,NULL
新竹縣關西鎮北山里,10004,新竹縣,10004040,關西鎮,306,10004040006,北山里,210,404,6,J,HSQ,NULL,NULL
新竹縣關西鎮南山里,10004,新竹縣,10004040,關西鎮,306,10004040007,南山里,210,404,7,J,HSQ,NULL,NULL
新竹縣關西鎮東安里,10004,新竹縣,10004040,關西鎮,306,10004040008,東安里,210,404,8,J,HSQ,NULL,NULL
新竹縣關西鎮東光里,10004,新竹縣,10004040,關西鎮,306,10004040009,東光里,210,404,9,J,HSQ,NULL,NULL
新竹縣關西鎮新富里,10004,新竹縣,10004040,關西鎮,306,10004040010,新富里,210,404,10,J,HSQ,NULL,NULL
新竹縣關西鎮金山里,10004,新竹縣,10004040,關西鎮,306,10004040011,金山里,210,404,11,J,HSQ,NULL,NULL
新竹縣關西鎮錦山里,10004,新竹縣,10004040,關西鎮,306,10004040012,錦山里,210,404,12,J,HSQ,NULL,NULL
新竹縣關西鎮玉山里,10004,新竹縣,10004040,關西鎮,306,10004040013,玉山里,210,404,13,J,HSQ,NULL,NULL
新竹縣關西鎮大同里,10004,新竹縣,10004040,關西鎮,306,10004040014,大同里,210,404,14,J,HSQ,NULL,NULL
新竹縣關西鎮石光里,10004,新竹縣,10004040,關西鎮,306,10004040015,石光里,210,404,15,J,HSQ,NULL,NULL
新竹縣關西鎮上林里,10004,新竹縣,10004040,關西鎮,306,10004040016,上林里,210,404,16,J,HSQ,NULL,NULL
新竹縣關西鎮新力里,10004,新竹縣,10004040,關西鎮,306,10004040017,新力里,210,404,17,J,HSQ,NULL,NULL
新竹縣關西鎮南和里,10004,新竹縣,10004040,關西鎮,306,10004040018,南和里,210,404,18,J,HSQ,NULL,NULL
新竹縣關西鎮東山里,10004,新竹縣,10004040,關西鎮,306,10004040019,東山里,210,404,19,J,HSQ,NULL,NULL
新竹縣關西鎮南新里,10004,新竹縣,10004040,關西鎮,306,10004040020,南新里,210,404,20,J,HSQ,NULL,NULL
新竹縣關西鎮東平里,10004,新竹縣,10004040,關西鎮,306,10004040021,東平里,210,404,21,J,HSQ,NULL,NULL
新竹縣湖口鄉孝勢村,10004,新竹縣,10004050,湖口鄉,303,10004050001,孝勢村,210,405,1,J,HSQ,NULL,NULL
新竹縣湖口鄉仁勢村,10004,新竹縣,10004050,湖口鄉,303,10004050002,仁勢村,210,405,2,J,HSQ,NULL,NULL
新竹縣湖口鄉愛勢村,10004,新竹縣,10004050,湖口鄉,303,10004050003,愛勢村,210,405,3,J,HSQ,NULL,NULL
新竹縣湖口鄉信勢村,10004,新竹縣,10004050,湖口鄉,303,10004050004,信勢村,210,405,4,J,HSQ,NULL,NULL
新竹縣湖口鄉中勢村,10004,新竹縣,10004050,湖口鄉,303,10004050005,中勢村,210,405,5,J,HSQ,NULL,NULL
新竹縣湖口鄉德盛村,10004,新竹縣,10004050,湖口鄉,303,10004050006,德盛村,210,405,6,J,HSQ,NULL,NULL
新竹縣湖口鄉和興村,10004,新竹縣,10004050,湖口鄉,303,10004050007,和興村,210,405,7,J,HSQ,NULL,NULL
新竹縣湖口鄉長嶺村,10004,新竹縣,10004050,湖口鄉,303,10004050008,長嶺村,210,405,8,J,HSQ,NULL,NULL
新竹縣湖口鄉長安村,10004,新竹縣,10004050,湖口鄉,303,10004050009,長安村,210,405,9,J,HSQ,NULL,NULL
新竹縣湖口鄉湖口村,10004,新竹縣,10004050,湖口鄉,303,10004050010,湖口村,210,405,10,J,HSQ,NULL,NULL
新竹縣湖口鄉湖鏡村,10004,新竹縣,10004050,湖口鄉,303,10004050011,湖鏡村,210,405,11,J,HSQ,NULL,NULL
新竹縣湖口鄉湖南村,10004,新竹縣,10004050,湖口鄉,303,10004050012,湖南村,210,405,12,J,HSQ,NULL,NULL
新竹縣湖口鄉波羅村,10004,新竹縣,10004050,湖口鄉,303,10004050013,波羅村,210,405,13,J,HSQ,NULL,NULL
新竹縣湖口鄉鳳凰村,10004,新竹縣,10004050,湖口鄉,303,10004050014,鳳凰村,210,405,14,J,HSQ,NULL,NULL
新竹縣湖口鄉鳳山村,10004,新竹縣,10004050,湖口鄉,303,10004050015,鳳山村,210,405,15,J,HSQ,NULL,NULL
新竹縣湖口鄉中興村,10004,新竹縣,10004050,湖口鄉,303,10004050016,中興村,210,405,16,J,HSQ,NULL,NULL
新竹縣湖口鄉信義村,10004,新竹縣,10004050,湖口鄉,303,10004050017,信義村,210,405,17,J,HSQ,NULL,NULL
新竹縣湖口鄉中正村,10004,新竹縣,10004050,湖口鄉,303,10004050018,中正村,210,405,18,J,HSQ,NULL,NULL
新竹縣湖口鄉東興村,10004,新竹縣,10004050,湖口鄉,303,10004050019,東興村,210,405,19,J,HSQ,NULL,NULL
新竹縣湖口鄉勝利村,10004,新竹縣,10004050,湖口鄉,303,10004050020,勝利村,210,405,20,J,HSQ,NULL,NULL
新竹縣新豐鄉福興村,10004,新竹縣,10004060,新豐鄉,304,10004060001,福興村,210,406,1,J,HSQ,NULL,NULL
新竹縣新豐鄉後湖村,10004,新竹縣,10004060,新豐鄉,304,10004060002,後湖村,210,406,2,J,HSQ,NULL,NULL
新竹縣新豐鄉青埔村,10004,新竹縣,10004060,新豐鄉,304,10004060003,青埔村,210,406,3,J,HSQ,NULL,NULL
新竹縣新豐鄉埔和村,10004,新竹縣,10004060,新豐鄉,304,10004060004,埔和村,210,406,4,J,HSQ,NULL,NULL
新竹縣新豐鄉瑞興村,10004,新竹縣,10004060,新豐鄉,304,10004060005,瑞興村,210,406,5,J,HSQ,NULL,NULL
新竹縣新豐鄉坡頭村,10004,新竹縣,10004060,新豐鄉,304,10004060006,坡頭村,210,406,6,J,HSQ,NULL,NULL
新竹縣新豐鄉中崙村,10004,新竹縣,10004060,新豐鄉,304,10004060007,中崙村,210,406,7,J,HSQ,NULL,NULL
新竹縣新豐鄉重興村,10004,新竹縣,10004060,新豐鄉,304,10004060008,重興村,210,406,8,J,HSQ,NULL,NULL
新竹縣新豐鄉新豐村,10004,新竹縣,10004060,新豐鄉,304,10004060009,新豐村,210,406,9,J,HSQ,NULL,NULL
新竹縣新豐鄉員山村,10004,新竹縣,10004060,新豐鄉,304,10004060010,員山村,210,406,10,J,HSQ,NULL,NULL
新竹縣新豐鄉松林村,10004,新竹縣,10004060,新豐鄉,304,10004060011,松林村,210,406,11,J,HSQ,NULL,NULL
新竹縣新豐鄉上坑村,10004,新竹縣,10004060,新豐鄉,304,10004060012,上坑村,210,406,12,J,HSQ,NULL,NULL
新竹縣新豐鄉鳳坑村,10004,新竹縣,10004060,新豐鄉,304,10004060013,鳳坑村,210,406,13,J,HSQ,NULL,NULL
新竹縣新豐鄉忠孝村,10004,新竹縣,10004060,新豐鄉,304,10004060014,忠孝村,210,406,14,J,HSQ,NULL,NULL
新竹縣新豐鄉山崎村,10004,新竹縣,10004060,新豐鄉,304,10004060015,山崎村,210,406,15,J,HSQ,NULL,NULL
新竹縣新豐鄉松柏村,10004,新竹縣,10004060,新豐鄉,304,10004060016,松柏村,210,406,16,J,HSQ,NULL,NULL
新竹縣新豐鄉崎頂村,10004,新竹縣,10004060,新豐鄉,304,10004060017,崎頂村,210,406,17,J,HSQ,NULL,NULL
新竹縣新豐鄉明新村,10004,新竹縣,10004060,新豐鄉,304,10004060018,明新村,210,406,18,J,HSQ,NULL,NULL
新竹縣芎林鄉五龍村,10004,新竹縣,10004070,芎林鄉,307,10004070001,五龍村,210,407,1,J,HSQ,NULL,NULL
新竹縣芎林鄉華龍村,10004,新竹縣,10004070,芎林鄉,307,10004070002,華龍村,210,407,2,J,HSQ,NULL,NULL
新竹縣芎林鄉秀湖村,10004,新竹縣,10004070,芎林鄉,307,10004070003,秀湖村,210,407,3,J,HSQ,NULL,NULL
新竹縣芎林鄉永興村,10004,新竹縣,10004070,芎林鄉,307,10004070004,永興村,210,407,4,J,HSQ,NULL,NULL
新竹縣芎林鄉石潭村,10004,新竹縣,10004070,芎林鄉,307,10004070005,石潭村,210,407,5,J,HSQ,NULL,NULL
新竹縣芎林鄉新鳳村,10004,新竹縣,10004070,芎林鄉,307,10004070006,新鳳村,210,407,6,J,HSQ,NULL,NULL
新竹縣芎林鄉中坑村,10004,新竹縣,10004070,芎林鄉,307,10004070007,中坑村,210,407,7,J,HSQ,NULL,NULL
新竹縣芎林鄉水坑村,10004,新竹縣,10004070,芎林鄉,307,10004070008,水坑村,210,407,8,J,HSQ,NULL,NULL
新竹縣芎林鄉文林村,10004,新竹縣,10004070,芎林鄉,307,10004070009,文林村,210,407,9,J,HSQ,NULL,NULL
新竹縣芎林鄉芎林村,10004,新竹縣,10004070,芎林鄉,307,10004070010,芎林村,210,407,10,J,HSQ,NULL,NULL
新竹縣芎林鄉上山村,10004,新竹縣,10004070,芎林鄉,307,10004070011,上山村,210,407,11,J,HSQ,NULL,NULL
新竹縣芎林鄉下山村,10004,新竹縣,10004070,芎林鄉,307,10004070012,下山村,210,407,12,J,HSQ,NULL,NULL
新竹縣橫山鄉橫山村,10004,新竹縣,10004080,橫山鄉,312,10004080001,橫山村,210,408,1,J,HSQ,NULL,NULL
新竹縣橫山鄉田寮村,10004,新竹縣,10004080,橫山鄉,312,10004080002,田寮村,210,408,2,J,HSQ,NULL,NULL
新竹縣橫山鄉南昌村,10004,新竹縣,10004080,橫山鄉,312,10004080003,南昌村,210,408,3,J,HSQ,NULL,NULL
新竹縣橫山鄉豐鄉村,10004,新竹縣,10004080,橫山鄉,312,10004080004,豐鄉村,210,408,4,J,HSQ,NULL,NULL
新竹縣橫山鄉豐田村,10004,新竹縣,10004080,橫山鄉,312,10004080005,豐田村,210,408,5,J,HSQ,NULL,NULL
新竹縣橫山鄉內灣村,10004,新竹縣,10004080,橫山鄉,312,10004080006,內灣村,210,408,6,J,HSQ,NULL,NULL
新竹縣橫山鄉福興村,10004,新竹縣,10004080,橫山鄉,312,10004080007,福興村,210,408,7,J,HSQ,NULL,NULL
新竹縣橫山鄉沙坑村,10004,新竹縣,10004080,橫山鄉,312,10004080008,沙坑村,210,408,8,J,HSQ,NULL,NULL
新竹縣橫山鄉新興村,10004,新竹縣,10004080,橫山鄉,312,10004080009,新興村,210,408,9,J,HSQ,NULL,NULL
新竹縣橫山鄉大肚村,10004,新竹縣,10004080,橫山鄉,312,10004080010,大肚村,210,408,10,J,HSQ,NULL,NULL
新竹縣橫山鄉力行村,10004,新竹縣,10004080,橫山鄉,312,10004080011,力行村,210,408,11,J,HSQ,NULL,NULL
新竹縣北埔鄉北埔村,10004,新竹縣,10004090,北埔鄉,314,10004090001,北埔村,210,409,1,J,HSQ,NULL,NULL
新竹縣北埔鄉南興村,10004,新竹縣,10004090,北埔鄉,314,10004090002,南興村,210,409,2,J,HSQ,NULL,NULL
新竹縣北埔鄉埔尾村,10004,新竹縣,10004090,北埔鄉,314,10004090003,埔尾村,210,409,3,J,HSQ,NULL,NULL
新竹縣北埔鄉水磜村,10004,新竹縣,10004090,北埔鄉,314,10004090004,水磜村,210,409,4,J,HSQ,NULL,NULL
新竹縣北埔鄉南埔村,10004,新竹縣,10004090,北埔鄉,314,10004090005,南埔村,210,409,5,J,HSQ,NULL,NULL
新竹縣北埔鄉大林村,10004,新竹縣,10004090,北埔鄉,314,10004090006,大林村,210,409,6,J,HSQ,NULL,NULL
新竹縣北埔鄉大湖村,10004,新竹縣,10004090,北埔鄉,314,10004090007,大湖村,210,409,7,J,HSQ,NULL,NULL
新竹縣北埔鄉南坑村,10004,新竹縣,10004090,北埔鄉,314,10004090008,南坑村,210,409,8,J,HSQ,NULL,NULL
新竹縣北埔鄉外坪村,10004,新竹縣,10004090,北埔鄉,314,10004090009,外坪村,210,409,9,J,HSQ,NULL,NULL
新竹縣寶山鄉雙溪村,10004,新竹縣,10004100,寶山鄉,308,10004100001,雙溪村,210,410,1,J,HSQ,NULL,NULL
新竹縣寶山鄉大崎村,10004,新竹縣,10004100,寶山鄉,308,10004100002,大崎村,210,410,2,J,HSQ,NULL,NULL
新竹縣寶山鄉三峰村,10004,新竹縣,10004100,寶山鄉,308,10004100003,三峰村,210,410,3,J,HSQ,NULL,NULL
新竹縣寶山鄉新城村,10004,新竹縣,10004100,寶山鄉,308,10004100004,新城村,210,410,4,J,HSQ,NULL,NULL
新竹縣寶山鄉深井村,10004,新竹縣,10004100,寶山鄉,308,10004100005,深井村,210,410,5,J,HSQ,NULL,NULL
新竹縣寶山鄉寶斗村,10004,新竹縣,10004100,寶山鄉,308,10004100006,寶斗村,210,410,6,J,HSQ,NULL,NULL
新竹縣寶山鄉山湖村,10004,新竹縣,10004100,寶山鄉,308,10004100007,山湖村,210,410,7,J,HSQ,NULL,NULL
新竹縣寶山鄉寶山村,10004,新竹縣,10004100,寶山鄉,308,10004100008,寶山村,210,410,8,J,HSQ,NULL,NULL
新竹縣寶山鄉油田村,10004,新竹縣,10004100,寶山鄉,308,10004100009,油田村,210,410,9,J,HSQ,NULL,NULL
新竹縣寶山鄉雙新村,10004,新竹縣,10004100,寶山鄉,308,10004100010,雙新村,210,410,10,J,HSQ,NULL,NULL
新竹縣峨眉鄉峨眉村,10004,新竹縣,10004110,峨眉鄉,315,10004110001,峨眉村,210,411,1,J,HSQ,NULL,NULL
新竹縣峨眉鄉中盛村,10004,新竹縣,10004110,峨眉鄉,315,10004110002,中盛村,210,411,2,J,HSQ,NULL,NULL
新竹縣峨眉鄉石井村,10004,新竹縣,10004110,峨眉鄉,315,10004110003,石井村,210,411,3,J,HSQ,NULL,NULL
新竹縣峨眉鄉富興村,10004,新竹縣,10004110,峨眉鄉,315,10004110004,富興村,210,411,4,J,HSQ,NULL,NULL
新竹縣峨眉鄉七星村,10004,新竹縣,10004110,峨眉鄉,315,10004110005,七星村,210,411,5,J,HSQ,NULL,NULL
新竹縣峨眉鄉湖光村,10004,新竹縣,10004110,峨眉鄉,315,10004110006,湖光村,210,411,6,J,HSQ,NULL,NULL
新竹縣尖石鄉義興村,10004,新竹縣,10004120,尖石鄉,313,10004120001,義興村,210,412,1,J,HSQ,NULL,NULL
新竹縣尖石鄉嘉樂村,10004,新竹縣,10004120,尖石鄉,313,10004120002,嘉樂村,210,412,2,J,HSQ,NULL,NULL
新竹縣尖石鄉新樂村,10004,新竹縣,10004120,尖石鄉,313,10004120003,新樂村,210,412,3,J,HSQ,NULL,NULL
新竹縣尖石鄉梅花村,10004,新竹縣,10004120,尖石鄉,313,10004120004,梅花村,210,412,4,J,HSQ,NULL,NULL
新竹縣尖石鄉錦屏村,10004,新竹縣,10004120,尖石鄉,313,10004120005,錦屏村,210,412,5,J,HSQ,NULL,NULL
新竹縣尖石鄉玉峰村,10004,新竹縣,10004120,尖石鄉,313,10004120006,玉峰村,210,412,6,J,HSQ,NULL,NULL
新竹縣尖石鄉秀巒村,10004,新竹縣,10004120,尖石鄉,313,10004120007,秀巒村,210,412,7,J,HSQ,NULL,NULL
新竹縣五峰鄉大隘村,10004,新竹縣,10004130,五峰鄉,311,10004130001,大隘村,210,413,1,J,HSQ,NULL,NULL
新竹縣五峰鄉花園村,10004,新竹縣,10004130,五峰鄉,311,10004130002,花園村,210,413,2,J,HSQ,NULL,NULL
新竹縣五峰鄉竹林村,10004,新竹縣,10004130,五峰鄉,311,10004130003,竹林村,210,413,3,J,HSQ,NULL,NULL
新竹縣五峰鄉桃山村,10004,新竹縣,10004130,五峰鄉,311,10004130004,桃山村,210,413,4,J,HSQ,NULL,NULL
苗栗縣苗栗市中苗里,10005,苗栗縣,10005010,苗栗市,360,10005010001,中苗里,220,501,1,K,MIA,NULL,NULL
苗栗縣苗栗市建功里,10005,苗栗縣,10005010,苗栗市,360,10005010002,建功里,220,501,2,K,MIA,NULL,NULL
苗栗縣苗栗市青苗里,10005,苗栗縣,10005010,苗栗市,360,10005010003,青苗里,220,501,3,K,MIA,NULL,NULL
苗栗縣苗栗市玉清里,10005,苗栗縣,10005010,苗栗市,360,10005010004,玉清里,220,501,4,K,MIA,NULL,NULL
苗栗縣苗栗市玉華里,10005,苗栗縣,10005010,苗栗市,360,10005010005,玉華里,220,501,5,K,MIA,NULL,NULL
苗栗縣苗栗市維新里,10005,苗栗縣,10005010,苗栗市,360,10005010006,維新里,220,501,6,K,MIA,NULL,NULL
苗栗縣苗栗市維祥里,10005,苗栗縣,10005010,苗栗市,360,10005010007,維祥里,220,501,7,K,MIA,NULL,NULL
苗栗縣苗栗市綠苗里,10005,苗栗縣,10005010,苗栗市,360,10005010008,綠苗里,220,501,8,K,MIA,NULL,NULL
苗栗縣苗栗市高苗里,10005,苗栗縣,10005010,苗栗市,360,10005010009,高苗里,220,501,9,K,MIA,NULL,NULL
苗栗縣苗栗市玉苗里,10005,苗栗縣,10005010,苗栗市,360,10005010010,玉苗里,220,501,10,K,MIA,NULL,NULL
苗栗縣苗栗市大同里,10005,苗栗縣,10005010,苗栗市,360,10005010011,大同里,220,501,11,K,MIA,NULL,NULL
苗栗縣苗栗市新苗里,10005,苗栗縣,10005010,苗栗市,360,10005010012,新苗里,220,501,12,K,MIA,NULL,NULL
苗栗縣苗栗市勝利里,10005,苗栗縣,10005010,苗栗市,360,10005010013,勝利里,220,501,13,K,MIA,NULL,NULL
苗栗縣苗栗市恭敬里,10005,苗栗縣,10005010,苗栗市,360,10005010014,恭敬里,220,501,14,K,MIA,NULL,NULL
苗栗縣苗栗市上苗里,10005,苗栗縣,10005010,苗栗市,360,10005010015,上苗里,220,501,15,K,MIA,NULL,NULL
苗栗縣苗栗市北苗里,10005,苗栗縣,10005010,苗栗市,360,10005010016,北苗里,220,501,16,K,MIA,NULL,NULL
苗栗縣苗栗市清華里,10005,苗栗縣,10005010,苗栗市,360,10005010017,清華里,220,501,17,K,MIA,NULL,NULL
苗栗縣苗栗市嘉盛里,10005,苗栗縣,10005010,苗栗市,360,10005010018,嘉盛里,220,501,18,K,MIA,NULL,NULL
苗栗縣苗栗市福星里,10005,苗栗縣,10005010,苗栗市,360,10005010019,福星里,220,501,19,K,MIA,NULL,NULL
苗栗縣苗栗市新川里,10005,苗栗縣,10005010,苗栗市,360,10005010020,新川里,220,501,20,K,MIA,NULL,NULL
苗栗縣苗栗市文山里,10005,苗栗縣,10005010,苗栗市,360,10005010021,文山里,220,501,21,K,MIA,NULL,NULL
苗栗縣苗栗市福麗里,10005,苗栗縣,10005010,苗栗市,360,10005010022,福麗里,220,501,22,K,MIA,NULL,NULL
苗栗縣苗栗市水源里,10005,苗栗縣,10005010,苗栗市,360,10005010023,水源里,220,501,23,K,MIA,NULL,NULL
苗栗縣苗栗市新英里,10005,苗栗縣,10005010,苗栗市,360,10005010024,新英里,220,501,24,K,MIA,NULL,NULL
苗栗縣苗栗市福安里,10005,苗栗縣,10005010,苗栗市,360,10005010025,福安里,220,501,25,K,MIA,NULL,NULL
苗栗縣苗栗市嘉新里,10005,苗栗縣,10005010,苗栗市,360,10005010026,嘉新里,220,501,26,K,MIA,NULL,NULL
苗栗縣苗栗市南勢里,10005,苗栗縣,10005010,苗栗市,360,10005010027,南勢里,220,501,27,K,MIA,NULL,NULL
苗栗縣苗栗市文聖里,10005,苗栗縣,10005010,苗栗市,360,10005010028,文聖里,220,501,28,K,MIA,NULL,NULL
苗栗縣苑裡鎮苑東里,10005,苗栗縣,10005020,苑裡鎮,358,10005020001,苑東里,220,502,1,K,MIA,NULL,NULL
苗栗縣苑裡鎮苑南里,10005,苗栗縣,10005020,苑裡鎮,358,10005020002,苑南里,220,502,2,K,MIA,NULL,NULL
苗栗縣苑裡鎮苑北里,10005,苗栗縣,10005020,苑裡鎮,358,10005020003,苑北里,220,502,3,K,MIA,NULL,NULL
苗栗縣苑裡鎮西平里,10005,苗栗縣,10005020,苑裡鎮,358,10005020004,西平里,220,502,4,K,MIA,NULL,NULL
苗栗縣苑裡鎮苑港里,10005,苗栗縣,10005020,苑裡鎮,358,10005020005,苑港里,220,502,5,K,MIA,NULL,NULL
苗栗縣苑裡鎮西勢里,10005,苗栗縣,10005020,苑裡鎮,358,10005020006,西勢里,220,502,6,K,MIA,NULL,NULL
苗栗縣苑裡鎮海岸里,10005,苗栗縣,10005020,苑裡鎮,358,10005020007,海岸里,220,502,7,K,MIA,NULL,NULL
苗栗縣苑裡鎮房裡里,10005,苗栗縣,10005020,苑裡鎮,358,10005020008,房裡里,220,502,8,K,MIA,NULL,NULL
苗栗縣苑裡鎮客庄里,10005,苗栗縣,10005020,苑裡鎮,358,10005020009,客庄里,220,502,9,K,MIA,NULL,NULL
苗栗縣苑裡鎮中正里,10005,苗栗縣,10005020,苑裡鎮,358,10005020010,中正里,220,502,10,K,MIA,NULL,NULL
苗栗縣苑裡鎮苑坑里,10005,苗栗縣,10005020,苑裡鎮,358,10005020011,苑坑里,220,502,11,K,MIA,NULL,NULL
苗栗縣苑裡鎮水坡里,10005,苗栗縣,10005020,苑裡鎮,358,10005020012,水坡里,220,502,12,K,MIA,NULL,NULL
苗栗縣苑裡鎮新復里,10005,苗栗縣,10005020,苑裡鎮,358,10005020013,新復里,220,502,13,K,MIA,NULL,NULL
苗栗縣苑裡鎮山脚里,10005,苗栗縣,10005020,苑裡鎮,358,10005020014,山脚里,220,502,14,K,MIA,NULL,NULL
苗栗縣苑裡鎮舊社里,10005,苗栗縣,10005020,苑裡鎮,358,10005020015,舊社里,220,502,15,K,MIA,NULL,NULL
苗栗縣苑裡鎮福田里,10005,苗栗縣,10005020,苑裡鎮,358,10005020016,福田里,220,502,16,K,MIA,NULL,NULL
苗栗縣苑裡鎮石鎮里,10005,苗栗縣,10005020,苑裡鎮,358,10005020017,石鎮里,220,502,17,K,MIA,NULL,NULL
苗栗縣苑裡鎮蕉埔里,10005,苗栗縣,10005020,苑裡鎮,358,10005020018,蕉埔里,220,502,18,K,MIA,NULL,NULL
苗栗縣苑裡鎮社苓里,10005,苗栗縣,10005020,苑裡鎮,358,10005020019,社苓里,220,502,19,K,MIA,NULL,NULL
苗栗縣苑裡鎮泰田里,10005,苗栗縣,10005020,苑裡鎮,358,10005020020,泰田里,220,502,20,K,MIA,NULL,NULL
苗栗縣苑裡鎮上舘里,10005,苗栗縣,10005020,苑裡鎮,358,10005020021,上舘里,220,502,21,K,MIA,NULL,NULL
苗栗縣苑裡鎮玉田里,10005,苗栗縣,10005020,苑裡鎮,358,10005020022,玉田里,220,502,22,K,MIA,NULL,NULL
苗栗縣苑裡鎮南勢里,10005,苗栗縣,10005020,苑裡鎮,358,10005020023,南勢里,220,502,23,K,MIA,NULL,NULL
苗栗縣苑裡鎮山柑里,10005,苗栗縣,10005020,苑裡鎮,358,10005020024,山柑里,220,502,24,K,MIA,NULL,NULL
苗栗縣苑裡鎮田心里,10005,苗栗縣,10005020,苑裡鎮,358,10005020025,田心里,220,502,25,K,MIA,NULL,NULL
苗栗縣通霄鎮通東里,10005,苗栗縣,10005030,通霄鎮,357,10005030001,通東里,220,503,1,K,MIA,NULL,NULL
苗栗縣通霄鎮通西里,10005,苗栗縣,10005030,通霄鎮,357,10005030002,通西里,220,503,2,K,MIA,NULL,NULL
苗栗縣通霄鎮平元里,10005,苗栗縣,10005030,通霄鎮,357,10005030003,平元里,220,503,3,K,MIA,NULL,NULL
苗栗縣通霄鎮梅南里,10005,苗栗縣,10005030,通霄鎮,357,10005030004,梅南里,220,503,4,K,MIA,NULL,NULL
苗栗縣通霄鎮圳頭里,10005,苗栗縣,10005030,通霄鎮,357,10005030005,圳頭里,220,503,5,K,MIA,NULL,NULL
苗栗縣通霄鎮通南里,10005,苗栗縣,10005030,通霄鎮,357,10005030006,通南里,220,503,6,K,MIA,NULL,NULL
苗栗縣通霄鎮城北里,10005,苗栗縣,10005030,通霄鎮,357,10005030007,城北里,220,503,7,K,MIA,NULL,NULL
苗栗縣通霄鎮城南里,10005,苗栗縣,10005030,通霄鎮,357,10005030008,城南里,220,503,8,K,MIA,NULL,NULL
苗栗縣通霄鎮南和里,10005,苗栗縣,10005030,通霄鎮,357,10005030009,南和里,220,503,9,K,MIA,NULL,NULL
苗栗縣通霄鎮福興里,10005,苗栗縣,10005030,通霄鎮,357,10005030010,福興里,220,503,10,K,MIA,NULL,NULL
苗栗縣通霄鎮坪頂里,10005,苗栗縣,10005030,通霄鎮,357,10005030011,坪頂里,220,503,11,K,MIA,NULL,NULL
苗栗縣通霄鎮五南里,10005,苗栗縣,10005030,通霄鎮,357,10005030012,五南里,220,503,12,K,MIA,NULL,NULL
苗栗縣通霄鎮五北里,10005,苗栗縣,10005030,通霄鎮,357,10005030013,五北里,220,503,13,K,MIA,NULL,NULL
苗栗縣通霄鎮內湖里,10005,苗栗縣,10005030,通霄鎮,357,10005030014,內湖里,220,503,14,K,MIA,NULL,NULL
苗栗縣通霄鎮楓樹里,10005,苗栗縣,10005030,通霄鎮,357,10005030015,楓樹里,220,503,15,K,MIA,NULL,NULL
苗栗縣通霄鎮烏眉里,10005,苗栗縣,10005030,通霄鎮,357,10005030016,烏眉里,220,503,16,K,MIA,NULL,NULL
苗栗縣通霄鎮福龍里,10005,苗栗縣,10005030,通霄鎮,357,10005030017,福龍里,220,503,17,K,MIA,NULL,NULL
苗栗縣通霄鎮福源里,10005,苗栗縣,10005030,通霄鎮,357,10005030018,福源里,220,503,18,K,MIA,NULL,NULL
苗栗縣通霄鎮通灣里,10005,苗栗縣,10005030,通霄鎮,357,10005030019,通灣里,220,503,19,K,MIA,NULL,NULL
苗栗縣通霄鎮新埔里,10005,苗栗縣,10005030,通霄鎮,357,10005030020,新埔里,220,503,20,K,MIA,NULL,NULL
苗栗縣通霄鎮內島里,10005,苗栗縣,10005030,通霄鎮,357,10005030021,內島里,220,503,21,K,MIA,NULL,NULL
苗栗縣通霄鎮白東里,10005,苗栗縣,10005030,通霄鎮,357,10005030022,白東里,220,503,22,K,MIA,NULL,NULL
苗栗縣通霄鎮白西里,10005,苗栗縣,10005030,通霄鎮,357,10005030023,白西里,220,503,23,K,MIA,NULL,NULL
苗栗縣通霄鎮平安里,10005,苗栗縣,10005030,通霄鎮,357,10005030024,平安里,220,503,24,K,MIA,NULL,NULL
苗栗縣竹南鎮竹南里,10005,苗栗縣,10005040,竹南鎮,350,10005040001,竹南里,220,504,1,K,MIA,NULL,NULL
苗栗縣竹南鎮照南里,10005,苗栗縣,10005040,竹南鎮,350,10005040002,照南里,220,504,2,K,MIA,NULL,NULL
苗栗縣竹南鎮正南里,10005,苗栗縣,10005040,竹南鎮,350,10005040003,正南里,220,504,3,K,MIA,NULL,NULL
苗栗縣竹南鎮新南里,10005,苗栗縣,10005040,竹南鎮,350,10005040004,新南里,220,504,4,K,MIA,NULL,NULL
苗栗縣竹南鎮大厝里,10005,苗栗縣,10005040,竹南鎮,350,10005040005,大厝里,220,504,5,K,MIA,NULL,NULL
苗栗縣竹南鎮營盤里,10005,苗栗縣,10005040,竹南鎮,350,10005040006,營盤里,220,504,6,K,MIA,NULL,NULL
苗栗縣竹南鎮聖福里,10005,苗栗縣,10005040,竹南鎮,350,10005040007,聖福里,220,504,7,K,MIA,NULL,NULL
苗栗縣竹南鎮竹興里,10005,苗栗縣,10005040,竹南鎮,350,10005040008,竹興里,220,504,8,K,MIA,NULL,NULL
苗栗縣竹南鎮龍鳳里,10005,苗栗縣,10005040,竹南鎮,350,10005040009,龍鳳里,220,504,9,K,MIA,NULL,NULL
苗栗縣竹南鎮山佳里,10005,苗栗縣,10005040,竹南鎮,350,10005040010,山佳里,220,504,10,K,MIA,NULL,NULL
苗栗縣竹南鎮中港里,10005,苗栗縣,10005040,竹南鎮,350,10005040011,中港里,220,504,11,K,MIA,NULL,NULL
苗栗縣竹南鎮中華里,10005,苗栗縣,10005040,竹南鎮,350,10005040012,中華里,220,504,12,K,MIA,NULL,NULL
苗栗縣竹南鎮中英里,10005,苗栗縣,10005040,竹南鎮,350,10005040013,中英里,220,504,13,K,MIA,NULL,NULL
苗栗縣竹南鎮中美里,10005,苗栗縣,10005040,竹南鎮,350,10005040014,中美里,220,504,14,K,MIA,NULL,NULL
苗栗縣竹南鎮開元里,10005,苗栗縣,10005040,竹南鎮,350,10005040015,開元里,220,504,15,K,MIA,NULL,NULL
苗栗縣竹南鎮海口里,10005,苗栗縣,10005040,竹南鎮,350,10005040016,海口里,220,504,16,K,MIA,NULL,NULL
苗栗縣竹南鎮港墘里,10005,苗栗縣,10005040,竹南鎮,350,10005040017,港墘里,220,504,17,K,MIA,NULL,NULL
苗栗縣竹南鎮公舘里,10005,苗栗縣,10005040,竹南鎮,350,10005040018,公舘里,220,504,18,K,MIA,NULL,NULL
苗栗縣竹南鎮大埔里,10005,苗栗縣,10005040,竹南鎮,350,10005040019,大埔里,220,504,19,K,MIA,NULL,NULL
苗栗縣竹南鎮頂埔里,10005,苗栗縣,10005040,竹南鎮,350,10005040020,頂埔里,220,504,20,K,MIA,NULL,NULL
苗栗縣竹南鎮崎頂里,10005,苗栗縣,10005040,竹南鎮,350,10005040021,崎頂里,220,504,21,K,MIA,NULL,NULL
苗栗縣竹南鎮公義里,10005,苗栗縣,10005040,竹南鎮,350,10005040022,公義里,220,504,22,K,MIA,NULL,NULL
苗栗縣竹南鎮佳興里,10005,苗栗縣,10005040,竹南鎮,350,10005040023,佳興里,220,504,23,K,MIA,NULL,NULL
苗栗縣竹南鎮天文里,10005,苗栗縣,10005040,竹南鎮,350,10005040024,天文里,220,504,24,K,MIA,NULL,NULL
苗栗縣竹南鎮龍山里,10005,苗栗縣,10005040,竹南鎮,350,10005040025,龍山里,220,504,25,K,MIA,NULL,NULL
苗栗縣頭份鎮流東里,10005,苗栗縣,10005050,頭份鎮,351,10005050001,流東里,220,505,1,K,MIA,NULL,NULL
苗栗縣頭份鎮珊湖里,10005,苗栗縣,10005050,頭份鎮,351,10005050002,珊湖里,220,505,2,K,MIA,NULL,NULL
苗栗縣頭份鎮斗煥里,10005,苗栗縣,10005050,頭份鎮,351,10005050003,斗煥里,220,505,3,K,MIA,NULL,NULL
苗栗縣頭份鎮新華里,10005,苗栗縣,10005050,頭份鎮,351,10005050004,新華里,220,505,4,K,MIA,NULL,NULL
苗栗縣頭份鎮興隆里,10005,苗栗縣,10005050,頭份鎮,351,10005050005,興隆里,220,505,5,K,MIA,NULL,NULL
苗栗縣頭份鎮上埔里,10005,苗栗縣,10005050,頭份鎮,351,10005050006,上埔里,220,505,6,K,MIA,NULL,NULL
苗栗縣頭份鎮土牛里,10005,苗栗縣,10005050,頭份鎮,351,10005050007,土牛里,220,505,7,K,MIA,NULL,NULL
苗栗縣頭份鎮頭份里,10005,苗栗縣,10005050,頭份鎮,351,10005050008,頭份里,220,505,8,K,MIA,NULL,NULL
苗栗縣頭份鎮忠孝里,10005,苗栗縣,10005050,頭份鎮,351,10005050009,忠孝里,220,505,9,K,MIA,NULL,NULL
苗栗縣頭份鎮仁愛里,10005,苗栗縣,10005050,頭份鎮,351,10005050010,仁愛里,220,505,10,K,MIA,NULL,NULL
苗栗縣頭份鎮信義里,10005,苗栗縣,10005050,頭份鎮,351,10005050011,信義里,220,505,11,K,MIA,NULL,NULL
苗栗縣頭份鎮和平里,10005,苗栗縣,10005050,頭份鎮,351,10005050012,和平里,220,505,12,K,MIA,NULL,NULL
苗栗縣頭份鎮民族里,10005,苗栗縣,10005050,頭份鎮,351,10005050013,民族里,220,505,13,K,MIA,NULL,NULL
苗栗縣頭份鎮東庄里,10005,苗栗縣,10005050,頭份鎮,351,10005050014,東庄里,220,505,14,K,MIA,NULL,NULL
苗栗縣頭份鎮後庄里,10005,苗栗縣,10005050,頭份鎮,351,10005050015,後庄里,220,505,15,K,MIA,NULL,NULL
苗栗縣頭份鎮山下里,10005,苗栗縣,10005050,頭份鎮,351,10005050016,山下里,220,505,16,K,MIA,NULL,NULL
苗栗縣頭份鎮蟠桃里,10005,苗栗縣,10005050,頭份鎮,351,10005050017,蟠桃里,220,505,17,K,MIA,NULL,NULL
苗栗縣頭份鎮田寮里,10005,苗栗縣,10005050,頭份鎮,351,10005050018,田寮里,220,505,18,K,MIA,NULL,NULL
苗栗縣頭份鎮蘆竹里,10005,苗栗縣,10005050,頭份鎮,351,10005050019,蘆竹里,220,505,19,K,MIA,NULL,NULL
苗栗縣頭份鎮上興里,10005,苗栗縣,10005050,頭份鎮,351,10005050020,上興里,220,505,20,K,MIA,NULL,NULL
苗栗縣頭份鎮下興里,10005,苗栗縣,10005050,頭份鎮,351,10005050021,下興里,220,505,21,K,MIA,NULL,NULL
苗栗縣頭份鎮尖山里,10005,苗栗縣,10005050,頭份鎮,351,10005050022,尖山里,220,505,22,K,MIA,NULL,NULL
苗栗縣頭份鎮尖下里,10005,苗栗縣,10005050,頭份鎮,351,10005050023,尖下里,220,505,23,K,MIA,NULL,NULL
苗栗縣頭份鎮廣興里,10005,苗栗縣,10005050,頭份鎮,351,10005050024,廣興里,220,505,24,K,MIA,NULL,NULL
苗栗縣頭份鎮濫坑里,10005,苗栗縣,10005050,頭份鎮,351,10005050025,濫坑里,220,505,25,K,MIA,NULL,NULL
苗栗縣頭份鎮民權里,10005,苗栗縣,10005050,頭份鎮,351,10005050026,民權里,220,505,26,K,MIA,NULL,NULL
苗栗縣頭份鎮民生里,10005,苗栗縣,10005050,頭份鎮,351,10005050027,民生里,220,505,27,K,MIA,NULL,NULL
苗栗縣頭份鎮建國里,10005,苗栗縣,10005050,頭份鎮,351,10005050028,建國里,220,505,28,K,MIA,NULL,NULL
苗栗縣頭份鎮成功里,10005,苗栗縣,10005050,頭份鎮,351,10005050029,成功里,220,505,29,K,MIA,NULL,NULL
苗栗縣頭份鎮自強里,10005,苗栗縣,10005050,頭份鎮,351,10005050030,自強里,220,505,30,K,MIA,NULL,NULL
苗栗縣頭份鎮合興里,10005,苗栗縣,10005050,頭份鎮,351,10005050031,合興里,220,505,31,K,MIA,NULL,NULL
苗栗縣頭份鎮文化里,10005,苗栗縣,10005050,頭份鎮,351,10005050032,文化里,220,505,32,K,MIA,NULL,NULL
苗栗縣頭份鎮中興里,10005,苗栗縣,10005050,頭份鎮,351,10005050033,中興里,220,505,33,K,MIA,NULL,NULL
苗栗縣頭份鎮興安里,10005,苗栗縣,10005050,頭份鎮,351,10005050034,興安里,220,505,34,K,MIA,NULL,NULL
苗栗縣頭份鎮上庄里,10005,苗栗縣,10005050,頭份鎮,351,10005050035,上庄里,220,505,35,K,MIA,NULL,NULL
苗栗縣後龍鎮南龍里,10005,苗栗縣,10005060,後龍鎮,356,10005060001,南龍里,220,506,1,K,MIA,NULL,NULL
苗栗縣後龍鎮中龍里,10005,苗栗縣,10005060,後龍鎮,356,10005060002,中龍里,220,506,2,K,MIA,NULL,NULL
苗栗縣後龍鎮北龍里,10005,苗栗縣,10005060,後龍鎮,356,10005060003,北龍里,220,506,3,K,MIA,NULL,NULL
苗栗縣後龍鎮大庄里,10005,苗栗縣,10005060,後龍鎮,356,10005060004,大庄里,220,506,4,K,MIA,NULL,NULL
苗栗縣後龍鎮溪洲里,10005,苗栗縣,10005060,後龍鎮,356,10005060005,溪洲里,220,506,5,K,MIA,NULL,NULL
苗栗縣後龍鎮豐富里,10005,苗栗縣,10005060,後龍鎮,356,10005060006,豐富里,220,506,6,K,MIA,NULL,NULL
苗栗縣後龍鎮校椅里,10005,苗栗縣,10005060,後龍鎮,356,10005060007,校椅里,220,506,7,K,MIA,NULL,NULL
苗栗縣後龍鎮埔頂里,10005,苗栗縣,10005060,後龍鎮,356,10005060008,埔頂里,220,506,8,K,MIA,NULL,NULL
苗栗縣後龍鎮新民里,10005,苗栗縣,10005060,後龍鎮,356,10005060009,新民里,220,506,9,K,MIA,NULL,NULL
苗栗縣後龍鎮復興里,10005,苗栗縣,10005060,後龍鎮,356,10005060010,復興里,220,506,10,K,MIA,NULL,NULL
苗栗縣後龍鎮東明里,10005,苗栗縣,10005060,後龍鎮,356,10005060011,東明里,220,506,11,K,MIA,NULL,NULL
苗栗縣後龍鎮大山里,10005,苗栗縣,10005060,後龍鎮,356,10005060012,大山里,220,506,12,K,MIA,NULL,NULL
苗栗縣後龍鎮灣寶里,10005,苗栗縣,10005060,後龍鎮,356,10005060013,灣寶里,220,506,13,K,MIA,NULL,NULL
苗栗縣後龍鎮海寶里,10005,苗栗縣,10005060,後龍鎮,356,10005060014,海寶里,220,506,14,K,MIA,NULL,NULL
苗栗縣後龍鎮外埔里,10005,苗栗縣,10005060,後龍鎮,356,10005060015,外埔里,220,506,15,K,MIA,NULL,NULL
苗栗縣後龍鎮海埔里,10005,苗栗縣,10005060,後龍鎮,356,10005060016,海埔里,220,506,16,K,MIA,NULL,NULL
苗栗縣後龍鎮秀水里,10005,苗栗縣,10005060,後龍鎮,356,10005060017,秀水里,220,506,17,K,MIA,NULL,NULL
苗栗縣後龍鎮水尾里,10005,苗栗縣,10005060,後龍鎮,356,10005060018,水尾里,220,506,18,K,MIA,NULL,NULL
苗栗縣後龍鎮龍津里,10005,苗栗縣,10005060,後龍鎮,356,10005060019,龍津里,220,506,19,K,MIA,NULL,NULL
苗栗縣後龍鎮龍坑里,10005,苗栗縣,10005060,後龍鎮,356,10005060020,龍坑里,220,506,20,K,MIA,NULL,NULL
苗栗縣後龍鎮福寧里,10005,苗栗縣,10005060,後龍鎮,356,10005060021,福寧里,220,506,21,K,MIA,NULL,NULL
苗栗縣後龍鎮中和里,10005,苗栗縣,10005060,後龍鎮,356,10005060022,中和里,220,506,22,K,MIA,NULL,NULL
苗栗縣後龍鎮南港里,10005,苗栗縣,10005060,後龍鎮,356,10005060023,南港里,220,506,23,K,MIA,NULL,NULL
苗栗縣卓蘭鎮中街里,10005,苗栗縣,10005070,卓蘭鎮,369,10005070001,中街里,220,507,1,K,MIA,NULL,NULL
苗栗縣卓蘭鎮新厝里,10005,苗栗縣,10005070,卓蘭鎮,369,10005070002,新厝里,220,507,2,K,MIA,NULL,NULL
苗栗縣卓蘭鎮上新里,10005,苗栗縣,10005070,卓蘭鎮,369,10005070003,上新里,220,507,3,K,MIA,NULL,NULL
苗栗縣卓蘭鎮豐田里,10005,苗栗縣,10005070,卓蘭鎮,369,10005070004,豐田里,220,507,4,K,MIA,NULL,NULL
苗栗縣卓蘭鎮西坪里,10005,苗栗縣,10005070,卓蘭鎮,369,10005070005,西坪里,220,507,5,K,MIA,NULL,NULL
苗栗縣卓蘭鎮景山里,10005,苗栗縣,10005070,卓蘭鎮,369,10005070006,景山里,220,507,6,K,MIA,NULL,NULL
苗栗縣卓蘭鎮老庄里,10005,苗栗縣,10005070,卓蘭鎮,369,10005070007,老庄里,220,507,7,K,MIA,NULL,NULL
苗栗縣卓蘭鎮新榮里,10005,苗栗縣,10005070,卓蘭鎮,369,10005070008,新榮里,220,507,8,K,MIA,NULL,NULL
苗栗縣卓蘭鎮內灣里,10005,苗栗縣,10005070,卓蘭鎮,369,10005070009,內灣里,220,507,9,K,MIA,NULL,NULL
苗栗縣卓蘭鎮苗豐里,10005,苗栗縣,10005070,卓蘭鎮,369,10005070010,苗豐里,220,507,10,K,MIA,NULL,NULL
苗栗縣卓蘭鎮坪林里,10005,苗栗縣,10005070,卓蘭鎮,369,10005070011,坪林里,220,507,11,K,MIA,NULL,NULL
苗栗縣大湖鄉大湖村,10005,苗栗縣,10005080,大湖鄉,364,10005080001,大湖村,220,508,1,K,MIA,NULL,NULL
苗栗縣大湖鄉明湖村,10005,苗栗縣,10005080,大湖鄉,364,10005080002,明湖村,220,508,2,K,MIA,NULL,NULL
苗栗縣大湖鄉靜湖村,10005,苗栗縣,10005080,大湖鄉,364,10005080003,靜湖村,220,508,3,K,MIA,NULL,NULL
苗栗縣大湖鄉富興村,10005,苗栗縣,10005080,大湖鄉,364,10005080004,富興村,220,508,4,K,MIA,NULL,NULL
苗栗縣大湖鄉大南村,10005,苗栗縣,10005080,大湖鄉,364,10005080005,大南村,220,508,5,K,MIA,NULL,NULL
苗栗縣大湖鄉大寮村,10005,苗栗縣,10005080,大湖鄉,364,10005080006,大寮村,220,508,6,K,MIA,NULL,NULL
苗栗縣大湖鄉南湖村,10005,苗栗縣,10005080,大湖鄉,364,10005080007,南湖村,220,508,7,K,MIA,NULL,NULL
苗栗縣大湖鄉義和村,10005,苗栗縣,10005080,大湖鄉,364,10005080008,義和村,220,508,8,K,MIA,NULL,NULL
苗栗縣大湖鄉東興村,10005,苗栗縣,10005080,大湖鄉,364,10005080009,東興村,220,508,9,K,MIA,NULL,NULL
苗栗縣大湖鄉武榮村,10005,苗栗縣,10005080,大湖鄉,364,10005080010,武榮村,220,508,10,K,MIA,NULL,NULL
苗栗縣大湖鄉栗林村,10005,苗栗縣,10005080,大湖鄉,364,10005080011,栗林村,220,508,11,K,MIA,NULL,NULL
苗栗縣大湖鄉新開村,10005,苗栗縣,10005080,大湖鄉,364,10005080012,新開村,220,508,12,K,MIA,NULL,NULL
苗栗縣公館鄉館中村,10005,苗栗縣,10005090,公館鄉,363,10005090001,館中村,220,509,1,K,MIA,NULL,NULL
苗栗縣公館鄉館東村,10005,苗栗縣,10005090,公館鄉,363,10005090002,館東村,220,509,2,K,MIA,NULL,NULL
苗栗縣公館鄉館南村,10005,苗栗縣,10005090,公館鄉,363,10005090003,館南村,220,509,3,K,MIA,NULL,NULL
苗栗縣公館鄉大坑村,10005,苗栗縣,10005090,公館鄉,363,10005090004,大坑村,220,509,4,K,MIA,NULL,NULL
苗栗縣公館鄉中義村,10005,苗栗縣,10005090,公館鄉,363,10005090005,中義村,220,509,5,K,MIA,NULL,NULL
苗栗縣公館鄉玉泉村,10005,苗栗縣,10005090,公館鄉,363,10005090006,玉泉村,220,509,6,K,MIA,NULL,NULL
苗栗縣公館鄉石墻村,10005,苗栗縣,10005090,公館鄉,363,10005090007,石墻村,220,509,7,K,MIA,NULL,NULL
苗栗縣公館鄉福基村,10005,苗栗縣,10005090,公館鄉,363,10005090008,福基村,220,509,8,K,MIA,NULL,NULL
苗栗縣公館鄉福星村,10005,苗栗縣,10005090,公館鄉,363,10005090009,福星村,220,509,9,K,MIA,NULL,NULL
苗栗縣公館鄉開礦村,10005,苗栗縣,10005090,公館鄉,363,10005090010,開礦村,220,509,10,K,MIA,NULL,NULL
苗栗縣公館鄉福德村,10005,苗栗縣,10005090,公館鄉,363,10005090011,福德村,220,509,11,K,MIA,NULL,NULL
苗栗縣公館鄉五谷村,10005,苗栗縣,10005090,公館鄉,363,10005090012,五谷村,220,509,12,K,MIA,NULL,NULL
苗栗縣公館鄉玉谷村,10005,苗栗縣,10005090,公館鄉,363,10005090013,玉谷村,220,509,13,K,MIA,NULL,NULL
苗栗縣公館鄉鶴岡村,10005,苗栗縣,10005090,公館鄉,363,10005090014,鶴岡村,220,509,14,K,MIA,NULL,NULL
苗栗縣公館鄉鶴山村,10005,苗栗縣,10005090,公館鄉,363,10005090015,鶴山村,220,509,15,K,MIA,NULL,NULL
苗栗縣公館鄉仁安村,10005,苗栗縣,10005090,公館鄉,363,10005090016,仁安村,220,509,16,K,MIA,NULL,NULL
苗栗縣公館鄉尖山村,10005,苗栗縣,10005090,公館鄉,363,10005090017,尖山村,220,509,17,K,MIA,NULL,NULL
苗栗縣公館鄉南河村,10005,苗栗縣,10005090,公館鄉,363,10005090018,南河村,220,509,18,K,MIA,NULL,NULL
苗栗縣公館鄉北河村,10005,苗栗縣,10005090,公館鄉,363,10005090019,北河村,220,509,19,K,MIA,NULL,NULL
苗栗縣銅鑼鄉福興村,10005,苗栗縣,10005100,銅鑼鄉,366,10005100001,福興村,220,510,1,K,MIA,NULL,NULL
苗栗縣銅鑼鄉銅鑼村,10005,苗栗縣,10005100,銅鑼鄉,366,10005100002,銅鑼村,220,510,2,K,MIA,NULL,NULL
苗栗縣銅鑼鄉朝陽村,10005,苗栗縣,10005100,銅鑼鄉,366,10005100003,朝陽村,220,510,3,K,MIA,NULL,NULL
苗栗縣銅鑼鄉樟樹村,10005,苗栗縣,10005100,銅鑼鄉,366,10005100004,樟樹村,220,510,4,K,MIA,NULL,NULL
苗栗縣銅鑼鄉九湖村,10005,苗栗縣,10005100,銅鑼鄉,366,10005100005,九湖村,220,510,5,K,MIA,NULL,NULL
苗栗縣銅鑼鄉竹森村,10005,苗栗縣,10005100,銅鑼鄉,366,10005100006,竹森村,220,510,6,K,MIA,NULL,NULL
苗栗縣銅鑼鄉中平村,10005,苗栗縣,10005100,銅鑼鄉,366,10005100007,中平村,220,510,7,K,MIA,NULL,NULL
苗栗縣銅鑼鄉興隆村,10005,苗栗縣,10005100,銅鑼鄉,366,10005100008,興隆村,220,510,8,K,MIA,NULL,NULL
苗栗縣銅鑼鄉盛隆村,10005,苗栗縣,10005100,銅鑼鄉,366,10005100009,盛隆村,220,510,9,K,MIA,NULL,NULL
苗栗縣銅鑼鄉新隆村,10005,苗栗縣,10005100,銅鑼鄉,366,10005100010,新隆村,220,510,10,K,MIA,NULL,NULL
苗栗縣南庄鄉東村,10005,苗栗縣,10005110,南庄鄉,353,10005110001,東村,220,511,1,K,MIA,NULL,NULL
苗栗縣南庄鄉西村,10005,苗栗縣,10005110,南庄鄉,353,10005110002,西村,220,511,2,K,MIA,NULL,NULL
苗栗縣南庄鄉南江村,10005,苗栗縣,10005110,南庄鄉,353,10005110003,南江村,220,511,3,K,MIA,NULL,NULL
苗栗縣南庄鄉田美村,10005,苗栗縣,10005110,南庄鄉,353,10005110004,田美村,220,511,4,K,MIA,NULL,NULL
苗栗縣南庄鄉獅山村,10005,苗栗縣,10005110,南庄鄉,353,10005110005,獅山村,220,511,5,K,MIA,NULL,NULL
苗栗縣南庄鄉南富村,10005,苗栗縣,10005110,南庄鄉,353,10005110006,南富村,220,511,6,K,MIA,NULL,NULL
苗栗縣南庄鄉員林村,10005,苗栗縣,10005110,南庄鄉,353,10005110007,員林村,220,511,7,K,MIA,NULL,NULL
苗栗縣南庄鄉蓬萊村,10005,苗栗縣,10005110,南庄鄉,353,10005110008,蓬萊村,220,511,8,K,MIA,NULL,NULL
苗栗縣南庄鄉東河村,10005,苗栗縣,10005110,南庄鄉,353,10005110009,東河村,220,511,9,K,MIA,NULL,NULL
苗栗縣頭屋鄉頭屋村,10005,苗栗縣,10005120,頭屋鄉,362,10005120001,頭屋村,220,512,1,K,MIA,NULL,NULL
苗栗縣頭屋鄉象山村,10005,苗栗縣,10005120,頭屋鄉,362,10005120002,象山村,220,512,2,K,MIA,NULL,NULL
苗栗縣頭屋鄉北坑村,10005,苗栗縣,10005120,頭屋鄉,362,10005120003,北坑村,220,512,3,K,MIA,NULL,NULL
苗栗縣頭屋鄉獅潭村,10005,苗栗縣,10005120,頭屋鄉,362,10005120004,獅潭村,220,512,4,K,MIA,NULL,NULL
苗栗縣頭屋鄉曲洞村,10005,苗栗縣,10005120,頭屋鄉,362,10005120005,曲洞村,220,512,5,K,MIA,NULL,NULL
苗栗縣頭屋鄉飛鳳村,10005,苗栗縣,10005120,頭屋鄉,362,10005120006,飛鳳村,220,512,6,K,MIA,NULL,NULL
苗栗縣頭屋鄉明德村,10005,苗栗縣,10005120,頭屋鄉,362,10005120007,明德村,220,512,7,K,MIA,NULL,NULL
苗栗縣頭屋鄉鳴鳳村,10005,苗栗縣,10005120,頭屋鄉,362,10005120008,鳴鳳村,220,512,8,K,MIA,NULL,NULL
苗栗縣三義鄉廣盛村,10005,苗栗縣,10005130,三義鄉,367,10005130001,廣盛村,220,513,1,K,MIA,NULL,NULL
苗栗縣三義鄉双湖村,10005,苗栗縣,10005130,三義鄉,367,10005130002,双湖村,220,513,2,K,MIA,NULL,NULL
苗栗縣三義鄉双潭村,10005,苗栗縣,10005130,三義鄉,367,10005130003,双潭村,220,513,3,K,MIA,NULL,NULL
苗栗縣三義鄉勝興村,10005,苗栗縣,10005130,三義鄉,367,10005130004,勝興村,220,513,4,K,MIA,NULL,NULL
苗栗縣三義鄉西湖村,10005,苗栗縣,10005130,三義鄉,367,10005130005,西湖村,220,513,5,K,MIA,NULL,NULL
苗栗縣三義鄉龍騰村,10005,苗栗縣,10005130,三義鄉,367,10005130006,龍騰村,220,513,6,K,MIA,NULL,NULL
苗栗縣三義鄉鯉魚潭村,10005,苗栗縣,10005130,三義鄉,367,10005130007,鯉魚潭村,220,513,7,K,MIA,NULL,NULL
苗栗縣西湖鄉高埔村,10005,苗栗縣,10005140,西湖鄉,368,10005140001,高埔村,220,514,1,K,MIA,NULL,NULL
苗栗縣西湖鄉下埔村,10005,苗栗縣,10005140,西湖鄉,368,10005140002,下埔村,220,514,2,K,MIA,NULL,NULL
苗栗縣西湖鄉五湖村,10005,苗栗縣,10005140,西湖鄉,368,10005140003,五湖村,220,514,3,K,MIA,NULL,NULL
苗栗縣西湖鄉四湖村,10005,苗栗縣,10005140,西湖鄉,368,10005140004,四湖村,220,514,4,K,MIA,NULL,NULL
苗栗縣西湖鄉金獅村,10005,苗栗縣,10005140,西湖鄉,368,10005140005,金獅村,220,514,5,K,MIA,NULL,NULL
苗栗縣西湖鄉龍洞村,10005,苗栗縣,10005140,西湖鄉,368,10005140006,龍洞村,220,514,6,K,MIA,NULL,NULL
苗栗縣西湖鄉三湖村,10005,苗栗縣,10005140,西湖鄉,368,10005140007,三湖村,220,514,7,K,MIA,NULL,NULL
苗栗縣西湖鄉湖東村,10005,苗栗縣,10005140,西湖鄉,368,10005140008,湖東村,220,514,8,K,MIA,NULL,NULL
苗栗縣西湖鄉二湖村,10005,苗栗縣,10005140,西湖鄉,368,10005140009,二湖村,220,514,9,K,MIA,NULL,NULL
苗栗縣造橋鄉造橋村,10005,苗栗縣,10005150,造橋鄉,361,10005150001,造橋村,220,515,1,K,MIA,NULL,NULL
苗栗縣造橋鄉平興村,10005,苗栗縣,10005150,造橋鄉,361,10005150002,平興村,220,515,2,K,MIA,NULL,NULL
苗栗縣造橋鄉豐湖村,10005,苗栗縣,10005150,造橋鄉,361,10005150003,豐湖村,220,515,3,K,MIA,NULL,NULL
苗栗縣造橋鄉大西村,10005,苗栗縣,10005150,造橋鄉,361,10005150004,大西村,220,515,4,K,MIA,NULL,NULL
苗栗縣造橋鄉錦水村,10005,苗栗縣,10005150,造橋鄉,361,10005150005,錦水村,220,515,5,K,MIA,NULL,NULL
苗栗縣造橋鄉大龍村,10005,苗栗縣,10005150,造橋鄉,361,10005150006,大龍村,220,515,6,K,MIA,NULL,NULL
苗栗縣造橋鄉朝陽村,10005,苗栗縣,10005150,造橋鄉,361,10005150007,朝陽村,220,515,7,K,MIA,NULL,NULL
苗栗縣造橋鄉談文村,10005,苗栗縣,10005150,造橋鄉,361,10005150008,談文村,220,515,8,K,MIA,NULL,NULL
苗栗縣造橋鄉龍昇村,10005,苗栗縣,10005150,造橋鄉,361,10005150009,龍昇村,220,515,9,K,MIA,NULL,NULL
苗栗縣三灣鄉三灣村,10005,苗栗縣,10005160,三灣鄉,352,10005160001,三灣村,220,516,1,K,MIA,NULL,NULL
苗栗縣三灣鄉內灣村,10005,苗栗縣,10005160,三灣鄉,352,10005160002,內灣村,220,516,2,K,MIA,NULL,NULL
苗栗縣三灣鄉銅鏡村,10005,苗栗縣,10005160,三灣鄉,352,10005160003,銅鏡村,220,516,3,K,MIA,NULL,NULL
苗栗縣三灣鄉頂寮村,10005,苗栗縣,10005160,三灣鄉,352,10005160004,頂寮村,220,516,4,K,MIA,NULL,NULL
苗栗縣三灣鄉北埔村,10005,苗栗縣,10005160,三灣鄉,352,10005160005,北埔村,220,516,5,K,MIA,NULL,NULL
苗栗縣三灣鄉大河村,10005,苗栗縣,10005160,三灣鄉,352,10005160006,大河村,220,516,6,K,MIA,NULL,NULL
苗栗縣三灣鄉大坪村,10005,苗栗縣,10005160,三灣鄉,352,10005160007,大坪村,220,516,7,K,MIA,NULL,NULL
苗栗縣三灣鄉永和村,10005,苗栗縣,10005160,三灣鄉,352,10005160008,永和村,220,516,8,K,MIA,NULL,NULL
苗栗縣獅潭鄉百壽村,10005,苗栗縣,10005170,獅潭鄉,354,10005170001,百壽村,220,517,1,K,MIA,NULL,NULL
苗栗縣獅潭鄉永興村,10005,苗栗縣,10005170,獅潭鄉,354,10005170002,永興村,220,517,2,K,MIA,NULL,NULL
苗栗縣獅潭鄉新店村,10005,苗栗縣,10005170,獅潭鄉,354,10005170003,新店村,220,517,3,K,MIA,NULL,NULL
苗栗縣獅潭鄉和興村,10005,苗栗縣,10005170,獅潭鄉,354,10005170004,和興村,220,517,4,K,MIA,NULL,NULL
苗栗縣獅潭鄉豐林村,10005,苗栗縣,10005170,獅潭鄉,354,10005170005,豐林村,220,517,5,K,MIA,NULL,NULL
苗栗縣獅潭鄉新豐村,10005,苗栗縣,10005170,獅潭鄉,354,10005170006,新豐村,220,517,6,K,MIA,NULL,NULL
苗栗縣獅潭鄉竹木村,10005,苗栗縣,10005170,獅潭鄉,354,10005170007,竹木村,220,517,7,K,MIA,NULL,NULL
苗栗縣泰安鄉八卦村,10005,苗栗縣,10005180,泰安鄉,365,10005180001,八卦村,220,518,1,K,MIA,NULL,NULL
苗栗縣泰安鄉錦水村,10005,苗栗縣,10005180,泰安鄉,365,10005180002,錦水村,220,518,2,K,MIA,NULL,NULL
苗栗縣泰安鄉清安村,10005,苗栗縣,10005180,泰安鄉,365,10005180003,清安村,220,518,3,K,MIA,NULL,NULL
苗栗縣泰安鄉大興村,10005,苗栗縣,10005180,泰安鄉,365,10005180004,大興村,220,518,4,K,MIA,NULL,NULL
苗栗縣泰安鄉中興村,10005,苗栗縣,10005180,泰安鄉,365,10005180005,中興村,220,518,5,K,MIA,NULL,NULL
苗栗縣泰安鄉梅園村,10005,苗栗縣,10005180,泰安鄉,365,10005180006,梅園村,220,518,6,K,MIA,NULL,NULL
苗栗縣泰安鄉象鼻村,10005,苗栗縣,10005180,泰安鄉,365,10005180007,象鼻村,220,518,7,K,MIA,NULL,NULL
苗栗縣泰安鄉士林村,10005,苗栗縣,10005180,泰安鄉,365,10005180008,士林村,220,518,8,K,MIA,NULL,NULL
彰化縣彰化市文化里,10007,彰化縣,10007010,彰化市,500,10007010001,文化里,230,701,1,N,CHA,NULL,NULL
彰化縣彰化市下廍里,10007,彰化縣,10007010,彰化市,500,10007010002,下廍里,230,701,2,N,CHA,NULL,NULL
彰化縣彰化市興北里,10007,彰化縣,10007010,彰化市,500,10007010003,興北里,230,701,3,N,CHA,NULL,NULL
彰化縣彰化市信義里,10007,彰化縣,10007010,彰化市,500,10007010004,信義里,230,701,4,N,CHA,NULL,NULL
彰化縣彰化市民生里,10007,彰化縣,10007010,彰化市,500,10007010005,民生里,230,701,5,N,CHA,NULL,NULL
彰化縣彰化市陽明里,10007,彰化縣,10007010,彰化市,500,10007010006,陽明里,230,701,6,N,CHA,NULL,NULL
彰化縣彰化市萬安里,10007,彰化縣,10007010,彰化市,500,10007010007,萬安里,230,701,7,N,CHA,NULL,NULL
彰化縣彰化市新興里,10007,彰化縣,10007010,彰化市,500,10007010008,新興里,230,701,8,N,CHA,NULL,NULL
彰化縣彰化市新華里,10007,彰化縣,10007010,彰化市,500,10007010009,新華里,230,701,9,N,CHA,NULL,NULL
彰化縣彰化市龍山里,10007,彰化縣,10007010,彰化市,500,10007010010,龍山里,230,701,10,N,CHA,NULL,NULL
彰化縣彰化市中山里,10007,彰化縣,10007010,彰化市,500,10007010011,中山里,230,701,11,N,CHA,NULL,NULL
彰化縣彰化市中正里,10007,彰化縣,10007010,彰化市,500,10007010012,中正里,230,701,12,N,CHA,NULL,NULL
彰化縣彰化市永福里,10007,彰化縣,10007010,彰化市,500,10007010013,永福里,230,701,13,N,CHA,NULL,NULL
彰化縣彰化市光復里,10007,彰化縣,10007010,彰化市,500,10007010014,光復里,230,701,14,N,CHA,NULL,NULL
彰化縣彰化市光華里,10007,彰化縣,10007010,彰化市,500,10007010015,光華里,230,701,15,N,CHA,NULL,NULL
彰化縣彰化市萬壽里,10007,彰化縣,10007010,彰化市,500,10007010016,萬壽里,230,701,16,N,CHA,NULL,NULL
彰化縣彰化市中央里,10007,彰化縣,10007010,彰化市,500,10007010017,中央里,230,701,17,N,CHA,NULL,NULL
彰化縣彰化市富貴里,10007,彰化縣,10007010,彰化市,500,10007010018,富貴里,230,701,18,N,CHA,NULL,NULL
彰化縣彰化市民權里,10007,彰化縣,10007010,彰化市,500,10007010019,民權里,230,701,19,N,CHA,NULL,NULL
彰化縣彰化市西興里,10007,彰化縣,10007010,彰化市,500,10007010020,西興里,230,701,20,N,CHA,NULL,NULL
彰化縣彰化市西勢里,10007,彰化縣,10007010,彰化市,500,10007010021,西勢里,230,701,21,N,CHA,NULL,NULL
彰化縣彰化市忠孝里,10007,彰化縣,10007010,彰化市,500,10007010022,忠孝里,230,701,22,N,CHA,NULL,NULL
彰化縣彰化市忠權里,10007,彰化縣,10007010,彰化市,500,10007010023,忠權里,230,701,23,N,CHA,NULL,NULL
彰化縣彰化市五權里,10007,彰化縣,10007010,彰化市,500,10007010024,五權里,230,701,24,N,CHA,NULL,NULL
彰化縣彰化市長樂里,10007,彰化縣,10007010,彰化市,500,10007010025,長樂里,230,701,25,N,CHA,NULL,NULL
彰化縣彰化市東芳里,10007,彰化縣,10007010,彰化市,500,10007010026,東芳里,230,701,26,N,CHA,NULL,NULL
彰化縣彰化市南安里,10007,彰化縣,10007010,彰化市,500,10007010027,南安里,230,701,27,N,CHA,NULL,NULL
彰化縣彰化市南美里,10007,彰化縣,10007010,彰化市,500,10007010028,南美里,230,701,28,N,CHA,NULL,NULL
彰化縣彰化市莿桐里,10007,彰化縣,10007010,彰化市,500,10007010029,莿桐里,230,701,29,N,CHA,NULL,NULL
彰化縣彰化市磚󿾨里,10007,彰化縣,10007010,彰化市,500,10007010030,磚󿾨里,230,701,30,N,CHA,NULL,NULL
彰化縣彰化市平和里,10007,彰化縣,10007010,彰化市,500,10007010031,平和里,230,701,31,N,CHA,NULL,NULL
彰化縣彰化市桃源里,10007,彰化縣,10007010,彰化市,500,10007010032,桃源里,230,701,32,N,CHA,NULL,NULL
彰化縣彰化市卦山里,10007,彰化縣,10007010,彰化市,500,10007010033,卦山里,230,701,33,N,CHA,NULL,NULL
彰化縣彰化市東興里,10007,彰化縣,10007010,彰化市,500,10007010034,東興里,230,701,34,N,CHA,NULL,NULL
彰化縣彰化市大同里,10007,彰化縣,10007010,彰化市,500,10007010035,大同里,230,701,35,N,CHA,NULL,NULL
彰化縣彰化市永生里,10007,彰化縣,10007010,彰化市,500,10007010036,永生里,230,701,36,N,CHA,NULL,NULL
彰化縣彰化市華陽里,10007,彰化縣,10007010,彰化市,500,10007010037,華陽里,230,701,37,N,CHA,NULL,NULL
彰化縣彰化市華北里,10007,彰化縣,10007010,彰化市,500,10007010038,華北里,230,701,38,N,CHA,NULL,NULL
彰化縣彰化市南瑶里,10007,彰化縣,10007010,彰化市,500,10007010039,南瑶里,230,701,39,N,CHA,NULL,NULL
彰化縣彰化市成功里,10007,彰化縣,10007010,彰化市,500,10007010040,成功里,230,701,40,N,CHA,NULL,NULL
彰化縣彰化市延和里,10007,彰化縣,10007010,彰化市,500,10007010041,延和里,230,701,41,N,CHA,NULL,NULL
彰化縣彰化市南興里,10007,彰化縣,10007010,彰化市,500,10007010042,南興里,230,701,42,N,CHA,NULL,NULL
彰化縣彰化市西安里,10007,彰化縣,10007010,彰化市,500,10007010043,西安里,230,701,43,N,CHA,NULL,NULL
彰化縣彰化市彰安里,10007,彰化縣,10007010,彰化市,500,10007010044,彰安里,230,701,44,N,CHA,NULL,NULL
彰化縣彰化市光南里,10007,彰化縣,10007010,彰化市,500,10007010045,光南里,230,701,45,N,CHA,NULL,NULL
彰化縣彰化市介壽里,10007,彰化縣,10007010,彰化市,500,10007010046,介壽里,230,701,46,N,CHA,NULL,NULL
彰化縣彰化市延平里,10007,彰化縣,10007010,彰化市,500,10007010047,延平里,230,701,47,N,CHA,NULL,NULL
彰化縣彰化市建寶里,10007,彰化縣,10007010,彰化市,500,10007010048,建寶里,230,701,48,N,CHA,NULL,NULL
彰化縣彰化市福安里,10007,彰化縣,10007010,彰化市,500,10007010049,福安里,230,701,49,N,CHA,NULL,NULL
彰化縣彰化市大竹里,10007,彰化縣,10007010,彰化市,500,10007010050,大竹里,230,701,50,N,CHA,NULL,NULL
彰化縣彰化市竹中里,10007,彰化縣,10007010,彰化市,500,10007010051,竹中里,230,701,51,N,CHA,NULL,NULL
彰化縣彰化市安溪里,10007,彰化縣,10007010,彰化市,500,10007010052,安溪里,230,701,52,N,CHA,NULL,NULL
彰化縣彰化市香山里,10007,彰化縣,10007010,彰化市,500,10007010053,香山里,230,701,53,N,CHA,NULL,NULL
彰化縣彰化市牛埔里,10007,彰化縣,10007010,彰化市,500,10007010054,牛埔里,230,701,54,N,CHA,NULL,NULL
彰化縣彰化市福山里,10007,彰化縣,10007010,彰化市,500,10007010055,福山里,230,701,55,N,CHA,NULL,NULL
彰化縣彰化市中庄里,10007,彰化縣,10007010,彰化市,500,10007010056,中庄里,230,701,56,N,CHA,NULL,NULL
彰化縣彰化市三村里,10007,彰化縣,10007010,彰化市,500,10007010057,三村里,230,701,57,N,CHA,NULL,NULL
彰化縣彰化市國聖里,10007,彰化縣,10007010,彰化市,500,10007010058,國聖里,230,701,58,N,CHA,NULL,NULL
彰化縣彰化市寶廍里,10007,彰化縣,10007010,彰化市,500,10007010059,寶廍里,230,701,59,N,CHA,NULL,NULL
彰化縣彰化市茄苳里,10007,彰化縣,10007010,彰化市,500,10007010060,茄苳里,230,701,60,N,CHA,NULL,NULL
彰化縣彰化市茄南里,10007,彰化縣,10007010,彰化市,500,10007010061,茄南里,230,701,61,N,CHA,NULL,NULL
彰化縣彰化市阿夷里,10007,彰化縣,10007010,彰化市,500,10007010062,阿夷里,230,701,62,N,CHA,NULL,NULL
彰化縣彰化市古夷里,10007,彰化縣,10007010,彰化市,500,10007010063,古夷里,230,701,63,N,CHA,NULL,NULL
彰化縣彰化市復興里,10007,彰化縣,10007010,彰化市,500,10007010064,復興里,230,701,64,N,CHA,NULL,NULL
彰化縣彰化市和調里,10007,彰化縣,10007010,彰化市,500,10007010065,和調里,230,701,65,N,CHA,NULL,NULL
彰化縣彰化市石牌里,10007,彰化縣,10007010,彰化市,500,10007010066,石牌里,230,701,66,N,CHA,NULL,NULL
彰化縣彰化市福田里,10007,彰化縣,10007010,彰化市,500,10007010067,福田里,230,701,67,N,CHA,NULL,NULL
彰化縣彰化市竹巷里,10007,彰化縣,10007010,彰化市,500,10007010068,竹巷里,230,701,68,N,CHA,NULL,NULL
彰化縣彰化市田中里,10007,彰化縣,10007010,彰化市,500,10007010069,田中里,230,701,69,N,CHA,NULL,NULL
彰化縣彰化市快官里,10007,彰化縣,10007010,彰化市,500,10007010070,快官里,230,701,70,N,CHA,NULL,NULL
彰化縣彰化市台鳳里,10007,彰化縣,10007010,彰化市,500,10007010071,台鳳里,230,701,71,N,CHA,NULL,NULL
彰化縣彰化市崙平里,10007,彰化縣,10007010,彰化市,500,10007010072,崙平里,230,701,72,N,CHA,NULL,NULL
彰化縣彰化市向陽里,10007,彰化縣,10007010,彰化市,500,10007010073,向陽里,230,701,73,N,CHA,NULL,NULL
彰化縣鹿港鎮大有里,10007,彰化縣,10007020,鹿港鎮,505,10007020001,大有里,230,702,1,N,CHA,NULL,NULL
彰化縣鹿港鎮中興里,10007,彰化縣,10007020,鹿港鎮,505,10007020002,中興里,230,702,2,N,CHA,NULL,NULL
彰化縣鹿港鎮洛津里,10007,彰化縣,10007020,鹿港鎮,505,10007020003,洛津里,230,702,3,N,CHA,NULL,NULL
彰化縣鹿港鎮順興里,10007,彰化縣,10007020,鹿港鎮,505,10007020004,順興里,230,702,4,N,CHA,NULL,NULL
彰化縣鹿港鎮頂厝里,10007,彰化縣,10007020,鹿港鎮,505,10007020005,頂厝里,230,702,5,N,CHA,NULL,NULL
彰化縣鹿港鎮東崎里,10007,彰化縣,10007020,鹿港鎮,505,10007020006,東崎里,230,702,6,N,CHA,NULL,NULL
彰化縣鹿港鎮埔崙里,10007,彰化縣,10007020,鹿港鎮,505,10007020007,埔崙里,230,702,7,N,CHA,NULL,NULL
彰化縣鹿港鎮東石里,10007,彰化縣,10007020,鹿港鎮,505,10007020008,東石里,230,702,8,N,CHA,NULL,NULL
彰化縣鹿港鎮郭厝里,10007,彰化縣,10007020,鹿港鎮,505,10007020009,郭厝里,230,702,9,N,CHA,NULL,NULL
彰化縣鹿港鎮新宮里,10007,彰化縣,10007020,鹿港鎮,505,10007020010,新宮里,230,702,10,N,CHA,NULL,NULL
彰化縣鹿港鎮玉順里,10007,彰化縣,10007020,鹿港鎮,505,10007020011,玉順里,230,702,11,N,CHA,NULL,NULL
彰化縣鹿港鎮景福里,10007,彰化縣,10007020,鹿港鎮,505,10007020012,景福里,230,702,12,N,CHA,NULL,NULL
彰化縣鹿港鎮泰興里,10007,彰化縣,10007020,鹿港鎮,505,10007020013,泰興里,230,702,13,N,CHA,NULL,NULL
彰化縣鹿港鎮長興里,10007,彰化縣,10007020,鹿港鎮,505,10007020014,長興里,230,702,14,N,CHA,NULL,NULL
彰化縣鹿港鎮龍山里,10007,彰化縣,10007020,鹿港鎮,505,10007020015,龍山里,230,702,15,N,CHA,NULL,NULL
彰化縣鹿港鎮興化里,10007,彰化縣,10007020,鹿港鎮,505,10007020016,興化里,230,702,16,N,CHA,NULL,NULL
彰化縣鹿港鎮菜園里,10007,彰化縣,10007020,鹿港鎮,505,10007020017,菜園里,230,702,17,N,CHA,NULL,NULL
彰化縣鹿港鎮街尾里,10007,彰化縣,10007020,鹿港鎮,505,10007020018,街尾里,230,702,18,N,CHA,NULL,NULL
彰化縣鹿港鎮頂番里,10007,彰化縣,10007020,鹿港鎮,505,10007020019,頂番里,230,702,19,N,CHA,NULL,NULL
彰化縣鹿港鎮頭崙里,10007,彰化縣,10007020,鹿港鎮,505,10007020020,頭崙里,230,702,20,N,CHA,NULL,NULL
彰化縣鹿港鎮廖厝里,10007,彰化縣,10007020,鹿港鎮,505,10007020021,廖厝里,230,702,21,N,CHA,NULL,NULL
彰化縣鹿港鎮溝墘里,10007,彰化縣,10007020,鹿港鎮,505,10007020022,溝墘里,230,702,22,N,CHA,NULL,NULL
彰化縣鹿港鎮草中里,10007,彰化縣,10007020,鹿港鎮,505,10007020023,草中里,230,702,23,N,CHA,NULL,NULL
彰化縣鹿港鎮頭南里,10007,彰化縣,10007020,鹿港鎮,505,10007020024,頭南里,230,702,24,N,CHA,NULL,NULL
彰化縣鹿港鎮山崙里,10007,彰化縣,10007020,鹿港鎮,505,10007020025,山崙里,230,702,25,N,CHA,NULL,NULL
彰化縣鹿港鎮海埔里,10007,彰化縣,10007020,鹿港鎮,505,10007020026,海埔里,230,702,26,N,CHA,NULL,NULL
彰化縣鹿港鎮詔安里,10007,彰化縣,10007020,鹿港鎮,505,10007020027,詔安里,230,702,27,N,CHA,NULL,NULL
彰化縣鹿港鎮洋厝里,10007,彰化縣,10007020,鹿港鎮,505,10007020028,洋厝里,230,702,28,N,CHA,NULL,NULL
彰化縣鹿港鎮永安里,10007,彰化縣,10007020,鹿港鎮,505,10007020029,永安里,230,702,29,N,CHA,NULL,NULL
彰化縣鹿港鎮鹿和里,10007,彰化縣,10007020,鹿港鎮,505,10007020030,鹿和里,230,702,30,N,CHA,NULL,NULL
彰化縣鹿港鎮鹿東里,10007,彰化縣,10007020,鹿港鎮,505,10007020031,鹿東里,230,702,31,N,CHA,NULL,NULL
彰化縣和美鎮竹營里,10007,彰化縣,10007030,和美鎮,508,10007030001,竹營里,230,703,1,N,CHA,NULL,NULL
彰化縣和美鎮和東里,10007,彰化縣,10007030,和美鎮,508,10007030002,和東里,230,703,2,N,CHA,NULL,NULL
彰化縣和美鎮和南里,10007,彰化縣,10007030,和美鎮,508,10007030003,和南里,230,703,3,N,CHA,NULL,NULL
彰化縣和美鎮和北里,10007,彰化縣,10007030,和美鎮,508,10007030004,和北里,230,703,4,N,CHA,NULL,NULL
彰化縣和美鎮和西里,10007,彰化縣,10007030,和美鎮,508,10007030005,和西里,230,703,5,N,CHA,NULL,NULL
彰化縣和美鎮四張里,10007,彰化縣,10007030,和美鎮,508,10007030006,四張里,230,703,6,N,CHA,NULL,NULL
彰化縣和美鎮頭前里,10007,彰化縣,10007030,和美鎮,508,10007030007,頭前里,230,703,7,N,CHA,NULL,NULL
彰化縣和美鎮還社里,10007,彰化縣,10007030,和美鎮,508,10007030008,還社里,230,703,8,N,CHA,NULL,NULL
彰化縣和美鎮面前里,10007,彰化縣,10007030,和美鎮,508,10007030009,面前里,230,703,9,N,CHA,NULL,NULL
彰化縣和美鎮鎮平里,10007,彰化縣,10007030,和美鎮,508,10007030010,鎮平里,230,703,10,N,CHA,NULL,NULL
彰化縣和美鎮大霞里,10007,彰化縣,10007030,和美鎮,508,10007030011,大霞里,230,703,11,N,CHA,NULL,NULL
彰化縣和美鎮源埤里,10007,彰化縣,10007030,和美鎮,508,10007030012,源埤里,230,703,12,N,CHA,NULL,NULL
彰化縣和美鎮南佃里,10007,彰化縣,10007030,和美鎮,508,10007030013,南佃里,230,703,13,N,CHA,NULL,NULL
彰化縣和美鎮雅溝里,10007,彰化縣,10007030,和美鎮,508,10007030014,雅溝里,230,703,14,N,CHA,NULL,NULL
彰化縣和美鎮山犁里,10007,彰化縣,10007030,和美鎮,508,10007030015,山犁里,230,703,15,N,CHA,NULL,NULL
彰化縣和美鎮嘉犁里,10007,彰化縣,10007030,和美鎮,508,10007030016,嘉犁里,230,703,16,N,CHA,NULL,NULL
彰化縣和美鎮鐵山里,10007,彰化縣,10007030,和美鎮,508,10007030017,鐵山里,230,703,17,N,CHA,NULL,NULL
彰化縣和美鎮詔安里,10007,彰化縣,10007030,和美鎮,508,10007030018,詔安里,230,703,18,N,CHA,NULL,NULL
彰化縣和美鎮柑井里,10007,彰化縣,10007030,和美鎮,508,10007030019,柑井里,230,703,19,N,CHA,NULL,NULL
彰化縣和美鎮竹園里,10007,彰化縣,10007030,和美鎮,508,10007030020,竹園里,230,703,20,N,CHA,NULL,NULL
彰化縣和美鎮新庄里,10007,彰化縣,10007030,和美鎮,508,10007030021,新庄里,230,703,21,N,CHA,NULL,NULL
彰化縣和美鎮犁盛里,10007,彰化縣,10007030,和美鎮,508,10007030022,犁盛里,230,703,22,N,CHA,NULL,NULL
彰化縣和美鎮中寮里,10007,彰化縣,10007030,和美鎮,508,10007030023,中寮里,230,703,23,N,CHA,NULL,NULL
彰化縣和美鎮中圍里,10007,彰化縣,10007030,和美鎮,508,10007030024,中圍里,230,703,24,N,CHA,NULL,NULL
彰化縣和美鎮糖友里,10007,彰化縣,10007030,和美鎮,508,10007030025,糖友里,230,703,25,N,CHA,NULL,NULL
彰化縣和美鎮塗厝里,10007,彰化縣,10007030,和美鎮,508,10007030026,塗厝里,230,703,26,N,CHA,NULL,NULL
彰化縣和美鎮地潭里,10007,彰化縣,10007030,和美鎮,508,10007030027,地潭里,230,703,27,N,CHA,NULL,NULL
彰化縣和美鎮湖內里,10007,彰化縣,10007030,和美鎮,508,10007030028,湖內里,230,703,28,N,CHA,NULL,NULL
彰化縣和美鎮嘉寶里,10007,彰化縣,10007030,和美鎮,508,10007030029,嘉寶里,230,703,29,N,CHA,NULL,NULL
彰化縣和美鎮月眉里,10007,彰化縣,10007030,和美鎮,508,10007030030,月眉里,230,703,30,N,CHA,NULL,NULL
彰化縣和美鎮好修里,10007,彰化縣,10007030,和美鎮,508,10007030031,好修里,230,703,31,N,CHA,NULL,NULL
彰化縣和美鎮仁愛里,10007,彰化縣,10007030,和美鎮,508,10007030032,仁愛里,230,703,32,N,CHA,NULL,NULL
彰化縣線西鄉線西村,10007,彰化縣,10007040,線西鄉,507,10007040001,線西村,230,704,1,N,CHA,NULL,NULL
彰化縣線西鄉頂庄村,10007,彰化縣,10007040,線西鄉,507,10007040002,頂庄村,230,704,2,N,CHA,NULL,NULL
彰化縣線西鄉寓埔村,10007,彰化縣,10007040,線西鄉,507,10007040003,寓埔村,230,704,3,N,CHA,NULL,NULL
彰化縣線西鄉塭仔村,10007,彰化縣,10007040,線西鄉,507,10007040004,塭仔村,230,704,4,N,CHA,NULL,NULL
彰化縣線西鄉溝內村,10007,彰化縣,10007040,線西鄉,507,10007040005,溝內村,230,704,5,N,CHA,NULL,NULL
彰化縣線西鄉下犁村,10007,彰化縣,10007040,線西鄉,507,10007040006,下犁村,230,704,6,N,CHA,NULL,NULL
彰化縣線西鄉頂犁村,10007,彰化縣,10007040,線西鄉,507,10007040007,頂犁村,230,704,7,N,CHA,NULL,NULL
彰化縣線西鄉德興村,10007,彰化縣,10007040,線西鄉,507,10007040008,德興村,230,704,8,N,CHA,NULL,NULL
彰化縣伸港鄉曾家村,10007,彰化縣,10007050,伸港鄉,509,10007050001,曾家村,230,705,1,N,CHA,NULL,NULL
彰化縣伸港鄉蚵寮村,10007,彰化縣,10007050,伸港鄉,509,10007050002,蚵寮村,230,705,2,N,CHA,NULL,NULL
彰化縣伸港鄉埤墘村,10007,彰化縣,10007050,伸港鄉,509,10007050003,埤墘村,230,705,3,N,CHA,NULL,NULL
彰化縣伸港鄉溪底村,10007,彰化縣,10007050,伸港鄉,509,10007050004,溪底村,230,705,4,N,CHA,NULL,NULL
彰化縣伸港鄉泉州村,10007,彰化縣,10007050,伸港鄉,509,10007050005,泉州村,230,705,5,N,CHA,NULL,NULL
彰化縣伸港鄉泉厝村,10007,彰化縣,10007050,伸港鄉,509,10007050006,泉厝村,230,705,6,N,CHA,NULL,NULL
彰化縣伸港鄉海尾村,10007,彰化縣,10007050,伸港鄉,509,10007050007,海尾村,230,705,7,N,CHA,NULL,NULL
彰化縣伸港鄉全興村,10007,彰化縣,10007050,伸港鄉,509,10007050008,全興村,230,705,8,N,CHA,NULL,NULL
彰化縣伸港鄉定興村,10007,彰化縣,10007050,伸港鄉,509,10007050009,定興村,230,705,9,N,CHA,NULL,NULL
彰化縣伸港鄉新港村,10007,彰化縣,10007050,伸港鄉,509,10007050010,新港村,230,705,10,N,CHA,NULL,NULL
彰化縣伸港鄉什股村,10007,彰化縣,10007050,伸港鄉,509,10007050011,什股村,230,705,11,N,CHA,NULL,NULL
彰化縣伸港鄉大同村,10007,彰化縣,10007050,伸港鄉,509,10007050012,大同村,230,705,12,N,CHA,NULL,NULL
彰化縣伸港鄉七嘉村,10007,彰化縣,10007050,伸港鄉,509,10007050013,七嘉村,230,705,13,N,CHA,NULL,NULL
彰化縣伸港鄉汴頭村,10007,彰化縣,10007050,伸港鄉,509,10007050014,汴頭村,230,705,14,N,CHA,NULL,NULL
彰化縣福興鄉番社村,10007,彰化縣,10007060,福興鄉,506,10007060001,番社村,230,706,1,N,CHA,NULL,NULL
彰化縣福興鄉社尾村,10007,彰化縣,10007060,福興鄉,506,10007060002,社尾村,230,706,2,N,CHA,NULL,NULL
彰化縣福興鄉大崙村,10007,彰化縣,10007060,福興鄉,506,10007060003,大崙村,230,706,3,N,CHA,NULL,NULL
彰化縣福興鄉外埔村,10007,彰化縣,10007060,福興鄉,506,10007060004,外埔村,230,706,4,N,CHA,NULL,NULL
彰化縣福興鄉外中村,10007,彰化縣,10007060,福興鄉,506,10007060005,外中村,230,706,5,N,CHA,NULL,NULL
彰化縣福興鄉元中村,10007,彰化縣,10007060,福興鄉,506,10007060006,元中村,230,706,6,N,CHA,NULL,NULL
彰化縣福興鄉三汴村,10007,彰化縣,10007060,福興鄉,506,10007060007,三汴村,230,706,7,N,CHA,NULL,NULL
彰化縣福興鄉萬豐村,10007,彰化縣,10007060,福興鄉,506,10007060008,萬豐村,230,706,8,N,CHA,NULL,NULL
彰化縣福興鄉番婆村,10007,彰化縣,10007060,福興鄉,506,10007060009,番婆村,230,706,9,N,CHA,NULL,NULL
彰化縣福興鄉橋頭村,10007,彰化縣,10007060,福興鄉,506,10007060010,橋頭村,230,706,10,N,CHA,NULL,NULL
彰化縣福興鄉秀厝村,10007,彰化縣,10007060,福興鄉,506,10007060011,秀厝村,230,706,11,N,CHA,NULL,NULL
彰化縣福興鄉鎮平村,10007,彰化縣,10007060,福興鄉,506,10007060012,鎮平村,230,706,12,N,CHA,NULL,NULL
彰化縣福興鄉三和村,10007,彰化縣,10007060,福興鄉,506,10007060013,三和村,230,706,13,N,CHA,NULL,NULL
彰化縣福興鄉麥厝村,10007,彰化縣,10007060,福興鄉,506,10007060014,麥厝村,230,706,14,N,CHA,NULL,NULL
彰化縣福興鄉廈粘村,10007,彰化縣,10007060,福興鄉,506,10007060015,廈粘村,230,706,15,N,CHA,NULL,NULL
彰化縣福興鄉頂粘村,10007,彰化縣,10007060,福興鄉,506,10007060016,頂粘村,230,706,16,N,CHA,NULL,NULL
彰化縣福興鄉福寶村,10007,彰化縣,10007060,福興鄉,506,10007060017,福寶村,230,706,17,N,CHA,NULL,NULL
彰化縣福興鄉二港村,10007,彰化縣,10007060,福興鄉,506,10007060018,二港村,230,706,18,N,CHA,NULL,NULL
彰化縣福興鄉福興村,10007,彰化縣,10007060,福興鄉,506,10007060019,福興村,230,706,19,N,CHA,NULL,NULL
彰化縣福興鄉福南村,10007,彰化縣,10007060,福興鄉,506,10007060020,福南村,230,706,20,N,CHA,NULL,NULL
彰化縣福興鄉同安村,10007,彰化縣,10007060,福興鄉,506,10007060021,同安村,230,706,21,N,CHA,NULL,NULL
彰化縣福興鄉西勢村,10007,彰化縣,10007060,福興鄉,506,10007060022,西勢村,230,706,22,N,CHA,NULL,NULL
彰化縣秀水鄉秀水村,10007,彰化縣,10007070,秀水鄉,504,10007070001,秀水村,230,707,1,N,CHA,NULL,NULL
彰化縣秀水鄉安溪村,10007,彰化縣,10007070,秀水鄉,504,10007070002,安溪村,230,707,2,N,CHA,NULL,NULL
彰化縣秀水鄉莊雅村,10007,彰化縣,10007070,秀水鄉,504,10007070003,莊雅村,230,707,3,N,CHA,NULL,NULL
彰化縣秀水鄉金興村,10007,彰化縣,10007070,秀水鄉,504,10007070004,金興村,230,707,4,N,CHA,NULL,NULL
彰化縣秀水鄉陝西村,10007,彰化縣,10007070,秀水鄉,504,10007070005,陝西村,230,707,5,N,CHA,NULL,NULL
彰化縣秀水鄉安東村,10007,彰化縣,10007070,秀水鄉,504,10007070006,安東村,230,707,6,N,CHA,NULL,NULL
彰化縣秀水鄉鶴鳴村,10007,彰化縣,10007070,秀水鄉,504,10007070007,鶴鳴村,230,707,7,N,CHA,NULL,NULL
彰化縣秀水鄉馬興村,10007,彰化縣,10007070,秀水鄉,504,10007070008,馬興村,230,707,8,N,CHA,NULL,NULL
彰化縣秀水鄉義興村,10007,彰化縣,10007070,秀水鄉,504,10007070009,義興村,230,707,9,N,CHA,NULL,NULL
彰化縣秀水鄉福安村,10007,彰化縣,10007070,秀水鄉,504,10007070010,福安村,230,707,10,N,CHA,NULL,NULL
彰化縣秀水鄉埔崙村,10007,彰化縣,10007070,秀水鄉,504,10007070011,埔崙村,230,707,11,N,CHA,NULL,NULL
彰化縣秀水鄉曾厝村,10007,彰化縣,10007070,秀水鄉,504,10007070012,曾厝村,230,707,12,N,CHA,NULL,NULL
彰化縣秀水鄉金陵村,10007,彰化縣,10007070,秀水鄉,504,10007070013,金陵村,230,707,13,N,CHA,NULL,NULL
彰化縣秀水鄉下崙村,10007,彰化縣,10007070,秀水鄉,504,10007070014,下崙村,230,707,14,N,CHA,NULL,NULL
彰化縣花壇鄉花壇村,10007,彰化縣,10007080,花壇鄉,503,10007080001,花壇村,230,708,1,N,CHA,NULL,NULL
彰化縣花壇鄉金墩村,10007,彰化縣,10007080,花壇鄉,503,10007080002,金墩村,230,708,2,N,CHA,NULL,NULL
彰化縣花壇鄉中庄村,10007,彰化縣,10007080,花壇鄉,503,10007080003,中庄村,230,708,3,N,CHA,NULL,NULL
彰化縣花壇鄉劉厝村,10007,彰化縣,10007080,花壇鄉,503,10007080004,劉厝村,230,708,4,N,CHA,NULL,NULL
彰化縣花壇鄉崙雅村,10007,彰化縣,10007080,花壇鄉,503,10007080005,崙雅村,230,708,5,N,CHA,NULL,NULL
彰化縣花壇鄉南口村,10007,彰化縣,10007080,花壇鄉,503,10007080006,南口村,230,708,6,N,CHA,NULL,NULL
彰化縣花壇鄉中口村,10007,彰化縣,10007080,花壇鄉,503,10007080007,中口村,230,708,7,N,CHA,NULL,NULL
彰化縣花壇鄉北口村,10007,彰化縣,10007080,花壇鄉,503,10007080008,北口村,230,708,8,N,CHA,NULL,NULL
彰化縣花壇鄉長沙村,10007,彰化縣,10007080,花壇鄉,503,10007080009,長沙村,230,708,9,N,CHA,NULL,NULL
彰化縣花壇鄉文德村,10007,彰化縣,10007080,花壇鄉,503,10007080010,文德村,230,708,10,N,CHA,NULL,NULL
彰化縣花壇鄉白沙村,10007,彰化縣,10007080,花壇鄉,503,10007080011,白沙村,230,708,11,N,CHA,NULL,NULL
彰化縣花壇鄉岩竹村,10007,彰化縣,10007080,花壇鄉,503,10007080012,岩竹村,230,708,12,N,CHA,NULL,NULL
彰化縣花壇鄉橋頭村,10007,彰化縣,10007080,花壇鄉,503,10007080013,橋頭村,230,708,13,N,CHA,NULL,NULL
彰化縣花壇鄉灣雅村,10007,彰化縣,10007080,花壇鄉,503,10007080014,灣雅村,230,708,14,N,CHA,NULL,NULL
彰化縣花壇鄉灣東村,10007,彰化縣,10007080,花壇鄉,503,10007080015,灣東村,230,708,15,N,CHA,NULL,NULL
彰化縣花壇鄉三春村,10007,彰化縣,10007080,花壇鄉,503,10007080016,三春村,230,708,16,N,CHA,NULL,NULL
彰化縣花壇鄉永春村,10007,彰化縣,10007080,花壇鄉,503,10007080017,永春村,230,708,17,N,CHA,NULL,NULL
彰化縣花壇鄉長春村,10007,彰化縣,10007080,花壇鄉,503,10007080018,長春村,230,708,18,N,CHA,NULL,NULL
彰化縣芬園鄉舊社村,10007,彰化縣,10007090,芬園鄉,502,10007090001,舊社村,230,709,1,N,CHA,NULL,NULL
彰化縣芬園鄉大埔村,10007,彰化縣,10007090,芬園鄉,502,10007090002,大埔村,230,709,2,N,CHA,NULL,NULL
彰化縣芬園鄉竹林村,10007,彰化縣,10007090,芬園鄉,502,10007090003,竹林村,230,709,3,N,CHA,NULL,NULL
彰化縣芬園鄉社口村,10007,彰化縣,10007090,芬園鄉,502,10007090004,社口村,230,709,4,N,CHA,NULL,NULL
彰化縣芬園鄉茄荖村,10007,彰化縣,10007090,芬園鄉,502,10007090005,茄荖村,230,709,5,N,CHA,NULL,NULL
彰化縣芬園鄉嘉興村,10007,彰化縣,10007090,芬園鄉,502,10007090006,嘉興村,230,709,6,N,CHA,NULL,NULL
彰化縣芬園鄉芬園村,10007,彰化縣,10007090,芬園鄉,502,10007090007,芬園村,230,709,7,N,CHA,NULL,NULL
彰化縣芬園鄉縣庄村,10007,彰化縣,10007090,芬園鄉,502,10007090008,縣庄村,230,709,8,N,CHA,NULL,NULL
彰化縣芬園鄉圳墘村,10007,彰化縣,10007090,芬園鄉,502,10007090009,圳墘村,230,709,9,N,CHA,NULL,NULL
彰化縣芬園鄉溪頭村,10007,彰化縣,10007090,芬園鄉,502,10007090010,溪頭村,230,709,10,N,CHA,NULL,NULL
彰化縣芬園鄉進芬村,10007,彰化縣,10007090,芬園鄉,502,10007090011,進芬村,230,709,11,N,CHA,NULL,NULL
彰化縣芬園鄉同安村,10007,彰化縣,10007090,芬園鄉,502,10007090012,同安村,230,709,12,N,CHA,NULL,NULL
彰化縣芬園鄉中崙村,10007,彰化縣,10007090,芬園鄉,502,10007090013,中崙村,230,709,13,N,CHA,NULL,NULL
彰化縣芬園鄉大竹村,10007,彰化縣,10007090,芬園鄉,502,10007090014,大竹村,230,709,14,N,CHA,NULL,NULL
彰化縣芬園鄉楓坑村,10007,彰化縣,10007090,芬園鄉,502,10007090015,楓坑村,230,709,15,N,CHA,NULL,NULL
彰化縣員林鎮東和里,10007,彰化縣,10007100,員林鎮,510,10007100001,東和里,230,710,1,N,CHA,NULL,NULL
彰化縣員林鎮民生里,10007,彰化縣,10007100,員林鎮,510,10007100002,民生里,230,710,2,N,CHA,NULL,NULL
彰化縣員林鎮中正里,10007,彰化縣,10007100,員林鎮,510,10007100003,中正里,230,710,3,N,CHA,NULL,NULL
彰化縣員林鎮仁美里,10007,彰化縣,10007100,員林鎮,510,10007100004,仁美里,230,710,4,N,CHA,NULL,NULL
彰化縣員林鎮新興里,10007,彰化縣,10007100,員林鎮,510,10007100005,新興里,230,710,5,N,CHA,NULL,NULL
彰化縣員林鎮和平里,10007,彰化縣,10007100,員林鎮,510,10007100006,和平里,230,710,6,N,CHA,NULL,NULL
彰化縣員林鎮光明里,10007,彰化縣,10007100,員林鎮,510,10007100007,光明里,230,710,7,N,CHA,NULL,NULL
彰化縣員林鎮中山里,10007,彰化縣,10007100,員林鎮,510,10007100008,中山里,230,710,8,N,CHA,NULL,NULL
彰化縣員林鎮黎明里,10007,彰化縣,10007100,員林鎮,510,10007100009,黎明里,230,710,9,N,CHA,NULL,NULL
彰化縣員林鎮惠來里,10007,彰化縣,10007100,員林鎮,510,10007100010,惠來里,230,710,10,N,CHA,NULL,NULL
彰化縣員林鎮三義里,10007,彰化縣,10007100,員林鎮,510,10007100011,三義里,230,710,11,N,CHA,NULL,NULL
彰化縣員林鎮新生里,10007,彰化縣,10007100,員林鎮,510,10007100012,新生里,230,710,12,N,CHA,NULL,NULL
彰化縣員林鎮南平里,10007,彰化縣,10007100,員林鎮,510,10007100013,南平里,230,710,13,N,CHA,NULL,NULL
彰化縣員林鎮南興里,10007,彰化縣,10007100,員林鎮,510,10007100014,南興里,230,710,14,N,CHA,NULL,NULL
彰化縣員林鎮源潭里,10007,彰化縣,10007100,員林鎮,510,10007100015,源潭里,230,710,15,N,CHA,NULL,NULL
彰化縣員林鎮大埔里,10007,彰化縣,10007100,員林鎮,510,10007100016,大埔里,230,710,16,N,CHA,NULL,NULL
彰化縣員林鎮三條里,10007,彰化縣,10007100,員林鎮,510,10007100017,三條里,230,710,17,N,CHA,NULL,NULL
彰化縣員林鎮三和里,10007,彰化縣,10007100,員林鎮,510,10007100018,三和里,230,710,18,N,CHA,NULL,NULL
彰化縣員林鎮三橋里,10007,彰化縣,10007100,員林鎮,510,10007100019,三橋里,230,710,19,N,CHA,NULL,NULL
彰化縣員林鎮中央里,10007,彰化縣,10007100,員林鎮,510,10007100020,中央里,230,710,20,N,CHA,NULL,NULL
彰化縣員林鎮溝皂里,10007,彰化縣,10007100,員林鎮,510,10007100021,溝皂里,230,710,21,N,CHA,NULL,NULL
彰化縣員林鎮大饒里,10007,彰化縣,10007100,員林鎮,510,10007100022,大饒里,230,710,22,N,CHA,NULL,NULL
彰化縣員林鎮大明里,10007,彰化縣,10007100,員林鎮,510,10007100023,大明里,230,710,23,N,CHA,NULL,NULL
彰化縣員林鎮萬年里,10007,彰化縣,10007100,員林鎮,510,10007100024,萬年里,230,710,24,N,CHA,NULL,NULL
彰化縣員林鎮崙雅里,10007,彰化縣,10007100,員林鎮,510,10007100025,崙雅里,230,710,25,N,CHA,NULL,NULL
彰化縣員林鎮振興里,10007,彰化縣,10007100,員林鎮,510,10007100026,振興里,230,710,26,N,CHA,NULL,NULL
彰化縣員林鎮林厝里,10007,彰化縣,10007100,員林鎮,510,10007100027,林厝里,230,710,27,N,CHA,NULL,NULL
彰化縣員林鎮出水里,10007,彰化縣,10007100,員林鎮,510,10007100028,出水里,230,710,28,N,CHA,NULL,NULL
彰化縣員林鎮湖水里,10007,彰化縣,10007100,員林鎮,510,10007100029,湖水里,230,710,29,N,CHA,NULL,NULL
彰化縣員林鎮大峯里,10007,彰化縣,10007100,員林鎮,510,10007100030,大峯里,230,710,30,N,CHA,NULL,NULL
彰化縣員林鎮鎮興里,10007,彰化縣,10007100,員林鎮,510,10007100031,鎮興里,230,710,31,N,CHA,NULL,NULL
彰化縣員林鎮浮圳里,10007,彰化縣,10007100,員林鎮,510,10007100032,浮圳里,230,710,32,N,CHA,NULL,NULL
彰化縣員林鎮西東里,10007,彰化縣,10007100,員林鎮,510,10007100033,西東里,230,710,33,N,CHA,NULL,NULL
彰化縣員林鎮南東里,10007,彰化縣,10007100,員林鎮,510,10007100034,南東里,230,710,34,N,CHA,NULL,NULL
彰化縣員林鎮中東里,10007,彰化縣,10007100,員林鎮,510,10007100035,中東里,230,710,35,N,CHA,NULL,NULL
彰化縣員林鎮東北里,10007,彰化縣,10007100,員林鎮,510,10007100036,東北里,230,710,36,N,CHA,NULL,NULL
彰化縣員林鎮三愛里,10007,彰化縣,10007100,員林鎮,510,10007100037,三愛里,230,710,37,N,CHA,NULL,NULL
彰化縣員林鎮三信里,10007,彰化縣,10007100,員林鎮,510,10007100038,三信里,230,710,38,N,CHA,NULL,NULL
彰化縣員林鎮三多里,10007,彰化縣,10007100,員林鎮,510,10007100039,三多里,230,710,39,N,CHA,NULL,NULL
彰化縣員林鎮仁愛里,10007,彰化縣,10007100,員林鎮,510,10007100040,仁愛里,230,710,40,N,CHA,NULL,NULL
彰化縣員林鎮忠孝里,10007,彰化縣,10007100,員林鎮,510,10007100041,忠孝里,230,710,41,N,CHA,NULL,NULL
彰化縣溪湖鎮光平里,10007,彰化縣,10007110,溪湖鎮,514,10007110001,光平里,230,711,1,N,CHA,NULL,NULL
彰化縣溪湖鎮平和里,10007,彰化縣,10007110,溪湖鎮,514,10007110002,平和里,230,711,2,N,CHA,NULL,NULL
彰化縣溪湖鎮太平里,10007,彰化縣,10007110,溪湖鎮,514,10007110003,太平里,230,711,3,N,CHA,NULL,NULL
彰化縣溪湖鎮光華里,10007,彰化縣,10007110,溪湖鎮,514,10007110004,光華里,230,711,4,N,CHA,NULL,NULL
彰化縣溪湖鎮東寮里,10007,彰化縣,10007110,溪湖鎮,514,10007110005,東寮里,230,711,5,N,CHA,NULL,NULL
彰化縣溪湖鎮西寮里,10007,彰化縣,10007110,溪湖鎮,514,10007110006,西寮里,230,711,6,N,CHA,NULL,NULL
彰化縣溪湖鎮大突里,10007,彰化縣,10007110,溪湖鎮,514,10007110007,大突里,230,711,7,N,CHA,NULL,NULL
彰化縣溪湖鎮北勢里,10007,彰化縣,10007110,溪湖鎮,514,10007110008,北勢里,230,711,8,N,CHA,NULL,NULL
彰化縣溪湖鎮汴頭里,10007,彰化縣,10007110,溪湖鎮,514,10007110009,汴頭里,230,711,9,N,CHA,NULL,NULL
彰化縣溪湖鎮大竹里,10007,彰化縣,10007110,溪湖鎮,514,10007110010,大竹里,230,711,10,N,CHA,NULL,NULL
彰化縣溪湖鎮湖西里,10007,彰化縣,10007110,溪湖鎮,514,10007110011,湖西里,230,711,11,N,CHA,NULL,NULL
彰化縣溪湖鎮田中里,10007,彰化縣,10007110,溪湖鎮,514,10007110012,田中里,230,711,12,N,CHA,NULL,NULL
彰化縣溪湖鎮河東里,10007,彰化縣,10007110,溪湖鎮,514,10007110013,河東里,230,711,13,N,CHA,NULL,NULL
彰化縣溪湖鎮中山里,10007,彰化縣,10007110,溪湖鎮,514,10007110014,中山里,230,711,14,N,CHA,NULL,NULL
彰化縣溪湖鎮中竹里,10007,彰化縣,10007110,溪湖鎮,514,10007110015,中竹里,230,711,15,N,CHA,NULL,NULL
彰化縣溪湖鎮東溪里,10007,彰化縣,10007110,溪湖鎮,514,10007110016,東溪里,230,711,16,N,CHA,NULL,NULL
彰化縣溪湖鎮西溪里,10007,彰化縣,10007110,溪湖鎮,514,10007110017,西溪里,230,711,17,N,CHA,NULL,NULL
彰化縣溪湖鎮湖東里,10007,彰化縣,10007110,溪湖鎮,514,10007110018,湖東里,230,711,18,N,CHA,NULL,NULL
彰化縣溪湖鎮頂庄里,10007,彰化縣,10007110,溪湖鎮,514,10007110019,頂庄里,230,711,19,N,CHA,NULL,NULL
彰化縣溪湖鎮忠覺里,10007,彰化縣,10007110,溪湖鎮,514,10007110020,忠覺里,230,711,20,N,CHA,NULL,NULL
彰化縣溪湖鎮湳底里,10007,彰化縣,10007110,溪湖鎮,514,10007110021,湳底里,230,711,21,N,CHA,NULL,NULL
彰化縣溪湖鎮大庭里,10007,彰化縣,10007110,溪湖鎮,514,10007110022,大庭里,230,711,22,N,CHA,NULL,NULL
彰化縣溪湖鎮媽厝里,10007,彰化縣,10007110,溪湖鎮,514,10007110023,媽厝里,230,711,23,N,CHA,NULL,NULL
彰化縣溪湖鎮西勢里,10007,彰化縣,10007110,溪湖鎮,514,10007110024,西勢里,230,711,24,N,CHA,NULL,NULL
彰化縣溪湖鎮番婆里,10007,彰化縣,10007110,溪湖鎮,514,10007110025,番婆里,230,711,25,N,CHA,NULL,NULL
彰化縣田中鎮香山里,10007,彰化縣,10007120,田中鎮,520,10007120001,香山里,230,712,1,N,CHA,NULL,NULL
彰化縣田中鎮碧峰里,10007,彰化縣,10007120,田中鎮,520,10007120002,碧峰里,230,712,2,N,CHA,NULL,NULL
彰化縣田中鎮東源里,10007,彰化縣,10007120,田中鎮,520,10007120003,東源里,230,712,3,N,CHA,NULL,NULL
彰化縣田中鎮復興里,10007,彰化縣,10007120,田中鎮,520,10007120004,復興里,230,712,4,N,CHA,NULL,NULL
彰化縣田中鎮平和里,10007,彰化縣,10007120,田中鎮,520,10007120005,平和里,230,712,5,N,CHA,NULL,NULL
彰化縣田中鎮頂潭里,10007,彰化縣,10007120,田中鎮,520,10007120006,頂潭里,230,712,6,N,CHA,NULL,NULL
彰化縣田中鎮中潭里,10007,彰化縣,10007120,田中鎮,520,10007120007,中潭里,230,712,7,N,CHA,NULL,NULL
彰化縣田中鎮龍潭里,10007,彰化縣,10007120,田中鎮,520,10007120008,龍潭里,230,712,8,N,CHA,NULL,NULL
彰化縣田中鎮北路里,10007,彰化縣,10007120,田中鎮,520,10007120009,北路里,230,712,9,N,CHA,NULL,NULL
彰化縣田中鎮西路里,10007,彰化縣,10007120,田中鎮,520,10007120010,西路里,230,712,10,N,CHA,NULL,NULL
彰化縣田中鎮東路里,10007,彰化縣,10007120,田中鎮,520,10007120011,東路里,230,712,11,N,CHA,NULL,NULL
彰化縣田中鎮南路里,10007,彰化縣,10007120,田中鎮,520,10007120012,南路里,230,712,12,N,CHA,NULL,NULL
彰化縣田中鎮中路里,10007,彰化縣,10007120,田中鎮,520,10007120013,中路里,230,712,13,N,CHA,NULL,NULL
彰化縣田中鎮新庄里,10007,彰化縣,10007120,田中鎮,520,10007120014,新庄里,230,712,14,N,CHA,NULL,NULL
彰化縣田中鎮三安里,10007,彰化縣,10007120,田中鎮,520,10007120015,三安里,230,712,15,N,CHA,NULL,NULL
彰化縣田中鎮大崙里,10007,彰化縣,10007120,田中鎮,520,10007120016,大崙里,230,712,16,N,CHA,NULL,NULL
彰化縣田中鎮沙崙里,10007,彰化縣,10007120,田中鎮,520,10007120017,沙崙里,230,712,17,N,CHA,NULL,NULL
彰化縣田中鎮新民里,10007,彰化縣,10007120,田中鎮,520,10007120018,新民里,230,712,18,N,CHA,NULL,NULL
彰化縣田中鎮梅州里,10007,彰化縣,10007120,田中鎮,520,10007120019,梅州里,230,712,19,N,CHA,NULL,NULL
彰化縣田中鎮三民里,10007,彰化縣,10007120,田中鎮,520,10007120020,三民里,230,712,20,N,CHA,NULL,NULL
彰化縣田中鎮三光里,10007,彰化縣,10007120,田中鎮,520,10007120021,三光里,230,712,21,N,CHA,NULL,NULL
彰化縣田中鎮大社里,10007,彰化縣,10007120,田中鎮,520,10007120022,大社里,230,712,22,N,CHA,NULL,NULL
彰化縣大村鄉大村村,10007,彰化縣,10007130,大村鄉,515,10007130001,大村村,230,713,1,N,CHA,NULL,NULL
彰化縣大村鄉茄苳村,10007,彰化縣,10007130,大村鄉,515,10007130002,茄苳村,230,713,2,N,CHA,NULL,NULL
彰化縣大村鄉南勢村,10007,彰化縣,10007130,大村鄉,515,10007130003,南勢村,230,713,3,N,CHA,NULL,NULL
彰化縣大村鄉田洋村,10007,彰化縣,10007130,大村鄉,515,10007130004,田洋村,230,713,4,N,CHA,NULL,NULL
彰化縣大村鄉新興村,10007,彰化縣,10007130,大村鄉,515,10007130005,新興村,230,713,5,N,CHA,NULL,NULL
彰化縣大村鄉過溝村,10007,彰化縣,10007130,大村鄉,515,10007130006,過溝村,230,713,6,N,CHA,NULL,NULL
彰化縣大村鄉美港村,10007,彰化縣,10007130,大村鄉,515,10007130007,美港村,230,713,7,N,CHA,NULL,NULL
彰化縣大村鄉平和村,10007,彰化縣,10007130,大村鄉,515,10007130008,平和村,230,713,8,N,CHA,NULL,NULL
彰化縣大村鄉貢旗村,10007,彰化縣,10007130,大村鄉,515,10007130009,貢旗村,230,713,9,N,CHA,NULL,NULL
彰化縣大村鄉加錫村,10007,彰化縣,10007130,大村鄉,515,10007130010,加錫村,230,713,10,N,CHA,NULL,NULL
彰化縣大村鄉村上村,10007,彰化縣,10007130,大村鄉,515,10007130011,村上村,230,713,11,N,CHA,NULL,NULL
彰化縣大村鄉大橋村,10007,彰化縣,10007130,大村鄉,515,10007130012,大橋村,230,713,12,N,CHA,NULL,NULL
彰化縣大村鄉大崙村,10007,彰化縣,10007130,大村鄉,515,10007130013,大崙村,230,713,13,N,CHA,NULL,NULL
彰化縣大村鄉擺塘村,10007,彰化縣,10007130,大村鄉,515,10007130014,擺塘村,230,713,14,N,CHA,NULL,NULL
彰化縣大村鄉黃厝村,10007,彰化縣,10007130,大村鄉,515,10007130015,黃厝村,230,713,15,N,CHA,NULL,NULL
彰化縣大村鄉福興村,10007,彰化縣,10007130,大村鄉,515,10007130016,福興村,230,713,16,N,CHA,NULL,NULL
彰化縣埔鹽鄉埔鹽村,10007,彰化縣,10007140,埔鹽鄉,516,10007140001,埔鹽村,230,714,1,N,CHA,NULL,NULL
彰化縣埔鹽鄉埔南村,10007,彰化縣,10007140,埔鹽鄉,516,10007140002,埔南村,230,714,2,N,CHA,NULL,NULL
彰化縣埔鹽鄉廍子村,10007,彰化縣,10007140,埔鹽鄉,516,10007140003,廍子村,230,714,3,N,CHA,NULL,NULL
彰化縣埔鹽鄉出水村,10007,彰化縣,10007140,埔鹽鄉,516,10007140004,出水村,230,714,4,N,CHA,NULL,NULL
彰化縣埔鹽鄉南港村,10007,彰化縣,10007140,埔鹽鄉,516,10007140005,南港村,230,714,5,N,CHA,NULL,NULL
彰化縣埔鹽鄉打廉村,10007,彰化縣,10007140,埔鹽鄉,516,10007140006,打廉村,230,714,6,N,CHA,NULL,NULL
彰化縣埔鹽鄉豐澤村,10007,彰化縣,10007140,埔鹽鄉,516,10007140007,豐澤村,230,714,7,N,CHA,NULL,NULL
彰化縣埔鹽鄉崑崙村,10007,彰化縣,10007140,埔鹽鄉,516,10007140008,崑崙村,230,714,8,N,CHA,NULL,NULL
彰化縣埔鹽鄉角樹村,10007,彰化縣,10007140,埔鹽鄉,516,10007140009,角樹村,230,714,9,N,CHA,NULL,NULL
彰化縣埔鹽鄉瓦󿾨村,10007,彰化縣,10007140,埔鹽鄉,516,10007140010,瓦󿾨村,230,714,10,N,CHA,NULL,NULL
彰化縣埔鹽鄉好修村,10007,彰化縣,10007140,埔鹽鄉,516,10007140011,好修村,230,714,11,N,CHA,NULL,NULL
彰化縣埔鹽鄉西湖村,10007,彰化縣,10007140,埔鹽鄉,516,10007140012,西湖村,230,714,12,N,CHA,NULL,NULL
彰化縣埔鹽鄉大有村,10007,彰化縣,10007140,埔鹽鄉,516,10007140013,大有村,230,714,13,N,CHA,NULL,NULL
彰化縣埔鹽鄉新興村,10007,彰化縣,10007140,埔鹽鄉,516,10007140014,新興村,230,714,14,N,CHA,NULL,NULL
彰化縣埔鹽鄉永平村,10007,彰化縣,10007140,埔鹽鄉,516,10007140015,永平村,230,714,15,N,CHA,NULL,NULL
彰化縣埔鹽鄉永樂村,10007,彰化縣,10007140,埔鹽鄉,516,10007140016,永樂村,230,714,16,N,CHA,NULL,NULL
彰化縣埔鹽鄉石埤村,10007,彰化縣,10007140,埔鹽鄉,516,10007140017,石埤村,230,714,17,N,CHA,NULL,NULL
彰化縣埔鹽鄉天盛村,10007,彰化縣,10007140,埔鹽鄉,516,10007140018,天盛村,230,714,18,N,CHA,NULL,NULL
彰化縣埔鹽鄉太平村,10007,彰化縣,10007140,埔鹽鄉,516,10007140019,太平村,230,714,19,N,CHA,NULL,NULL
彰化縣埔鹽鄉新水村,10007,彰化縣,10007140,埔鹽鄉,516,10007140020,新水村,230,714,20,N,CHA,NULL,NULL
彰化縣埔鹽鄉三省村,10007,彰化縣,10007140,埔鹽鄉,516,10007140021,三省村,230,714,21,N,CHA,NULL,NULL
彰化縣埔鹽鄉南新村,10007,彰化縣,10007140,埔鹽鄉,516,10007140022,南新村,230,714,22,N,CHA,NULL,NULL
彰化縣埔心鄉東門村,10007,彰化縣,10007150,埔心鄉,513,10007150001,東門村,230,715,1,N,CHA,NULL,NULL
彰化縣埔心鄉埔心村,10007,彰化縣,10007150,埔心鄉,513,10007150002,埔心村,230,715,2,N,CHA,NULL,NULL
彰化縣埔心鄉義民村,10007,彰化縣,10007150,埔心鄉,513,10007150003,義民村,230,715,3,N,CHA,NULL,NULL
彰化縣埔心鄉油車村,10007,彰化縣,10007150,埔心鄉,513,10007150004,油車村,230,715,4,N,CHA,NULL,NULL
彰化縣埔心鄉瓦北村,10007,彰化縣,10007150,埔心鄉,513,10007150005,瓦北村,230,715,5,N,CHA,NULL,NULL
彰化縣埔心鄉瓦中村,10007,彰化縣,10007150,埔心鄉,513,10007150006,瓦中村,230,715,6,N,CHA,NULL,NULL
彰化縣埔心鄉瓦南村,10007,彰化縣,10007150,埔心鄉,513,10007150007,瓦南村,230,715,7,N,CHA,NULL,NULL
彰化縣埔心鄉太平村,10007,彰化縣,10007150,埔心鄉,513,10007150008,太平村,230,715,8,N,CHA,NULL,NULL
彰化縣埔心鄉經口村,10007,彰化縣,10007150,埔心鄉,513,10007150009,經口村,230,715,9,N,CHA,NULL,NULL
彰化縣埔心鄉大華村,10007,彰化縣,10007150,埔心鄉,513,10007150010,大華村,230,715,10,N,CHA,NULL,NULL
彰化縣埔心鄉仁里村,10007,彰化縣,10007150,埔心鄉,513,10007150011,仁里村,230,715,11,N,CHA,NULL,NULL
彰化縣埔心鄉舊舘村,10007,彰化縣,10007150,埔心鄉,513,10007150012,舊舘村,230,715,12,N,CHA,NULL,NULL
彰化縣埔心鄉南舘村,10007,彰化縣,10007150,埔心鄉,513,10007150013,南舘村,230,715,13,N,CHA,NULL,NULL
彰化縣埔心鄉新舘村,10007,彰化縣,10007150,埔心鄉,513,10007150014,新舘村,230,715,14,N,CHA,NULL,NULL
彰化縣埔心鄉羅厝村,10007,彰化縣,10007150,埔心鄉,513,10007150015,羅厝村,230,715,15,N,CHA,NULL,NULL
彰化縣埔心鄉芎蕉村,10007,彰化縣,10007150,埔心鄉,513,10007150016,芎蕉村,230,715,16,N,CHA,NULL,NULL
彰化縣埔心鄉二重村,10007,彰化縣,10007150,埔心鄉,513,10007150017,二重村,230,715,17,N,CHA,NULL,NULL
彰化縣埔心鄉梧鳳村,10007,彰化縣,10007150,埔心鄉,513,10007150018,梧鳳村,230,715,18,N,CHA,NULL,NULL
彰化縣埔心鄉埤霞村,10007,彰化縣,10007150,埔心鄉,513,10007150019,埤霞村,230,715,19,N,CHA,NULL,NULL
彰化縣埔心鄉埤脚村,10007,彰化縣,10007150,埔心鄉,513,10007150020,埤脚村,230,715,20,N,CHA,NULL,NULL
彰化縣永靖鄉永東村,10007,彰化縣,10007160,永靖鄉,512,10007160001,永東村,230,716,1,N,CHA,NULL,NULL
彰化縣永靖鄉永西村,10007,彰化縣,10007160,永靖鄉,512,10007160002,永西村,230,716,2,N,CHA,NULL,NULL
彰化縣永靖鄉永南村,10007,彰化縣,10007160,永靖鄉,512,10007160003,永南村,230,716,3,N,CHA,NULL,NULL
彰化縣永靖鄉永北村,10007,彰化縣,10007160,永靖鄉,512,10007160004,永北村,230,716,4,N,CHA,NULL,NULL
彰化縣永靖鄉港西村,10007,彰化縣,10007160,永靖鄉,512,10007160005,港西村,230,716,5,N,CHA,NULL,NULL
彰化縣永靖鄉五福村,10007,彰化縣,10007160,永靖鄉,512,10007160006,五福村,230,716,6,N,CHA,NULL,NULL
彰化縣永靖鄉湳港村,10007,彰化縣,10007160,永靖鄉,512,10007160007,湳港村,230,716,7,N,CHA,NULL,NULL
彰化縣永靖鄉新莊村,10007,彰化縣,10007160,永靖鄉,512,10007160008,新莊村,230,716,8,N,CHA,NULL,NULL
彰化縣永靖鄉瑚璉村,10007,彰化縣,10007160,永靖鄉,512,10007160009,瑚璉村,230,716,9,N,CHA,NULL,NULL
彰化縣永靖鄉五汴村,10007,彰化縣,10007160,永靖鄉,512,10007160010,五汴村,230,716,10,N,CHA,NULL,NULL
彰化縣永靖鄉浮圳村,10007,彰化縣,10007160,永靖鄉,512,10007160011,浮圳村,230,716,11,N,CHA,NULL,NULL
彰化縣永靖鄉光雲村,10007,彰化縣,10007160,永靖鄉,512,10007160012,光雲村,230,716,12,N,CHA,NULL,NULL
彰化縣永靖鄉東寧村,10007,彰化縣,10007160,永靖鄉,512,10007160013,東寧村,230,716,13,N,CHA,NULL,NULL
彰化縣永靖鄉永興村,10007,彰化縣,10007160,永靖鄉,512,10007160014,永興村,230,716,14,N,CHA,NULL,NULL
彰化縣永靖鄉崙子村,10007,彰化縣,10007160,永靖鄉,512,10007160015,崙子村,230,716,15,N,CHA,NULL,NULL
彰化縣永靖鄉獨鰲村,10007,彰化縣,10007160,永靖鄉,512,10007160016,獨鰲村,230,716,16,N,CHA,NULL,NULL
彰化縣永靖鄉敦厚村,10007,彰化縣,10007160,永靖鄉,512,10007160017,敦厚村,230,716,17,N,CHA,NULL,NULL
彰化縣永靖鄉崙美村,10007,彰化縣,10007160,永靖鄉,512,10007160018,崙美村,230,716,18,N,CHA,NULL,NULL
彰化縣永靖鄉同安村,10007,彰化縣,10007160,永靖鄉,512,10007160019,同安村,230,716,19,N,CHA,NULL,NULL
彰化縣永靖鄉同仁村,10007,彰化縣,10007160,永靖鄉,512,10007160020,同仁村,230,716,20,N,CHA,NULL,NULL
彰化縣永靖鄉湳墘村,10007,彰化縣,10007160,永靖鄉,512,10007160021,湳墘村,230,716,21,N,CHA,NULL,NULL
彰化縣永靖鄉四芳村,10007,彰化縣,10007160,永靖鄉,512,10007160022,四芳村,230,716,22,N,CHA,NULL,NULL
彰化縣永靖鄉福興村,10007,彰化縣,10007160,永靖鄉,512,10007160023,福興村,230,716,23,N,CHA,NULL,NULL
彰化縣永靖鄉竹子村,10007,彰化縣,10007160,永靖鄉,512,10007160024,竹子村,230,716,24,N,CHA,NULL,NULL
彰化縣社頭鄉社頭村,10007,彰化縣,10007170,社頭鄉,511,10007170001,社頭村,230,717,1,N,CHA,NULL,NULL
彰化縣社頭鄉東興村,10007,彰化縣,10007170,社頭鄉,511,10007170002,東興村,230,717,2,N,CHA,NULL,NULL
彰化縣社頭鄉山湖村,10007,彰化縣,10007170,社頭鄉,511,10007170003,山湖村,230,717,3,N,CHA,NULL,NULL
彰化縣社頭鄉廣興村,10007,彰化縣,10007170,社頭鄉,511,10007170004,廣興村,230,717,4,N,CHA,NULL,NULL
彰化縣社頭鄉廣福村,10007,彰化縣,10007170,社頭鄉,511,10007170005,廣福村,230,717,5,N,CHA,NULL,NULL
彰化縣社頭鄉朝興村,10007,彰化縣,10007170,社頭鄉,511,10007170006,朝興村,230,717,6,N,CHA,NULL,NULL
彰化縣社頭鄉仁雅村,10007,彰化縣,10007170,社頭鄉,511,10007170007,仁雅村,230,717,7,N,CHA,NULL,NULL
彰化縣社頭鄉橋頭村,10007,彰化縣,10007170,社頭鄉,511,10007170008,橋頭村,230,717,8,N,CHA,NULL,NULL
彰化縣社頭鄉仁和村,10007,彰化縣,10007170,社頭鄉,511,10007170009,仁和村,230,717,9,N,CHA,NULL,NULL
彰化縣社頭鄉崙雅村,10007,彰化縣,10007170,社頭鄉,511,10007170010,崙雅村,230,717,10,N,CHA,NULL,NULL
彰化縣社頭鄉湳底村,10007,彰化縣,10007170,社頭鄉,511,10007170011,湳底村,230,717,11,N,CHA,NULL,NULL
彰化縣社頭鄉泰安村,10007,彰化縣,10007170,社頭鄉,511,10007170012,泰安村,230,717,12,N,CHA,NULL,NULL
彰化縣社頭鄉美雅村,10007,彰化縣,10007170,社頭鄉,511,10007170013,美雅村,230,717,13,N,CHA,NULL,NULL
彰化縣社頭鄉新厝村,10007,彰化縣,10007170,社頭鄉,511,10007170014,新厝村,230,717,14,N,CHA,NULL,NULL
彰化縣社頭鄉平和村,10007,彰化縣,10007170,社頭鄉,511,10007170015,平和村,230,717,15,N,CHA,NULL,NULL
彰化縣社頭鄉里仁村,10007,彰化縣,10007170,社頭鄉,511,10007170016,里仁村,230,717,16,N,CHA,NULL,NULL
彰化縣社頭鄉張厝村,10007,彰化縣,10007170,社頭鄉,511,10007170017,張厝村,230,717,17,N,CHA,NULL,NULL
彰化縣社頭鄉龍井村,10007,彰化縣,10007170,社頭鄉,511,10007170018,龍井村,230,717,18,N,CHA,NULL,NULL
彰化縣社頭鄉舊社村,10007,彰化縣,10007170,社頭鄉,511,10007170019,舊社村,230,717,19,N,CHA,NULL,NULL
彰化縣社頭鄉埤斗村,10007,彰化縣,10007170,社頭鄉,511,10007170020,埤斗村,230,717,20,N,CHA,NULL,NULL
彰化縣社頭鄉湳雅村,10007,彰化縣,10007170,社頭鄉,511,10007170021,湳雅村,230,717,21,N,CHA,NULL,NULL
彰化縣社頭鄉松竹村,10007,彰化縣,10007170,社頭鄉,511,10007170022,松竹村,230,717,22,N,CHA,NULL,NULL
彰化縣社頭鄉清水村,10007,彰化縣,10007170,社頭鄉,511,10007170023,清水村,230,717,23,N,CHA,NULL,NULL
彰化縣社頭鄉協和村,10007,彰化縣,10007170,社頭鄉,511,10007170024,協和村,230,717,24,N,CHA,NULL,NULL
彰化縣二水鄉合和村,10007,彰化縣,10007180,二水鄉,530,10007180001,合和村,230,718,1,N,CHA,NULL,NULL
彰化縣二水鄉上豊村,10007,彰化縣,10007180,二水鄉,530,10007180002,上豊村,230,718,2,N,CHA,NULL,NULL
彰化縣二水鄉過圳村,10007,彰化縣,10007180,二水鄉,530,10007180003,過圳村,230,718,3,N,CHA,NULL,NULL
彰化縣二水鄉五伯村,10007,彰化縣,10007180,二水鄉,530,10007180004,五伯村,230,718,4,N,CHA,NULL,NULL
彰化縣二水鄉光化村,10007,彰化縣,10007180,二水鄉,530,10007180005,光化村,230,718,5,N,CHA,NULL,NULL
彰化縣二水鄉文化村,10007,彰化縣,10007180,二水鄉,530,10007180006,文化村,230,718,6,N,CHA,NULL,NULL
彰化縣二水鄉二水村,10007,彰化縣,10007180,二水鄉,530,10007180007,二水村,230,718,7,N,CHA,NULL,NULL
彰化縣二水鄉聖化村,10007,彰化縣,10007180,二水鄉,530,10007180008,聖化村,230,718,8,N,CHA,NULL,NULL
彰化縣二水鄉裕民村,10007,彰化縣,10007180,二水鄉,530,10007180009,裕民村,230,718,9,N,CHA,NULL,NULL
彰化縣二水鄉惠民村,10007,彰化縣,10007180,二水鄉,530,10007180010,惠民村,230,718,10,N,CHA,NULL,NULL
彰化縣二水鄉大園村,10007,彰化縣,10007180,二水鄉,530,10007180011,大園村,230,718,11,N,CHA,NULL,NULL
彰化縣二水鄉修仁村,10007,彰化縣,10007180,二水鄉,530,10007180012,修仁村,230,718,12,N,CHA,NULL,NULL
彰化縣二水鄉合興村,10007,彰化縣,10007180,二水鄉,530,10007180013,合興村,230,718,13,N,CHA,NULL,NULL
彰化縣二水鄉源泉村,10007,彰化縣,10007180,二水鄉,530,10007180014,源泉村,230,718,14,N,CHA,NULL,NULL
彰化縣二水鄉倡和村,10007,彰化縣,10007180,二水鄉,530,10007180015,倡和村,230,718,15,N,CHA,NULL,NULL
彰化縣二水鄉復興村,10007,彰化縣,10007180,二水鄉,530,10007180016,復興村,230,718,16,N,CHA,NULL,NULL
彰化縣二水鄉十五村,10007,彰化縣,10007180,二水鄉,530,10007180017,十五村,230,718,17,N,CHA,NULL,NULL
彰化縣北斗鎮光復里,10007,彰化縣,10007190,北斗鎮,521,10007190001,光復里,230,719,1,N,CHA,NULL,NULL
彰化縣北斗鎮新政里,10007,彰化縣,10007190,北斗鎮,521,10007190002,新政里,230,719,2,N,CHA,NULL,NULL
彰化縣北斗鎮重慶里,10007,彰化縣,10007190,北斗鎮,521,10007190003,重慶里,230,719,3,N,CHA,NULL,NULL
彰化縣北斗鎮五權里,10007,彰化縣,10007190,北斗鎮,521,10007190004,五權里,230,719,4,N,CHA,NULL,NULL
彰化縣北斗鎮七星里,10007,彰化縣,10007190,北斗鎮,521,10007190005,七星里,230,719,5,N,CHA,NULL,NULL
彰化縣北斗鎮居仁里,10007,彰化縣,10007190,北斗鎮,521,10007190006,居仁里,230,719,6,N,CHA,NULL,NULL
彰化縣北斗鎮東光里,10007,彰化縣,10007190,北斗鎮,521,10007190007,東光里,230,719,7,N,CHA,NULL,NULL
彰化縣北斗鎮文昌里,10007,彰化縣,10007190,北斗鎮,521,10007190008,文昌里,230,719,8,N,CHA,NULL,NULL
彰化縣北斗鎮中和里,10007,彰化縣,10007190,北斗鎮,521,10007190009,中和里,230,719,9,N,CHA,NULL,NULL
彰化縣北斗鎮西德里,10007,彰化縣,10007190,北斗鎮,521,10007190010,西德里,230,719,10,N,CHA,NULL,NULL
彰化縣北斗鎮西安里,10007,彰化縣,10007190,北斗鎮,521,10007190011,西安里,230,719,11,N,CHA,NULL,NULL
彰化縣北斗鎮中寮里,10007,彰化縣,10007190,北斗鎮,521,10007190012,中寮里,230,719,12,N,CHA,NULL,NULL
彰化縣北斗鎮大道里,10007,彰化縣,10007190,北斗鎮,521,10007190013,大道里,230,719,13,N,CHA,NULL,NULL
彰化縣北斗鎮新生里,10007,彰化縣,10007190,北斗鎮,521,10007190014,新生里,230,719,14,N,CHA,NULL,NULL
彰化縣北斗鎮大新里,10007,彰化縣,10007190,北斗鎮,521,10007190015,大新里,230,719,15,N,CHA,NULL,NULL
彰化縣二林鎮東和里,10007,彰化縣,10007200,二林鎮,526,10007200001,東和里,230,720,1,N,CHA,NULL,NULL
彰化縣二林鎮南光里,10007,彰化縣,10007200,二林鎮,526,10007200002,南光里,230,720,2,N,CHA,NULL,NULL
彰化縣二林鎮西平里,10007,彰化縣,10007200,二林鎮,526,10007200003,西平里,230,720,3,N,CHA,NULL,NULL
彰化縣二林鎮北平里,10007,彰化縣,10007200,二林鎮,526,10007200004,北平里,230,720,4,N,CHA,NULL,NULL
彰化縣二林鎮中西里,10007,彰化縣,10007200,二林鎮,526,10007200005,中西里,230,720,5,N,CHA,NULL,NULL
彰化縣二林鎮廣興里,10007,彰化縣,10007200,二林鎮,526,10007200006,廣興里,230,720,6,N,CHA,NULL,NULL
彰化縣二林鎮香田里,10007,彰化縣,10007200,二林鎮,526,10007200007,香田里,230,720,7,N,CHA,NULL,NULL
彰化縣二林鎮外竹里,10007,彰化縣,10007200,二林鎮,526,10007200008,外竹里,230,720,8,N,CHA,NULL,NULL
彰化縣二林鎮興華里,10007,彰化縣,10007200,二林鎮,526,10007200009,興華里,230,720,9,N,CHA,NULL,NULL
彰化縣二林鎮東興里,10007,彰化縣,10007200,二林鎮,526,10007200010,東興里,230,720,10,N,CHA,NULL,NULL
彰化縣二林鎮後厝里,10007,彰化縣,10007200,二林鎮,526,10007200011,後厝里,230,720,11,N,CHA,NULL,NULL
彰化縣二林鎮豐田里,10007,彰化縣,10007200,二林鎮,526,10007200012,豐田里,230,720,12,N,CHA,NULL,NULL
彰化縣二林鎮頂厝里,10007,彰化縣,10007200,二林鎮,526,10007200013,頂厝里,230,720,13,N,CHA,NULL,NULL
彰化縣二林鎮趙甲里,10007,彰化縣,10007200,二林鎮,526,10007200014,趙甲里,230,720,14,N,CHA,NULL,NULL
彰化縣二林鎮振興里,10007,彰化縣,10007200,二林鎮,526,10007200015,振興里,230,720,15,N,CHA,NULL,NULL
彰化縣二林鎮萬興里,10007,彰化縣,10007200,二林鎮,526,10007200016,萬興里,230,720,16,N,CHA,NULL,NULL
彰化縣二林鎮永興里,10007,彰化縣,10007200,二林鎮,526,10007200017,永興里,230,720,17,N,CHA,NULL,NULL
彰化縣二林鎮西庄里,10007,彰化縣,10007200,二林鎮,526,10007200018,西庄里,230,720,18,N,CHA,NULL,NULL
彰化縣二林鎮梅芳里,10007,彰化縣,10007200,二林鎮,526,10007200019,梅芳里,230,720,19,N,CHA,NULL,NULL
彰化縣二林鎮華崙里,10007,彰化縣,10007200,二林鎮,526,10007200020,華崙里,230,720,20,N,CHA,NULL,NULL
彰化縣二林鎮東勢里,10007,彰化縣,10007200,二林鎮,526,10007200021,東勢里,230,720,21,N,CHA,NULL,NULL
彰化縣二林鎮萬合里,10007,彰化縣,10007200,二林鎮,526,10007200022,萬合里,230,720,22,N,CHA,NULL,NULL
彰化縣二林鎮大永里,10007,彰化縣,10007200,二林鎮,526,10007200023,大永里,230,720,23,N,CHA,NULL,NULL
彰化縣二林鎮原斗里,10007,彰化縣,10007200,二林鎮,526,10007200024,原斗里,230,720,24,N,CHA,NULL,NULL
彰化縣二林鎮西斗里,10007,彰化縣,10007200,二林鎮,526,10007200025,西斗里,230,720,25,N,CHA,NULL,NULL
彰化縣二林鎮東華里,10007,彰化縣,10007200,二林鎮,526,10007200026,東華里,230,720,26,N,CHA,NULL,NULL
彰化縣二林鎮復豐里,10007,彰化縣,10007200,二林鎮,526,10007200027,復豐里,230,720,27,N,CHA,NULL,NULL
彰化縣田尾鄉田尾村,10007,彰化縣,10007210,田尾鄉,522,10007210001,田尾村,230,721,1,N,CHA,NULL,NULL
彰化縣田尾鄉豐田村,10007,彰化縣,10007210,田尾鄉,522,10007210002,豐田村,230,721,2,N,CHA,NULL,NULL
彰化縣田尾鄉饒平村,10007,彰化縣,10007210,田尾鄉,522,10007210003,饒平村,230,721,3,N,CHA,NULL,NULL
彰化縣田尾鄉睦宜村,10007,彰化縣,10007210,田尾鄉,522,10007210004,睦宜村,230,721,4,N,CHA,NULL,NULL
彰化縣田尾鄉福田村,10007,彰化縣,10007210,田尾鄉,522,10007210005,福田村,230,721,5,N,CHA,NULL,NULL
彰化縣田尾鄉新興村,10007,彰化縣,10007210,田尾鄉,522,10007210006,新興村,230,721,6,N,CHA,NULL,NULL
彰化縣田尾鄉北鎮村,10007,彰化縣,10007210,田尾鄉,522,10007210007,北鎮村,230,721,7,N,CHA,NULL,NULL
彰化縣田尾鄉南鎮村,10007,彰化縣,10007210,田尾鄉,522,10007210008,南鎮村,230,721,8,N,CHA,NULL,NULL
彰化縣田尾鄉新生村,10007,彰化縣,10007210,田尾鄉,522,10007210009,新生村,230,721,9,N,CHA,NULL,NULL
彰化縣田尾鄉南曾村,10007,彰化縣,10007210,田尾鄉,522,10007210010,南曾村,230,721,10,N,CHA,NULL,NULL
彰化縣田尾鄉北曾村,10007,彰化縣,10007210,田尾鄉,522,10007210011,北曾村,230,721,11,N,CHA,NULL,NULL
彰化縣田尾鄉溪畔村,10007,彰化縣,10007210,田尾鄉,522,10007210012,溪畔村,230,721,12,N,CHA,NULL,NULL
彰化縣田尾鄉打簾村,10007,彰化縣,10007210,田尾鄉,522,10007210013,打簾村,230,721,13,N,CHA,NULL,NULL
彰化縣田尾鄉柳鳳村,10007,彰化縣,10007210,田尾鄉,522,10007210014,柳鳳村,230,721,14,N,CHA,NULL,NULL
彰化縣田尾鄉陸豐村,10007,彰化縣,10007210,田尾鄉,522,10007210015,陸豐村,230,721,15,N,CHA,NULL,NULL
彰化縣田尾鄉海豐村,10007,彰化縣,10007210,田尾鄉,522,10007210016,海豐村,230,721,16,N,CHA,NULL,NULL
彰化縣田尾鄉仁里村,10007,彰化縣,10007210,田尾鄉,522,10007210017,仁里村,230,721,17,N,CHA,NULL,NULL
彰化縣田尾鄉新厝村,10007,彰化縣,10007210,田尾鄉,522,10007210018,新厝村,230,721,18,N,CHA,NULL,NULL
彰化縣田尾鄉溪頂村,10007,彰化縣,10007210,田尾鄉,522,10007210019,溪頂村,230,721,19,N,CHA,NULL,NULL
彰化縣田尾鄉正義村,10007,彰化縣,10007210,田尾鄉,522,10007210020,正義村,230,721,20,N,CHA,NULL,NULL
彰化縣埤頭鄉和豊村,10007,彰化縣,10007220,埤頭鄉,523,10007220001,和豊村,230,722,1,N,CHA,NULL,NULL
彰化縣埤頭鄉興農村,10007,彰化縣,10007220,埤頭鄉,523,10007220002,興農村,230,722,2,N,CHA,NULL,NULL
彰化縣埤頭鄉埤頭村,10007,彰化縣,10007220,埤頭鄉,523,10007220003,埤頭村,230,722,3,N,CHA,NULL,NULL
彰化縣埤頭鄉豊崙村,10007,彰化縣,10007220,埤頭鄉,523,10007220004,豊崙村,230,722,4,N,CHA,NULL,NULL
彰化縣埤頭鄉崙子村,10007,彰化縣,10007220,埤頭鄉,523,10007220005,崙子村,230,722,5,N,CHA,NULL,NULL
彰化縣埤頭鄉合興村,10007,彰化縣,10007220,埤頭鄉,523,10007220007,合興村,230,722,7,N,CHA,NULL,NULL
彰化縣埤頭鄉平原村,10007,彰化縣,10007220,埤頭鄉,523,10007220008,平原村,230,722,8,N,CHA,NULL,NULL
彰化縣埤頭鄉崙腳村,10007,彰化縣,10007220,埤頭鄉,523,10007220009,崙腳村,230,722,9,N,CHA,NULL,NULL
彰化縣埤頭鄉元埔村,10007,彰化縣,10007220,埤頭鄉,523,10007220010,元埔村,230,722,10,N,CHA,NULL,NULL
彰化縣埤頭鄉芙朝村,10007,彰化縣,10007220,埤頭鄉,523,10007220011,芙朝村,230,722,11,N,CHA,NULL,NULL
彰化縣埤頭鄉新庄村,10007,彰化縣,10007220,埤頭鄉,523,10007220012,新庄村,230,722,12,N,CHA,NULL,NULL
彰化縣埤頭鄉陸嘉村,10007,彰化縣,10007220,埤頭鄉,523,10007220013,陸嘉村,230,722,13,N,CHA,NULL,NULL
彰化縣埤頭鄉竹圍村,10007,彰化縣,10007220,埤頭鄉,523,10007220014,竹圍村,230,722,14,N,CHA,NULL,NULL
彰化縣埤頭鄉中和村,10007,彰化縣,10007220,埤頭鄉,523,10007220015,中和村,230,722,15,N,CHA,NULL,NULL
彰化縣埤頭鄉庄內村,10007,彰化縣,10007220,埤頭鄉,523,10007220016,庄內村,230,722,16,N,CHA,NULL,NULL
彰化縣埤頭鄉大湖村,10007,彰化縣,10007220,埤頭鄉,523,10007220017,大湖村,230,722,17,N,CHA,NULL,NULL
彰化縣埤頭鄉永豐村,10007,彰化縣,10007220,埤頭鄉,523,10007220018,永豐村,230,722,18,N,CHA,NULL,NULL
彰化縣芳苑鄉芳苑村,10007,彰化縣,10007230,芳苑鄉,528,10007230001,芳苑村,230,723,1,N,CHA,NULL,NULL
彰化縣芳苑鄉芳中村,10007,彰化縣,10007230,芳苑鄉,528,10007230002,芳中村,230,723,2,N,CHA,NULL,NULL
彰化縣芳苑鄉仁愛村,10007,彰化縣,10007230,芳苑鄉,528,10007230003,仁愛村,230,723,3,N,CHA,NULL,NULL
彰化縣芳苑鄉信義村,10007,彰化縣,10007230,芳苑鄉,528,10007230004,信義村,230,723,4,N,CHA,NULL,NULL
彰化縣芳苑鄉後寮村,10007,彰化縣,10007230,芳苑鄉,528,10007230005,後寮村,230,723,5,N,CHA,NULL,NULL
彰化縣芳苑鄉三合村,10007,彰化縣,10007230,芳苑鄉,528,10007230006,三合村,230,723,6,N,CHA,NULL,NULL
彰化縣芳苑鄉永興村,10007,彰化縣,10007230,芳苑鄉,528,10007230007,永興村,230,723,7,N,CHA,NULL,NULL
彰化縣芳苑鄉五俊村,10007,彰化縣,10007230,芳苑鄉,528,10007230008,五俊村,230,723,8,N,CHA,NULL,NULL
彰化縣芳苑鄉路上村,10007,彰化縣,10007230,芳苑鄉,528,10007230009,路上村,230,723,9,N,CHA,NULL,NULL
彰化縣芳苑鄉路平村,10007,彰化縣,10007230,芳苑鄉,528,10007230010,路平村,230,723,10,N,CHA,NULL,NULL
彰化縣芳苑鄉三成村,10007,彰化縣,10007230,芳苑鄉,528,10007230011,三成村,230,723,11,N,CHA,NULL,NULL
彰化縣芳苑鄉福榮村,10007,彰化縣,10007230,芳苑鄉,528,10007230012,福榮村,230,723,12,N,CHA,NULL,NULL
彰化縣芳苑鄉頂廍村,10007,彰化縣,10007230,芳苑鄉,528,10007230013,頂廍村,230,723,13,N,CHA,NULL,NULL
彰化縣芳苑鄉新街村,10007,彰化縣,10007230,芳苑鄉,528,10007230014,新街村,230,723,14,N,CHA,NULL,NULL
彰化縣芳苑鄉王功村,10007,彰化縣,10007230,芳苑鄉,528,10007230015,王功村,230,723,15,N,CHA,NULL,NULL
彰化縣芳苑鄉博愛村,10007,彰化縣,10007230,芳苑鄉,528,10007230016,博愛村,230,723,16,N,CHA,NULL,NULL
彰化縣芳苑鄉和平村,10007,彰化縣,10007230,芳苑鄉,528,10007230017,和平村,230,723,17,N,CHA,NULL,NULL
彰化縣芳苑鄉民生村,10007,彰化縣,10007230,芳苑鄉,528,10007230018,民生村,230,723,18,N,CHA,NULL,NULL
彰化縣芳苑鄉興仁村,10007,彰化縣,10007230,芳苑鄉,528,10007230019,興仁村,230,723,19,N,CHA,NULL,NULL
彰化縣芳苑鄉新寶村,10007,彰化縣,10007230,芳苑鄉,528,10007230020,新寶村,230,723,20,N,CHA,NULL,NULL
彰化縣芳苑鄉草湖村,10007,彰化縣,10007230,芳苑鄉,528,10007230021,草湖村,230,723,21,N,CHA,NULL,NULL
彰化縣芳苑鄉文津村,10007,彰化縣,10007230,芳苑鄉,528,10007230022,文津村,230,723,22,N,CHA,NULL,NULL
彰化縣芳苑鄉建平村,10007,彰化縣,10007230,芳苑鄉,528,10007230023,建平村,230,723,23,N,CHA,NULL,NULL
彰化縣芳苑鄉崙腳村,10007,彰化縣,10007230,芳苑鄉,528,10007230024,崙腳村,230,723,24,N,CHA,NULL,NULL
彰化縣芳苑鄉新生村,10007,彰化縣,10007230,芳苑鄉,528,10007230025,新生村,230,723,25,N,CHA,NULL,NULL
彰化縣芳苑鄉漢寶村,10007,彰化縣,10007230,芳苑鄉,528,10007230026,漢寶村,230,723,26,N,CHA,NULL,NULL
彰化縣大城鄉潭墘村,10007,彰化縣,10007240,大城鄉,527,10007240001,潭墘村,230,724,1,N,CHA,NULL,NULL
彰化縣大城鄉上山村,10007,彰化縣,10007240,大城鄉,527,10007240002,上山村,230,724,2,N,CHA,NULL,NULL
彰化縣大城鄉東城村,10007,彰化縣,10007240,大城鄉,527,10007240003,東城村,230,724,3,N,CHA,NULL,NULL
彰化縣大城鄉西城村,10007,彰化縣,10007240,大城鄉,527,10007240004,西城村,230,724,4,N,CHA,NULL,NULL
彰化縣大城鄉大城村,10007,彰化縣,10007240,大城鄉,527,10007240005,大城村,230,724,5,N,CHA,NULL,NULL
彰化縣大城鄉菜寮村,10007,彰化縣,10007240,大城鄉,527,10007240006,菜寮村,230,724,6,N,CHA,NULL,NULL
彰化縣大城鄉山腳村,10007,彰化縣,10007240,大城鄉,527,10007240007,山腳村,230,724,7,N,CHA,NULL,NULL
彰化縣大城鄉永和村,10007,彰化縣,10007240,大城鄉,527,10007240008,永和村,230,724,8,N,CHA,NULL,NULL
彰化縣大城鄉頂庄村,10007,彰化縣,10007240,大城鄉,527,10007240009,頂庄村,230,724,9,N,CHA,NULL,NULL
彰化縣大城鄉公館村,10007,彰化縣,10007240,大城鄉,527,10007240010,公館村,230,724,10,N,CHA,NULL,NULL
彰化縣大城鄉臺西村,10007,彰化縣,10007240,大城鄉,527,10007240011,臺西村,230,724,11,N,CHA,NULL,NULL
彰化縣大城鄉東港村,10007,彰化縣,10007240,大城鄉,527,10007240012,東港村,230,724,12,N,CHA,NULL,NULL
彰化縣大城鄉西港村,10007,彰化縣,10007240,大城鄉,527,10007240013,西港村,230,724,13,N,CHA,NULL,NULL
彰化縣大城鄉豐美村,10007,彰化縣,10007240,大城鄉,527,10007240014,豐美村,230,724,14,N,CHA,NULL,NULL
彰化縣大城鄉三豐村,10007,彰化縣,10007240,大城鄉,527,10007240015,三豐村,230,724,15,N,CHA,NULL,NULL
彰化縣竹塘鄉竹元村,10007,彰化縣,10007250,竹塘鄉,525,10007250001,竹元村,230,725,1,N,CHA,NULL,NULL
彰化縣竹塘鄉竹塘村,10007,彰化縣,10007250,竹塘鄉,525,10007250002,竹塘村,230,725,2,N,CHA,NULL,NULL
彰化縣竹塘鄉小西村,10007,彰化縣,10007250,竹塘鄉,525,10007250003,小西村,230,725,3,N,CHA,NULL,NULL
彰化縣竹塘鄉民靖村,10007,彰化縣,10007250,竹塘鄉,525,10007250004,民靖村,230,725,4,N,CHA,NULL,NULL
彰化縣竹塘鄉五庄村,10007,彰化縣,10007250,竹塘鄉,525,10007250005,五庄村,230,725,5,N,CHA,NULL,NULL
彰化縣竹塘鄉樹腳村,10007,彰化縣,10007250,竹塘鄉,525,10007250006,樹腳村,230,725,6,N,CHA,NULL,NULL
彰化縣竹塘鄉田頭村,10007,彰化縣,10007250,竹塘鄉,525,10007250007,田頭村,230,725,7,N,CHA,NULL,NULL
彰化縣竹塘鄉新廣村,10007,彰化縣,10007250,竹塘鄉,525,10007250008,新廣村,230,725,8,N,CHA,NULL,NULL
彰化縣竹塘鄉溪墘村,10007,彰化縣,10007250,竹塘鄉,525,10007250009,溪墘村,230,725,9,N,CHA,NULL,NULL
彰化縣竹塘鄉竹林村,10007,彰化縣,10007250,竹塘鄉,525,10007250010,竹林村,230,725,10,N,CHA,NULL,NULL
彰化縣竹塘鄉土庫村,10007,彰化縣,10007250,竹塘鄉,525,10007250011,土庫村,230,725,11,N,CHA,NULL,NULL
彰化縣竹塘鄉內新村,10007,彰化縣,10007250,竹塘鄉,525,10007250012,內新村,230,725,12,N,CHA,NULL,NULL
彰化縣竹塘鄉長安村,10007,彰化縣,10007250,竹塘鄉,525,10007250013,長安村,230,725,13,N,CHA,NULL,NULL
彰化縣竹塘鄉永安村,10007,彰化縣,10007250,竹塘鄉,525,10007250014,永安村,230,725,14,N,CHA,NULL,NULL
彰化縣溪州鄉溪厝村,10007,彰化縣,10007260,溪州鄉,524,10007260001,溪厝村,230,726,1,N,CHA,NULL,NULL
彰化縣溪州鄉舊眉村,10007,彰化縣,10007260,溪州鄉,524,10007260002,舊眉村,230,726,2,N,CHA,NULL,NULL
彰化縣溪州鄉柑園村,10007,彰化縣,10007260,溪州鄉,524,10007260003,柑園村,230,726,3,N,CHA,NULL,NULL
彰化縣溪州鄉水尾村,10007,彰化縣,10007260,溪州鄉,524,10007260004,水尾村,230,726,4,N,CHA,NULL,NULL
彰化縣溪州鄉坑厝村,10007,彰化縣,10007260,溪州鄉,524,10007260005,坑厝村,230,726,5,N,CHA,NULL,NULL
彰化縣溪州鄉圳寮村,10007,彰化縣,10007260,溪州鄉,524,10007260006,圳寮村,230,726,6,N,CHA,NULL,NULL
彰化縣溪州鄉潮洋村,10007,彰化縣,10007260,溪州鄉,524,10007260007,潮洋村,230,726,7,N,CHA,NULL,NULL
彰化縣溪州鄉瓦厝村,10007,彰化縣,10007260,溪州鄉,524,10007260008,瓦厝村,230,726,8,N,CHA,NULL,NULL
彰化縣溪州鄉西畔村,10007,彰化縣,10007260,溪州鄉,524,10007260009,西畔村,230,726,9,N,CHA,NULL,NULL
彰化縣溪州鄉張厝村,10007,彰化縣,10007260,溪州鄉,524,10007260010,張厝村,230,726,10,N,CHA,NULL,NULL
彰化縣溪州鄉溪州村,10007,彰化縣,10007260,溪州鄉,524,10007260011,溪州村,230,726,11,N,CHA,NULL,NULL
彰化縣溪州鄉成功村,10007,彰化縣,10007260,溪州鄉,524,10007260012,成功村,230,726,12,N,CHA,NULL,NULL
彰化縣溪州鄉菜公村,10007,彰化縣,10007260,溪州鄉,524,10007260013,菜公村,230,726,13,N,CHA,NULL,NULL
彰化縣溪州鄉尾厝村,10007,彰化縣,10007260,溪州鄉,524,10007260014,尾厝村,230,726,14,N,CHA,NULL,NULL
彰化縣溪州鄉大庄村,10007,彰化縣,10007260,溪州鄉,524,10007260015,大庄村,230,726,15,N,CHA,NULL,NULL
彰化縣溪州鄉三圳村,10007,彰化縣,10007260,溪州鄉,524,10007260016,三圳村,230,726,16,N,CHA,NULL,NULL
彰化縣溪州鄉東州村,10007,彰化縣,10007260,溪州鄉,524,10007260017,東州村,230,726,17,N,CHA,NULL,NULL
彰化縣溪州鄉榮光村,10007,彰化縣,10007260,溪州鄉,524,10007260018,榮光村,230,726,18,N,CHA,NULL,NULL
彰化縣溪州鄉三條村,10007,彰化縣,10007260,溪州鄉,524,10007260019,三條村,230,726,19,N,CHA,NULL,NULL
南投縣南投市龍泉里,10008,南投縣,10008010,南投市,540,10008010001,龍泉里,240,801,1,M,NAN,NULL,NULL
南投縣南投市康壽里,10008,南投縣,10008010,南投市,540,10008010002,康壽里,240,801,2,M,NAN,NULL,NULL
南投縣南投市三民里,10008,南投縣,10008010,南投市,540,10008010003,三民里,240,801,3,M,NAN,NULL,NULL
南投縣南投市仁和里,10008,南投縣,10008010,南投市,540,10008010004,仁和里,240,801,4,M,NAN,NULL,NULL
南投縣南投市南投里,10008,南投縣,10008010,南投市,540,10008010005,南投里,240,801,5,M,NAN,NULL,NULL
南投縣南投市彰仁里,10008,南投縣,10008010,南投市,540,10008010006,彰仁里,240,801,6,M,NAN,NULL,NULL
南投縣南投市崇文里,10008,南投縣,10008010,南投市,540,10008010007,崇文里,240,801,7,M,NAN,NULL,NULL
南投縣南投市漳興里,10008,南投縣,10008010,南投市,540,10008010008,漳興里,240,801,8,M,NAN,NULL,NULL
南投縣南投市漳和里,10008,南投縣,10008010,南投市,540,10008010009,漳和里,240,801,9,M,NAN,NULL,NULL
南投縣南投市軍功里,10008,南投縣,10008010,南投市,540,10008010010,軍功里,240,801,10,M,NAN,NULL,NULL
南投縣南投市東山里,10008,南投縣,10008010,南投市,540,10008010011,東山里,240,801,11,M,NAN,NULL,NULL
南投縣南投市平和里,10008,南投縣,10008010,南投市,540,10008010012,平和里,240,801,12,M,NAN,NULL,NULL
南投縣南投市振興里,10008,南投縣,10008010,南投市,540,10008010013,振興里,240,801,13,M,NAN,NULL,NULL
南投縣南投市千秋里,10008,南投縣,10008010,南投市,540,10008010014,千秋里,240,801,14,M,NAN,NULL,NULL
南投縣南投市三興里,10008,南投縣,10008010,南投市,540,10008010015,三興里,240,801,15,M,NAN,NULL,NULL
南投縣南投市三和里,10008,南投縣,10008010,南投市,540,10008010016,三和里,240,801,16,M,NAN,NULL,NULL
南投縣南投市嘉興里,10008,南投縣,10008010,南投市,540,10008010017,嘉興里,240,801,17,M,NAN,NULL,NULL
南投縣南投市嘉和里,10008,南投縣,10008010,南投市,540,10008010018,嘉和里,240,801,18,M,NAN,NULL,NULL
南投縣南投市福山里,10008,南投縣,10008010,南投市,540,10008010019,福山里,240,801,19,M,NAN,NULL,NULL
南投縣南投市永興里,10008,南投縣,10008010,南投市,540,10008010020,永興里,240,801,20,M,NAN,NULL,NULL
南投縣南投市鳳鳴里,10008,南投縣,10008010,南投市,540,10008010021,鳳鳴里,240,801,21,M,NAN,NULL,NULL
南投縣南投市鳳山里,10008,南投縣,10008010,南投市,540,10008010022,鳳山里,240,801,22,M,NAN,NULL,NULL
南投縣南投市平山里,10008,南投縣,10008010,南投市,540,10008010023,平山里,240,801,23,M,NAN,NULL,NULL
南投縣南投市新興里,10008,南投縣,10008010,南投市,540,10008010024,新興里,240,801,24,M,NAN,NULL,NULL
南投縣南投市永豐里,10008,南投縣,10008010,南投市,540,10008010025,永豐里,240,801,25,M,NAN,NULL,NULL
南投縣南投市福興里,10008,南投縣,10008010,南投市,540,10008010026,福興里,240,801,26,M,NAN,NULL,NULL
南投縣南投市營北里,10008,南投縣,10008010,南投市,540,10008010027,營北里,240,801,27,M,NAN,NULL,NULL
南投縣南投市營南里,10008,南投縣,10008010,南投市,540,10008010028,營南里,240,801,28,M,NAN,NULL,NULL
南投縣南投市內興里,10008,南投縣,10008010,南投市,540,10008010029,內興里,240,801,29,M,NAN,NULL,NULL
南投縣南投市內新里,10008,南投縣,10008010,南投市,540,10008010030,內新里,240,801,30,M,NAN,NULL,NULL
南投縣南投市光華里,10008,南投縣,10008010,南投市,540,10008010031,光華里,240,801,31,M,NAN,NULL,NULL
南投縣南投市光榮里,10008,南投縣,10008010,南投市,540,10008010032,光榮里,240,801,32,M,NAN,NULL,NULL
南投縣南投市光明里,10008,南投縣,10008010,南投市,540,10008010033,光明里,240,801,33,M,NAN,NULL,NULL
南投縣南投市光輝里,10008,南投縣,10008010,南投市,540,10008010034,光輝里,240,801,34,M,NAN,NULL,NULL
南投縣埔里鎮東門里,10008,南投縣,10008020,埔里鎮,545,10008020001,東門里,240,802,1,M,NAN,NULL,NULL
南投縣埔里鎮南門里,10008,南投縣,10008020,埔里鎮,545,10008020002,南門里,240,802,2,M,NAN,NULL,NULL
南投縣埔里鎮西門里,10008,南投縣,10008020,埔里鎮,545,10008020003,西門里,240,802,3,M,NAN,NULL,NULL
南投縣埔里鎮北門里,10008,南投縣,10008020,埔里鎮,545,10008020004,北門里,240,802,4,M,NAN,NULL,NULL
南投縣埔里鎮同聲里,10008,南投縣,10008020,埔里鎮,545,10008020005,同聲里,240,802,5,M,NAN,NULL,NULL
南投縣埔里鎮薰化里,10008,南投縣,10008020,埔里鎮,545,10008020006,薰化里,240,802,6,M,NAN,NULL,NULL
南投縣埔里鎮清新里,10008,南投縣,10008020,埔里鎮,545,10008020007,清新里,240,802,7,M,NAN,NULL,NULL
南投縣埔里鎮大城里,10008,南投縣,10008020,埔里鎮,545,10008020008,大城里,240,802,8,M,NAN,NULL,NULL
南投縣埔里鎮籃城里,10008,南投縣,10008020,埔里鎮,545,10008020009,籃城里,240,802,9,M,NAN,NULL,NULL
南投縣埔里鎮枇杷里,10008,南投縣,10008020,埔里鎮,545,10008020010,枇杷里,240,802,10,M,NAN,NULL,NULL
南投縣埔里鎮水頭里,10008,南投縣,10008020,埔里鎮,545,10008020011,水頭里,240,802,11,M,NAN,NULL,NULL
南投縣埔里鎮麒麟里,10008,南投縣,10008020,埔里鎮,545,10008020012,麒麟里,240,802,12,M,NAN,NULL,NULL
南投縣埔里鎮珠格里,10008,南投縣,10008020,埔里鎮,545,10008020013,珠格里,240,802,13,M,NAN,NULL,NULL
南投縣埔里鎮溪南里,10008,南投縣,10008020,埔里鎮,545,10008020014,溪南里,240,802,14,M,NAN,NULL,NULL
南投縣埔里鎮桃米里,10008,南投縣,10008020,埔里鎮,545,10008020015,桃米里,240,802,15,M,NAN,NULL,NULL
南投縣埔里鎮成功里,10008,南投縣,10008020,埔里鎮,545,10008020016,成功里,240,802,16,M,NAN,NULL,NULL
南投縣埔里鎮南村里,10008,南投縣,10008020,埔里鎮,545,10008020017,南村里,240,802,17,M,NAN,NULL,NULL
南投縣埔里鎮愛蘭里,10008,南投縣,10008020,埔里鎮,545,10008020018,愛蘭里,240,802,18,M,NAN,NULL,NULL
南投縣埔里鎮鐵山里,10008,南投縣,10008020,埔里鎮,545,10008020019,鐵山里,240,802,19,M,NAN,NULL,NULL
南投縣埔里鎮房里里,10008,南投縣,10008020,埔里鎮,545,10008020020,房里里,240,802,20,M,NAN,NULL,NULL
南投縣埔里鎮向善里,10008,南投縣,10008020,埔里鎮,545,10008020021,向善里,240,802,21,M,NAN,NULL,NULL
南投縣埔里鎮一新里,10008,南投縣,10008020,埔里鎮,545,10008020022,一新里,240,802,22,M,NAN,NULL,NULL
南投縣埔里鎮廣成里,10008,南投縣,10008020,埔里鎮,545,10008020023,廣成里,240,802,23,M,NAN,NULL,NULL
南投縣埔里鎮史港里,10008,南投縣,10008020,埔里鎮,545,10008020024,史港里,240,802,24,M,NAN,NULL,NULL
南投縣埔里鎮福興里,10008,南投縣,10008020,埔里鎮,545,10008020025,福興里,240,802,25,M,NAN,NULL,NULL
南投縣埔里鎮牛眠里,10008,南投縣,10008020,埔里鎮,545,10008020026,牛眠里,240,802,26,M,NAN,NULL,NULL
南投縣埔里鎮大湳里,10008,南投縣,10008020,埔里鎮,545,10008020027,大湳里,240,802,27,M,NAN,NULL,NULL
南投縣埔里鎮蜈蚣里,10008,南投縣,10008020,埔里鎮,545,10008020028,蜈蚣里,240,802,28,M,NAN,NULL,NULL
南投縣埔里鎮合成里,10008,南投縣,10008020,埔里鎮,545,10008020029,合成里,240,802,29,M,NAN,NULL,NULL
南投縣埔里鎮北安里,10008,南投縣,10008020,埔里鎮,545,10008020030,北安里,240,802,30,M,NAN,NULL,NULL
南投縣埔里鎮杷城里,10008,南投縣,10008020,埔里鎮,545,10008020031,杷城里,240,802,31,M,NAN,NULL,NULL
南投縣埔里鎮北梅里,10008,南投縣,10008020,埔里鎮,545,10008020032,北梅里,240,802,32,M,NAN,NULL,NULL
南投縣埔里鎮泰安里,10008,南投縣,10008020,埔里鎮,545,10008020033,泰安里,240,802,33,M,NAN,NULL,NULL
南投縣草屯鎮玉峰里,10008,南投縣,10008030,草屯鎮,542,10008030001,玉峰里,240,803,1,M,NAN,NULL,NULL
南投縣草屯鎮炎峰里,10008,南投縣,10008030,草屯鎮,542,10008030002,炎峰里,240,803,2,M,NAN,NULL,NULL
南投縣草屯鎮和平里,10008,南投縣,10008030,草屯鎮,542,10008030003,和平里,240,803,3,M,NAN,NULL,NULL
南投縣草屯鎮敦和里,10008,南投縣,10008030,草屯鎮,542,10008030004,敦和里,240,803,4,M,NAN,NULL,NULL
南投縣草屯鎮山腳里,10008,南投縣,10008030,草屯鎮,542,10008030005,山腳里,240,803,5,M,NAN,NULL,NULL
南投縣草屯鎮富寮里,10008,南投縣,10008030,草屯鎮,542,10008030006,富寮里,240,803,6,M,NAN,NULL,NULL
南投縣草屯鎮御史里,10008,南投縣,10008030,草屯鎮,542,10008030007,御史里,240,803,7,M,NAN,NULL,NULL
南投縣草屯鎮新豐里,10008,南投縣,10008030,草屯鎮,542,10008030008,新豐里,240,803,8,M,NAN,NULL,NULL
南投縣草屯鎮碧峰里,10008,南投縣,10008030,草屯鎮,542,10008030009,碧峰里,240,803,9,M,NAN,NULL,NULL
南投縣草屯鎮碧洲里,10008,南投縣,10008030,草屯鎮,542,10008030010,碧洲里,240,803,10,M,NAN,NULL,NULL
南投縣草屯鎮復興里,10008,南投縣,10008030,草屯鎮,542,10008030011,復興里,240,803,11,M,NAN,NULL,NULL
南投縣草屯鎮上林里,10008,南投縣,10008030,草屯鎮,542,10008030012,上林里,240,803,12,M,NAN,NULL,NULL
南投縣草屯鎮新庄里,10008,南投縣,10008030,草屯鎮,542,10008030013,新庄里,240,803,13,M,NAN,NULL,NULL
南投縣草屯鎮北投里,10008,南投縣,10008030,草屯鎮,542,10008030014,北投里,240,803,14,M,NAN,NULL,NULL
南投縣草屯鎮石川里,10008,南投縣,10008030,草屯鎮,542,10008030015,石川里,240,803,15,M,NAN,NULL,NULL
南投縣草屯鎮加老里,10008,南投縣,10008030,草屯鎮,542,10008030016,加老里,240,803,16,M,NAN,NULL,NULL
南投縣草屯鎮北勢里,10008,南投縣,10008030,草屯鎮,542,10008030017,北勢里,240,803,17,M,NAN,NULL,NULL
南投縣草屯鎮中原里,10008,南投縣,10008030,草屯鎮,542,10008030018,中原里,240,803,18,M,NAN,NULL,NULL
南投縣草屯鎮南埔里,10008,南投縣,10008030,草屯鎮,542,10008030019,南埔里,240,803,19,M,NAN,NULL,NULL
南投縣草屯鎮土城里,10008,南投縣,10008030,草屯鎮,542,10008030020,土城里,240,803,20,M,NAN,NULL,NULL
南投縣草屯鎮坪頂里,10008,南投縣,10008030,草屯鎮,542,10008030021,坪頂里,240,803,21,M,NAN,NULL,NULL
南投縣草屯鎮雙冬里,10008,南投縣,10008030,草屯鎮,542,10008030022,雙冬里,240,803,22,M,NAN,NULL,NULL
南投縣草屯鎮平林里,10008,南投縣,10008030,草屯鎮,542,10008030023,平林里,240,803,23,M,NAN,NULL,NULL
南投縣草屯鎮中正里,10008,南投縣,10008030,草屯鎮,542,10008030024,中正里,240,803,24,M,NAN,NULL,NULL
南投縣草屯鎮中山里,10008,南投縣,10008030,草屯鎮,542,10008030025,中山里,240,803,25,M,NAN,NULL,NULL
南投縣草屯鎮明正里,10008,南投縣,10008030,草屯鎮,542,10008030026,明正里,240,803,26,M,NAN,NULL,NULL
南投縣草屯鎮新厝里,10008,南投縣,10008030,草屯鎮,542,10008030027,新厝里,240,803,27,M,NAN,NULL,NULL
南投縣竹山鎮竹山里,10008,南投縣,10008040,竹山鎮,557,10008040001,竹山里,240,804,1,M,NAN,NULL,NULL
南投縣竹山鎮中正里,10008,南投縣,10008040,竹山鎮,557,10008040002,中正里,240,804,2,M,NAN,NULL,NULL
南投縣竹山鎮中山里,10008,南投縣,10008040,竹山鎮,557,10008040003,中山里,240,804,3,M,NAN,NULL,NULL
南投縣竹山鎮雲林里,10008,南投縣,10008040,竹山鎮,557,10008040004,雲林里,240,804,4,M,NAN,NULL,NULL
南投縣竹山鎮硘󿾨里,10008,南投縣,10008040,竹山鎮,557,10008040005,硘󿾨里,240,804,5,M,NAN,NULL,NULL
南投縣竹山鎮下坪里,10008,南投縣,10008040,竹山鎮,557,10008040006,下坪里,240,804,6,M,NAN,NULL,NULL
南投縣竹山鎮桂林里,10008,南投縣,10008040,竹山鎮,557,10008040007,桂林里,240,804,7,M,NAN,NULL,NULL
南投縣竹山鎮中和里,10008,南投縣,10008040,竹山鎮,557,10008040008,中和里,240,804,8,M,NAN,NULL,NULL
南投縣竹山鎮中崎里,10008,南投縣,10008040,竹山鎮,557,10008040009,中崎里,240,804,9,M,NAN,NULL,NULL
南投縣竹山鎮德興里,10008,南投縣,10008040,竹山鎮,557,10008040010,德興里,240,804,10,M,NAN,NULL,NULL
南投縣竹山鎮延平里,10008,南投縣,10008040,竹山鎮,557,10008040011,延平里,240,804,11,M,NAN,NULL,NULL
南投縣竹山鎮延正里,10008,南投縣,10008040,竹山鎮,557,10008040012,延正里,240,804,12,M,NAN,NULL,NULL
南投縣竹山鎮延山里,10008,南投縣,10008040,竹山鎮,557,10008040013,延山里,240,804,13,M,NAN,NULL,NULL
南投縣竹山鎮延和里,10008,南投縣,10008040,竹山鎮,557,10008040014,延和里,240,804,14,M,NAN,NULL,NULL
南投縣竹山鎮山崇里,10008,南投縣,10008040,竹山鎮,557,10008040015,山崇里,240,804,15,M,NAN,NULL,NULL
南投縣竹山鎮社寮里,10008,南投縣,10008040,竹山鎮,557,10008040016,社寮里,240,804,16,M,NAN,NULL,NULL
南投縣竹山鎮中央里,10008,南投縣,10008040,竹山鎮,557,10008040017,中央里,240,804,17,M,NAN,NULL,NULL
南投縣竹山鎮富州里,10008,南投縣,10008040,竹山鎮,557,10008040018,富州里,240,804,18,M,NAN,NULL,NULL
南投縣竹山鎮大鞍里,10008,南投縣,10008040,竹山鎮,557,10008040019,大鞍里,240,804,19,M,NAN,NULL,NULL
南投縣竹山鎮田子里,10008,南投縣,10008040,竹山鎮,557,10008040020,田子里,240,804,20,M,NAN,NULL,NULL
南投縣竹山鎮福興里,10008,南投縣,10008040,竹山鎮,557,10008040021,福興里,240,804,21,M,NAN,NULL,NULL
南投縣竹山鎮鯉魚里,10008,南投縣,10008040,竹山鎮,557,10008040022,鯉魚里,240,804,22,M,NAN,NULL,NULL
南投縣竹山鎮瑞竹里,10008,南投縣,10008040,竹山鎮,557,10008040023,瑞竹里,240,804,23,M,NAN,NULL,NULL
南投縣竹山鎮坪頂里,10008,南投縣,10008040,竹山鎮,557,10008040024,坪頂里,240,804,24,M,NAN,NULL,NULL
南投縣竹山鎮桶頭里,10008,南投縣,10008040,竹山鎮,557,10008040025,桶頭里,240,804,25,M,NAN,NULL,NULL
南投縣竹山鎮秀林里,10008,南投縣,10008040,竹山鎮,557,10008040026,秀林里,240,804,26,M,NAN,NULL,NULL
南投縣竹山鎮延祥里,10008,南投縣,10008040,竹山鎮,557,10008040027,延祥里,240,804,27,M,NAN,NULL,NULL
南投縣竹山鎮竹圍里,10008,南投縣,10008040,竹山鎮,557,10008040028,竹圍里,240,804,28,M,NAN,NULL,NULL
南投縣集集鎮集集里,10008,南投縣,10008050,集集鎮,552,10008050001,集集里,240,805,1,M,NAN,NULL,NULL
南投縣集集鎮和平里,10008,南投縣,10008050,集集鎮,552,10008050002,和平里,240,805,2,M,NAN,NULL,NULL
南投縣集集鎮林尾里,10008,南投縣,10008050,集集鎮,552,10008050003,林尾里,240,805,3,M,NAN,NULL,NULL
南投縣集集鎮田寮里,10008,南投縣,10008050,集集鎮,552,10008050004,田寮里,240,805,4,M,NAN,NULL,NULL
南投縣集集鎮隘寮里,10008,南投縣,10008050,集集鎮,552,10008050005,隘寮里,240,805,5,M,NAN,NULL,NULL
南投縣集集鎮玉映里,10008,南投縣,10008050,集集鎮,552,10008050006,玉映里,240,805,6,M,NAN,NULL,NULL
南投縣集集鎮吳厝里,10008,南投縣,10008050,集集鎮,552,10008050007,吳厝里,240,805,7,M,NAN,NULL,NULL
南投縣集集鎮八張里,10008,南投縣,10008050,集集鎮,552,10008050008,八張里,240,805,8,M,NAN,NULL,NULL
南投縣集集鎮永昌里,10008,南投縣,10008050,集集鎮,552,10008050009,永昌里,240,805,9,M,NAN,NULL,NULL
南投縣集集鎮富山里,10008,南投縣,10008050,集集鎮,552,10008050010,富山里,240,805,10,M,NAN,NULL,NULL
南投縣集集鎮廣明里,10008,南投縣,10008050,集集鎮,552,10008050011,廣明里,240,805,11,M,NAN,NULL,NULL
南投縣名間鄉南雅村,10008,南投縣,10008060,名間鄉,551,10008060001,南雅村,240,806,1,M,NAN,NULL,NULL
南投縣名間鄉中正村,10008,南投縣,10008060,名間鄉,551,10008060002,中正村,240,806,2,M,NAN,NULL,NULL
南投縣名間鄉中山村,10008,南投縣,10008060,名間鄉,551,10008060003,中山村,240,806,3,M,NAN,NULL,NULL
南投縣名間鄉濁水村,10008,南投縣,10008060,名間鄉,551,10008060004,濁水村,240,806,4,M,NAN,NULL,NULL
南投縣名間鄉炭寮村,10008,南投縣,10008060,名間鄉,551,10008060005,炭寮村,240,806,5,M,NAN,NULL,NULL
南投縣名間鄉新民村,10008,南投縣,10008060,名間鄉,551,10008060006,新民村,240,806,6,M,NAN,NULL,NULL
南投縣名間鄉新街村,10008,南投縣,10008060,名間鄉,551,10008060007,新街村,240,806,7,M,NAN,NULL,NULL
南投縣名間鄉東湖村,10008,南投縣,10008060,名間鄉,551,10008060008,東湖村,240,806,8,M,NAN,NULL,NULL
南投縣名間鄉萬丹村,10008,南投縣,10008060,名間鄉,551,10008060009,萬丹村,240,806,9,M,NAN,NULL,NULL
南投縣名間鄉田仔村,10008,南投縣,10008060,名間鄉,551,10008060010,田仔村,240,806,10,M,NAN,NULL,NULL
南投縣名間鄉大庄村,10008,南投縣,10008060,名間鄉,551,10008060011,大庄村,240,806,11,M,NAN,NULL,NULL
南投縣名間鄉廍下村,10008,南投縣,10008060,名間鄉,551,10008060012,廍下村,240,806,12,M,NAN,NULL,NULL
南投縣名間鄉大坑村,10008,南投縣,10008060,名間鄉,551,10008060013,大坑村,240,806,13,M,NAN,NULL,NULL
南投縣名間鄉竹圍村,10008,南投縣,10008060,名間鄉,551,10008060014,竹圍村,240,806,14,M,NAN,NULL,NULL
南投縣名間鄉赤水村,10008,南投縣,10008060,名間鄉,551,10008060015,赤水村,240,806,15,M,NAN,NULL,NULL
南投縣名間鄉三崙村,10008,南投縣,10008060,名間鄉,551,10008060016,三崙村,240,806,16,M,NAN,NULL,NULL
南投縣名間鄉松山村,10008,南投縣,10008060,名間鄉,551,10008060017,松山村,240,806,17,M,NAN,NULL,NULL
南投縣名間鄉松柏村,10008,南投縣,10008060,名間鄉,551,10008060018,松柏村,240,806,18,M,NAN,NULL,NULL
南投縣名間鄉埔中村,10008,南投縣,10008060,名間鄉,551,10008060019,埔中村,240,806,19,M,NAN,NULL,NULL
南投縣名間鄉崁腳村,10008,南投縣,10008060,名間鄉,551,10008060020,崁腳村,240,806,20,M,NAN,NULL,NULL
南投縣名間鄉新厝村,10008,南投縣,10008060,名間鄉,551,10008060021,新厝村,240,806,21,M,NAN,NULL,NULL
南投縣名間鄉新光村,10008,南投縣,10008060,名間鄉,551,10008060022,新光村,240,806,22,M,NAN,NULL,NULL
南投縣名間鄉仁和村,10008,南投縣,10008060,名間鄉,551,10008060023,仁和村,240,806,23,M,NAN,NULL,NULL
南投縣鹿谷鄉鹿谷村,10008,南投縣,10008070,鹿谷鄉,558,10008070001,鹿谷村,240,807,1,M,NAN,NULL,NULL
南投縣鹿谷鄉初鄉村,10008,南投縣,10008070,鹿谷鄉,558,10008070002,初鄉村,240,807,2,M,NAN,NULL,NULL
南投縣鹿谷鄉彰雅村,10008,南投縣,10008070,鹿谷鄉,558,10008070003,彰雅村,240,807,3,M,NAN,NULL,NULL
南投縣鹿谷鄉廣興村,10008,南投縣,10008070,鹿谷鄉,558,10008070004,廣興村,240,807,4,M,NAN,NULL,NULL
南投縣鹿谷鄉內湖村,10008,南投縣,10008070,鹿谷鄉,558,10008070005,內湖村,240,807,5,M,NAN,NULL,NULL
南投縣鹿谷鄉竹林村,10008,南投縣,10008070,鹿谷鄉,558,10008070006,竹林村,240,807,6,M,NAN,NULL,NULL
南投縣鹿谷鄉竹豐村,10008,南投縣,10008070,鹿谷鄉,558,10008070007,竹豐村,240,807,7,M,NAN,NULL,NULL
南投縣鹿谷鄉和雅村,10008,南投縣,10008070,鹿谷鄉,558,10008070008,和雅村,240,807,8,M,NAN,NULL,NULL
南投縣鹿谷鄉鳳凰村,10008,南投縣,10008070,鹿谷鄉,558,10008070009,鳳凰村,240,807,9,M,NAN,NULL,NULL
南投縣鹿谷鄉永隆村,10008,南投縣,10008070,鹿谷鄉,558,10008070010,永隆村,240,807,10,M,NAN,NULL,NULL
南投縣鹿谷鄉秀峰村,10008,南投縣,10008070,鹿谷鄉,558,10008070011,秀峰村,240,807,11,M,NAN,NULL,NULL
南投縣鹿谷鄉清水村,10008,南投縣,10008070,鹿谷鄉,558,10008070012,清水村,240,807,12,M,NAN,NULL,NULL
南投縣鹿谷鄉瑞田村,10008,南投縣,10008070,鹿谷鄉,558,10008070013,瑞田村,240,807,13,M,NAN,NULL,NULL
南投縣中寮鄉廣興村,10008,南投縣,10008080,中寮鄉,541,10008080001,廣興村,240,808,1,M,NAN,NULL,NULL
南投縣中寮鄉崁頂村,10008,南投縣,10008080,中寮鄉,541,10008080002,崁頂村,240,808,2,M,NAN,NULL,NULL
南投縣中寮鄉八仙村,10008,南投縣,10008080,中寮鄉,541,10008080003,八仙村,240,808,3,M,NAN,NULL,NULL
南投縣中寮鄉和興村,10008,南投縣,10008080,中寮鄉,541,10008080004,和興村,240,808,4,M,NAN,NULL,NULL
南投縣中寮鄉福盛村,10008,南投縣,10008080,中寮鄉,541,10008080005,福盛村,240,808,5,M,NAN,NULL,NULL
南投縣中寮鄉永平村,10008,南投縣,10008080,中寮鄉,541,10008080006,永平村,240,808,6,M,NAN,NULL,NULL
南投縣中寮鄉復興村,10008,南投縣,10008080,中寮鄉,541,10008080007,復興村,240,808,7,M,NAN,NULL,NULL
南投縣中寮鄉中寮村,10008,南投縣,10008080,中寮鄉,541,10008080008,中寮村,240,808,8,M,NAN,NULL,NULL
南投縣中寮鄉廣福村,10008,南投縣,10008080,中寮鄉,541,10008080009,廣福村,240,808,9,M,NAN,NULL,NULL
南投縣中寮鄉永福村,10008,南投縣,10008080,中寮鄉,541,10008080010,永福村,240,808,10,M,NAN,NULL,NULL
南投縣中寮鄉義和村,10008,南投縣,10008080,中寮鄉,541,10008080011,義和村,240,808,11,M,NAN,NULL,NULL
南投縣中寮鄉清水村,10008,南投縣,10008080,中寮鄉,541,10008080012,清水村,240,808,12,M,NAN,NULL,NULL
南投縣中寮鄉龍安村,10008,南投縣,10008080,中寮鄉,541,10008080013,龍安村,240,808,13,M,NAN,NULL,NULL
南投縣中寮鄉龍岩村,10008,南投縣,10008080,中寮鄉,541,10008080014,龍岩村,240,808,14,M,NAN,NULL,NULL
南投縣中寮鄉永和村,10008,南投縣,10008080,中寮鄉,541,10008080015,永和村,240,808,15,M,NAN,NULL,NULL
南投縣中寮鄉內城村,10008,南投縣,10008080,中寮鄉,541,10008080016,內城村,240,808,16,M,NAN,NULL,NULL
南投縣中寮鄉永芳村,10008,南投縣,10008080,中寮鄉,541,10008080017,永芳村,240,808,17,M,NAN,NULL,NULL
南投縣中寮鄉爽文村,10008,南投縣,10008080,中寮鄉,541,10008080018,爽文村,240,808,18,M,NAN,NULL,NULL
南投縣魚池鄉東池村,10008,南投縣,10008090,魚池鄉,555,10008090001,東池村,240,809,1,M,NAN,NULL,NULL
南投縣魚池鄉魚池村,10008,南投縣,10008090,魚池鄉,555,10008090002,魚池村,240,809,2,M,NAN,NULL,NULL
南投縣魚池鄉中明村,10008,南投縣,10008090,魚池鄉,555,10008090003,中明村,240,809,3,M,NAN,NULL,NULL
南投縣魚池鄉新城村,10008,南投縣,10008090,魚池鄉,555,10008090004,新城村,240,809,4,M,NAN,NULL,NULL
南投縣魚池鄉大林村,10008,南投縣,10008090,魚池鄉,555,10008090005,大林村,240,809,5,M,NAN,NULL,NULL
南投縣魚池鄉東光村,10008,南投縣,10008090,魚池鄉,555,10008090006,東光村,240,809,6,M,NAN,NULL,NULL
南投縣魚池鄉共和村,10008,南投縣,10008090,魚池鄉,555,10008090007,共和村,240,809,7,M,NAN,NULL,NULL
南投縣魚池鄉大雁村,10008,南投縣,10008090,魚池鄉,555,10008090008,大雁村,240,809,8,M,NAN,NULL,NULL
南投縣魚池鄉五城村,10008,南投縣,10008090,魚池鄉,555,10008090009,五城村,240,809,9,M,NAN,NULL,NULL
南投縣魚池鄉水社村,10008,南投縣,10008090,魚池鄉,555,10008090010,水社村,240,809,10,M,NAN,NULL,NULL
南投縣魚池鄉頭社村,10008,南投縣,10008090,魚池鄉,555,10008090011,頭社村,240,809,11,M,NAN,NULL,NULL
南投縣魚池鄉武登村,10008,南投縣,10008090,魚池鄉,555,10008090012,武登村,240,809,12,M,NAN,NULL,NULL
南投縣魚池鄉日月村,10008,南投縣,10008090,魚池鄉,555,10008090013,日月村,240,809,13,M,NAN,NULL,NULL
南投縣國姓鄉國姓村,10008,南投縣,10008100,國姓鄉,544,10008100001,國姓村,240,810,1,M,NAN,NULL,NULL
南投縣國姓鄉石門村,10008,南投縣,10008100,國姓鄉,544,10008100002,石門村,240,810,2,M,NAN,NULL,NULL
南投縣國姓鄉大旗村,10008,南投縣,10008100,國姓鄉,544,10008100003,大旗村,240,810,3,M,NAN,NULL,NULL
南投縣國姓鄉北港村,10008,南投縣,10008100,國姓鄉,544,10008100004,北港村,240,810,4,M,NAN,NULL,NULL
南投縣國姓鄉長流村,10008,南投縣,10008100,國姓鄉,544,10008100005,長流村,240,810,5,M,NAN,NULL,NULL
南投縣國姓鄉長福村,10008,南投縣,10008100,國姓鄉,544,10008100006,長福村,240,810,6,M,NAN,NULL,NULL
南投縣國姓鄉福龜村,10008,南投縣,10008100,國姓鄉,544,10008100007,福龜村,240,810,7,M,NAN,NULL,NULL
南投縣國姓鄉乾溝村,10008,南投縣,10008100,國姓鄉,544,10008100008,乾溝村,240,810,8,M,NAN,NULL,NULL
南投縣國姓鄉柑林村,10008,南投縣,10008100,國姓鄉,544,10008100009,柑林村,240,810,9,M,NAN,NULL,NULL
南投縣國姓鄉北山村,10008,南投縣,10008100,國姓鄉,544,10008100010,北山村,240,810,10,M,NAN,NULL,NULL
南投縣國姓鄉南港村,10008,南投縣,10008100,國姓鄉,544,10008100011,南港村,240,810,11,M,NAN,NULL,NULL
南投縣國姓鄉大石村,10008,南投縣,10008100,國姓鄉,544,10008100012,大石村,240,810,12,M,NAN,NULL,NULL
南投縣國姓鄉長豐村,10008,南投縣,10008100,國姓鄉,544,10008100013,長豐村,240,810,13,M,NAN,NULL,NULL
南投縣水里鄉水里村,10008,南投縣,10008110,水里鄉,553,10008110001,水里村,240,811,1,M,NAN,NULL,NULL
南投縣水里鄉農富村,10008,南投縣,10008110,水里鄉,553,10008110002,農富村,240,811,2,M,NAN,NULL,NULL
南投縣水里鄉新城村,10008,南投縣,10008110,水里鄉,553,10008110003,新城村,240,811,3,M,NAN,NULL,NULL
南投縣水里鄉中央村,10008,南投縣,10008110,水里鄉,553,10008110004,中央村,240,811,4,M,NAN,NULL,NULL
南投縣水里鄉城中村,10008,南投縣,10008110,水里鄉,553,10008110005,城中村,240,811,5,M,NAN,NULL,NULL
南投縣水里鄉北埔村,10008,南投縣,10008110,水里鄉,553,10008110006,北埔村,240,811,6,M,NAN,NULL,NULL
南投縣水里鄉鉅工村,10008,南投縣,10008110,水里鄉,553,10008110007,鉅工村,240,811,7,M,NAN,NULL,NULL
南投縣水里鄉永豐村,10008,南投縣,10008110,水里鄉,553,10008110008,永豐村,240,811,8,M,NAN,NULL,NULL
南投縣水里鄉頂崁村,10008,南投縣,10008110,水里鄉,553,10008110009,頂崁村,240,811,9,M,NAN,NULL,NULL
南投縣水里鄉車埕村,10008,南投縣,10008110,水里鄉,553,10008110010,車埕村,240,811,10,M,NAN,NULL,NULL
南投縣水里鄉新興村,10008,南投縣,10008110,水里鄉,553,10008110011,新興村,240,811,11,M,NAN,NULL,NULL
南投縣水里鄉新山村,10008,南投縣,10008110,水里鄉,553,10008110012,新山村,240,811,12,M,NAN,NULL,NULL
南投縣水里鄉郡坑村,10008,南投縣,10008110,水里鄉,553,10008110013,郡坑村,240,811,13,M,NAN,NULL,NULL
南投縣水里鄉上安村,10008,南投縣,10008110,水里鄉,553,10008110014,上安村,240,811,14,M,NAN,NULL,NULL
南投縣水里鄉民和村,10008,南投縣,10008110,水里鄉,553,10008110015,民和村,240,811,15,M,NAN,NULL,NULL
南投縣水里鄉永興村,10008,南投縣,10008110,水里鄉,553,10008110016,永興村,240,811,16,M,NAN,NULL,NULL
南投縣水里鄉玉峰村,10008,南投縣,10008110,水里鄉,553,10008110017,玉峰村,240,811,17,M,NAN,NULL,NULL
南投縣水里鄉興隆村,10008,南投縣,10008110,水里鄉,553,10008110018,興隆村,240,811,18,M,NAN,NULL,NULL
南投縣水里鄉南光村,10008,南投縣,10008110,水里鄉,553,10008110019,南光村,240,811,19,M,NAN,NULL,NULL
南投縣信義鄉人和村,10008,南投縣,10008120,信義鄉,556,10008120001,人和村,240,812,1,M,NAN,NULL,NULL
南投縣信義鄉地利村,10008,南投縣,10008120,信義鄉,556,10008120002,地利村,240,812,2,M,NAN,NULL,NULL
南投縣信義鄉潭南村,10008,南投縣,10008120,信義鄉,556,10008120003,潭南村,240,812,3,M,NAN,NULL,NULL
南投縣信義鄉明德村,10008,南投縣,10008120,信義鄉,556,10008120004,明德村,240,812,4,M,NAN,NULL,NULL
南投縣信義鄉愛國村,10008,南投縣,10008120,信義鄉,556,10008120005,愛國村,240,812,5,M,NAN,NULL,NULL
南投縣信義鄉自強村,10008,南投縣,10008120,信義鄉,556,10008120006,自強村,240,812,6,M,NAN,NULL,NULL
南投縣信義鄉羅娜村,10008,南投縣,10008120,信義鄉,556,10008120007,羅娜村,240,812,7,M,NAN,NULL,NULL
南投縣信義鄉望美村,10008,南投縣,10008120,信義鄉,556,10008120008,望美村,240,812,8,M,NAN,NULL,NULL
南投縣信義鄉同富村,10008,南投縣,10008120,信義鄉,556,10008120009,同富村,240,812,9,M,NAN,NULL,NULL
南投縣信義鄉神木村,10008,南投縣,10008120,信義鄉,556,10008120010,神木村,240,812,10,M,NAN,NULL,NULL
南投縣信義鄉東埔村,10008,南投縣,10008120,信義鄉,556,10008120011,東埔村,240,812,11,M,NAN,NULL,NULL
南投縣信義鄉雙龍村,10008,南投縣,10008120,信義鄉,556,10008120012,雙龍村,240,812,12,M,NAN,NULL,NULL
南投縣信義鄉新鄉村,10008,南投縣,10008120,信義鄉,556,10008120013,新鄉村,240,812,13,M,NAN,NULL,NULL
南投縣信義鄉豐丘村,10008,南投縣,10008120,信義鄉,556,10008120014,豐丘村,240,812,14,M,NAN,NULL,NULL
南投縣信義鄉卡里布安村,10008,南投縣,10008120,信義鄉,556,10008120015,卡里布安村,240,812,15,M,NAN,NULL,NULL
南投縣仁愛鄉法治村,10008,南投縣,10008130,仁愛鄉,546,10008130001,法治村,240,813,1,M,NAN,NULL,NULL
南投縣仁愛鄉中正村,10008,南投縣,10008130,仁愛鄉,546,10008130002,中正村,240,813,2,M,NAN,NULL,NULL
南投縣仁愛鄉互助村,10008,南投縣,10008130,仁愛鄉,546,10008130003,互助村,240,813,3,M,NAN,NULL,NULL
南投縣仁愛鄉新生村,10008,南投縣,10008130,仁愛鄉,546,10008130004,新生村,240,813,4,M,NAN,NULL,NULL
南投縣仁愛鄉力行村,10008,南投縣,10008130,仁愛鄉,546,10008130005,力行村,240,813,5,M,NAN,NULL,NULL
南投縣仁愛鄉發祥村,10008,南投縣,10008130,仁愛鄉,546,10008130006,發祥村,240,813,6,M,NAN,NULL,NULL
南投縣仁愛鄉親愛村,10008,南投縣,10008130,仁愛鄉,546,10008130008,親愛村,240,813,8,M,NAN,NULL,NULL
南投縣仁愛鄉大同村,10008,南投縣,10008130,仁愛鄉,546,10008130009,大同村,240,813,9,M,NAN,NULL,NULL
南投縣仁愛鄉南豐村,10008,南投縣,10008130,仁愛鄉,546,10008130010,南豐村,240,813,10,M,NAN,NULL,NULL
南投縣仁愛鄉春陽村,10008,南投縣,10008130,仁愛鄉,546,10008130011,春陽村,240,813,11,M,NAN,NULL,NULL
南投縣仁愛鄉精英村,10008,南投縣,10008130,仁愛鄉,546,10008130012,精英村,240,813,12,M,NAN,NULL,NULL
南投縣仁愛鄉萬豐村,10008,南投縣,10008130,仁愛鄉,546,10008130013,萬豐村,240,813,13,M,NAN,NULL,NULL
南投縣仁愛鄉榮興村,10008,南投縣,10008130,仁愛鄉,546,10008130014,榮興村,240,813,14,M,NAN,NULL,NULL
南投縣仁愛鄉翠華村,10008,南投縣,10008130,仁愛鄉,546,10008130015,翠華村,240,813,15,M,NAN,NULL,NULL
南投縣仁愛鄉都達村,10008,南投縣,10008130,仁愛鄉,546,10008130016,都達村,240,813,16,M,NAN,NULL,NULL
南投縣仁愛鄉德鹿谷村,10008,南投縣,10008130,仁愛鄉,546,10008130017,德鹿谷村,240,813,17,M,NAN,NULL,NULL
雲林縣斗六市忠孝里,10009,雲林縣,10009010,斗六市,640,10009010001,忠孝里,250,901,1,A,TPE,NULL,NULL
雲林縣斗六市仁愛里,10009,雲林縣,10009010,斗六市,640,10009010002,仁愛里,250,901,2,A,TPE,NULL,NULL
雲林縣斗六市信義里,10009,雲林縣,10009010,斗六市,640,10009010003,信義里,250,901,3,A,TPE,NULL,NULL
雲林縣斗六市四維里,10009,雲林縣,10009010,斗六市,640,10009010004,四維里,250,901,4,A,TPE,NULL,NULL
雲林縣斗六市太平里,10009,雲林縣,10009010,斗六市,640,10009010005,太平里,250,901,5,A,TPE,NULL,NULL
雲林縣斗六市中和里,10009,雲林縣,10009010,斗六市,640,10009010006,中和里,250,901,6,A,TPE,NULL,NULL
雲林縣斗六市光興里,10009,雲林縣,10009010,斗六市,640,10009010007,光興里,250,901,7,A,TPE,NULL,NULL
雲林縣斗六市三平里,10009,雲林縣,10009010,斗六市,640,10009010008,三平里,250,901,8,A,TPE,NULL,NULL
雲林縣斗六市八德里,10009,雲林縣,10009010,斗六市,640,10009010009,八德里,250,901,9,A,TPE,NULL,NULL
雲林縣斗六市鎮北里,10009,雲林縣,10009010,斗六市,640,10009010010,鎮北里,250,901,10,A,TPE,NULL,NULL
雲林縣斗六市龍潭里,10009,雲林縣,10009010,斗六市,640,10009010011,龍潭里,250,901,11,A,TPE,NULL,NULL
雲林縣斗六市鎮南里,10009,雲林縣,10009010,斗六市,640,10009010012,鎮南里,250,901,12,A,TPE,NULL,NULL
雲林縣斗六市林頭里,10009,雲林縣,10009010,斗六市,640,10009010013,林頭里,250,901,13,A,TPE,NULL,NULL
雲林縣斗六市重光里,10009,雲林縣,10009010,斗六市,640,10009010014,重光里,250,901,14,A,TPE,NULL,NULL
雲林縣斗六市溝埧里,10009,雲林縣,10009010,斗六市,640,10009010015,溝埧里,250,901,15,A,TPE,NULL,NULL
雲林縣斗六市江厝里,10009,雲林縣,10009010,斗六市,640,10009010016,江厝里,250,901,16,A,TPE,NULL,NULL
雲林縣斗六市三光里,10009,雲林縣,10009010,斗六市,640,10009010017,三光里,250,901,17,A,TPE,NULL,NULL
雲林縣斗六市崙峯里,10009,雲林縣,10009010,斗六市,640,10009010018,崙峯里,250,901,18,A,TPE,NULL,NULL
雲林縣斗六市嘉東里,10009,雲林縣,10009010,斗六市,640,10009010019,嘉東里,250,901,19,A,TPE,NULL,NULL
雲林縣斗六市久安里,10009,雲林縣,10009010,斗六市,640,10009010020,久安里,250,901,20,A,TPE,NULL,NULL
雲林縣斗六市長平里,10009,雲林縣,10009010,斗六市,640,10009010021,長平里,250,901,21,A,TPE,NULL,NULL
雲林縣斗六市保庄里,10009,雲林縣,10009010,斗六市,640,10009010022,保庄里,250,901,22,A,TPE,NULL,NULL
雲林縣斗六市虎溪里,10009,雲林縣,10009010,斗六市,640,10009010023,虎溪里,250,901,23,A,TPE,NULL,NULL
雲林縣斗六市梅林里,10009,雲林縣,10009010,斗六市,640,10009010024,梅林里,250,901,24,A,TPE,NULL,NULL
雲林縣斗六市湖山里,10009,雲林縣,10009010,斗六市,640,10009010025,湖山里,250,901,25,A,TPE,NULL,NULL
雲林縣斗六市榴中里,10009,雲林縣,10009010,斗六市,640,10009010026,榴中里,250,901,26,A,TPE,NULL,NULL
雲林縣斗六市榴北里,10009,雲林縣,10009010,斗六市,640,10009010027,榴北里,250,901,27,A,TPE,NULL,NULL
雲林縣斗六市榴南里,10009,雲林縣,10009010,斗六市,640,10009010028,榴南里,250,901,28,A,TPE,NULL,NULL
雲林縣斗六市溪洲里,10009,雲林縣,10009010,斗六市,640,10009010029,溪洲里,250,901,29,A,TPE,NULL,NULL
雲林縣斗六市長安里,10009,雲林縣,10009010,斗六市,640,10009010030,長安里,250,901,30,A,TPE,NULL,NULL
雲林縣斗六市十三里,10009,雲林縣,10009010,斗六市,640,10009010031,十三里,250,901,31,A,TPE,NULL,NULL
雲林縣斗六市鎮東里,10009,雲林縣,10009010,斗六市,640,10009010032,鎮東里,250,901,32,A,TPE,NULL,NULL
雲林縣斗六市鎮西里,10009,雲林縣,10009010,斗六市,640,10009010033,鎮西里,250,901,33,A,TPE,NULL,NULL
雲林縣斗六市公正里,10009,雲林縣,10009010,斗六市,640,10009010034,公正里,250,901,34,A,TPE,NULL,NULL
雲林縣斗六市社口里,10009,雲林縣,10009010,斗六市,640,10009010035,社口里,250,901,35,A,TPE,NULL,NULL
雲林縣斗六市公誠里,10009,雲林縣,10009010,斗六市,640,10009010036,公誠里,250,901,36,A,TPE,NULL,NULL
雲林縣斗六市明德里,10009,雲林縣,10009010,斗六市,640,10009010037,明德里,250,901,37,A,TPE,NULL,NULL
雲林縣斗六市成功里,10009,雲林縣,10009010,斗六市,640,10009010038,成功里,250,901,38,A,TPE,NULL,NULL
雲林縣斗六市文化里,10009,雲林縣,10009010,斗六市,640,10009010039,文化里,250,901,39,A,TPE,NULL,NULL
雲林縣斗六市正心里,10009,雲林縣,10009010,斗六市,640,10009010040,正心里,250,901,40,A,TPE,NULL,NULL
雲林縣斗南鎮東仁里,10009,雲林縣,10009020,斗南鎮,630,10009020001,東仁里,250,902,1,A,TPE,NULL,NULL
雲林縣斗南鎮西岐里,10009,雲林縣,10009020,斗南鎮,630,10009020002,西岐里,250,902,2,A,TPE,NULL,NULL
雲林縣斗南鎮南昌里,10009,雲林縣,10009020,斗南鎮,630,10009020003,南昌里,250,902,3,A,TPE,NULL,NULL
雲林縣斗南鎮北銘里,10009,雲林縣,10009020,斗南鎮,630,10009020004,北銘里,250,902,4,A,TPE,NULL,NULL
雲林縣斗南鎮中天里,10009,雲林縣,10009020,斗南鎮,630,10009020005,中天里,250,902,5,A,TPE,NULL,NULL
雲林縣斗南鎮舊社里,10009,雲林縣,10009020,斗南鎮,630,10009020006,舊社里,250,902,6,A,TPE,NULL,NULL
雲林縣斗南鎮林子里,10009,雲林縣,10009020,斗南鎮,630,10009020007,林子里,250,902,7,A,TPE,NULL,NULL
雲林縣斗南鎮石龜里,10009,雲林縣,10009020,斗南鎮,630,10009020008,石龜里,250,902,8,A,TPE,NULL,NULL
雲林縣斗南鎮靖興里,10009,雲林縣,10009020,斗南鎮,630,10009020009,靖興里,250,902,9,A,TPE,NULL,NULL
雲林縣斗南鎮新南里,10009,雲林縣,10009020,斗南鎮,630,10009020010,新南里,250,902,10,A,TPE,NULL,NULL
雲林縣斗南鎮阿丹里,10009,雲林縣,10009020,斗南鎮,630,10009020011,阿丹里,250,902,11,A,TPE,NULL,NULL
雲林縣斗南鎮將軍里,10009,雲林縣,10009020,斗南鎮,630,10009020012,將軍里,250,902,12,A,TPE,NULL,NULL
雲林縣斗南鎮東明里,10009,雲林縣,10009020,斗南鎮,630,10009020013,東明里,250,902,13,A,TPE,NULL,NULL
雲林縣斗南鎮新光里,10009,雲林縣,10009020,斗南鎮,630,10009020014,新光里,250,902,14,A,TPE,NULL,NULL
雲林縣斗南鎮田頭里,10009,雲林縣,10009020,斗南鎮,630,10009020015,田頭里,250,902,15,A,TPE,NULL,NULL
雲林縣斗南鎮明昌里,10009,雲林縣,10009020,斗南鎮,630,10009020016,明昌里,250,902,16,A,TPE,NULL,NULL
雲林縣斗南鎮大東里,10009,雲林縣,10009020,斗南鎮,630,10009020017,大東里,250,902,17,A,TPE,NULL,NULL
雲林縣斗南鎮埤麻里,10009,雲林縣,10009020,斗南鎮,630,10009020018,埤麻里,250,902,18,A,TPE,NULL,NULL
雲林縣斗南鎮西伯里,10009,雲林縣,10009020,斗南鎮,630,10009020019,西伯里,250,902,19,A,TPE,NULL,NULL
雲林縣斗南鎮新崙里,10009,雲林縣,10009020,斗南鎮,630,10009020020,新崙里,250,902,20,A,TPE,NULL,NULL
雲林縣斗南鎮小東里,10009,雲林縣,10009020,斗南鎮,630,10009020021,小東里,250,902,21,A,TPE,NULL,NULL
雲林縣斗南鎮石溪里,10009,雲林縣,10009020,斗南鎮,630,10009020022,石溪里,250,902,22,A,TPE,NULL,NULL
雲林縣斗南鎮大同里,10009,雲林縣,10009020,斗南鎮,630,10009020023,大同里,250,902,23,A,TPE,NULL,NULL
雲林縣斗南鎮僑真里,10009,雲林縣,10009020,斗南鎮,630,10009020024,僑真里,250,902,24,A,TPE,NULL,NULL
雲林縣虎尾鎮中山里,10009,雲林縣,10009030,虎尾鎮,632,10009030001,中山里,250,903,1,A,TPE,NULL,NULL
雲林縣虎尾鎮新興里,10009,雲林縣,10009030,虎尾鎮,632,10009030002,新興里,250,903,2,A,TPE,NULL,NULL
雲林縣虎尾鎮東仁里,10009,雲林縣,10009030,虎尾鎮,632,10009030003,東仁里,250,903,3,A,TPE,NULL,NULL
雲林縣虎尾鎮公安里,10009,雲林縣,10009030,虎尾鎮,632,10009030004,公安里,250,903,4,A,TPE,NULL,NULL
雲林縣虎尾鎮德興里,10009,雲林縣,10009030,虎尾鎮,632,10009030005,德興里,250,903,5,A,TPE,NULL,NULL
雲林縣虎尾鎮西安里,10009,雲林縣,10009030,虎尾鎮,632,10009030006,西安里,250,903,6,A,TPE,NULL,NULL
雲林縣虎尾鎮安慶里,10009,雲林縣,10009030,虎尾鎮,632,10009030007,安慶里,250,903,7,A,TPE,NULL,NULL
雲林縣虎尾鎮平和里,10009,雲林縣,10009030,虎尾鎮,632,10009030008,平和里,250,903,8,A,TPE,NULL,NULL
雲林縣虎尾鎮興南里,10009,雲林縣,10009030,虎尾鎮,632,10009030009,興南里,250,903,9,A,TPE,NULL,NULL
雲林縣虎尾鎮新吉里,10009,雲林縣,10009030,虎尾鎮,632,10009030010,新吉里,250,903,10,A,TPE,NULL,NULL
雲林縣虎尾鎮穎川里,10009,雲林縣,10009030,虎尾鎮,632,10009030011,穎川里,250,903,11,A,TPE,NULL,NULL
雲林縣虎尾鎮延平里,10009,雲林縣,10009030,虎尾鎮,632,10009030012,延平里,250,903,12,A,TPE,NULL,NULL
雲林縣虎尾鎮三合里,10009,雲林縣,10009030,虎尾鎮,632,10009030013,三合里,250,903,13,A,TPE,NULL,NULL
雲林縣虎尾鎮北溪里,10009,雲林縣,10009030,虎尾鎮,632,10009030014,北溪里,250,903,14,A,TPE,NULL,NULL
雲林縣虎尾鎮墾地里,10009,雲林縣,10009030,虎尾鎮,632,10009030015,墾地里,250,903,15,A,TPE,NULL,NULL
雲林縣虎尾鎮西屯里,10009,雲林縣,10009030,虎尾鎮,632,10009030016,西屯里,250,903,16,A,TPE,NULL,NULL
雲林縣虎尾鎮芳草里,10009,雲林縣,10009030,虎尾鎮,632,10009030017,芳草里,250,903,17,A,TPE,NULL,NULL
雲林縣虎尾鎮埒內里,10009,雲林縣,10009030,虎尾鎮,632,10009030018,埒內里,250,903,18,A,TPE,NULL,NULL
雲林縣虎尾鎮堀頭里,10009,雲林縣,10009030,虎尾鎮,632,10009030019,堀頭里,250,903,19,A,TPE,NULL,NULL
雲林縣虎尾鎮安溪里,10009,雲林縣,10009030,虎尾鎮,632,10009030020,安溪里,250,903,20,A,TPE,NULL,NULL
雲林縣虎尾鎮興中里,10009,雲林縣,10009030,虎尾鎮,632,10009030021,興中里,250,903,21,A,TPE,NULL,NULL
雲林縣虎尾鎮廉使里,10009,雲林縣,10009030,虎尾鎮,632,10009030022,廉使里,250,903,22,A,TPE,NULL,NULL
雲林縣虎尾鎮惠來里,10009,雲林縣,10009030,虎尾鎮,632,10009030023,惠來里,250,903,23,A,TPE,NULL,NULL
雲林縣虎尾鎮頂溪里,10009,雲林縣,10009030,虎尾鎮,632,10009030024,頂溪里,250,903,24,A,TPE,NULL,NULL
雲林縣虎尾鎮中溪里,10009,雲林縣,10009030,虎尾鎮,632,10009030025,中溪里,250,903,25,A,TPE,NULL,NULL
雲林縣虎尾鎮下溪里,10009,雲林縣,10009030,虎尾鎮,632,10009030026,下溪里,250,903,26,A,TPE,NULL,NULL
雲林縣虎尾鎮建國里,10009,雲林縣,10009030,虎尾鎮,632,10009030027,建國里,250,903,27,A,TPE,NULL,NULL
雲林縣虎尾鎮立仁里,10009,雲林縣,10009030,虎尾鎮,632,10009030028,立仁里,250,903,28,A,TPE,NULL,NULL
雲林縣虎尾鎮東屯里,10009,雲林縣,10009030,虎尾鎮,632,10009030029,東屯里,250,903,29,A,TPE,NULL,NULL
雲林縣西螺鎮振興里,10009,雲林縣,10009040,西螺鎮,648,10009040001,振興里,250,904,1,A,TPE,NULL,NULL
雲林縣西螺鎮大園里,10009,雲林縣,10009040,西螺鎮,648,10009040002,大園里,250,904,2,A,TPE,NULL,NULL
雲林縣西螺鎮廣福里,10009,雲林縣,10009040,西螺鎮,648,10009040003,廣福里,250,904,3,A,TPE,NULL,NULL
雲林縣西螺鎮正興里,10009,雲林縣,10009040,西螺鎮,648,10009040004,正興里,250,904,4,A,TPE,NULL,NULL
雲林縣西螺鎮永安里,10009,雲林縣,10009040,西螺鎮,648,10009040005,永安里,250,904,5,A,TPE,NULL,NULL
雲林縣西螺鎮中和里,10009,雲林縣,10009040,西螺鎮,648,10009040006,中和里,250,904,6,A,TPE,NULL,NULL
雲林縣西螺鎮福興里,10009,雲林縣,10009040,西螺鎮,648,10009040007,福興里,250,904,7,A,TPE,NULL,NULL
雲林縣西螺鎮光華里,10009,雲林縣,10009040,西螺鎮,648,10009040008,光華里,250,904,8,A,TPE,NULL,NULL
雲林縣西螺鎮中興里,10009,雲林縣,10009040,西螺鎮,648,10009040009,中興里,250,904,9,A,TPE,NULL,NULL
雲林縣西螺鎮漢光里,10009,雲林縣,10009040,西螺鎮,648,10009040010,漢光里,250,904,10,A,TPE,NULL,NULL
雲林縣西螺鎮新安里,10009,雲林縣,10009040,西螺鎮,648,10009040011,新安里,250,904,11,A,TPE,NULL,NULL
雲林縣西螺鎮新豐里,10009,雲林縣,10009040,西螺鎮,648,10009040012,新豐里,250,904,12,A,TPE,NULL,NULL
雲林縣西螺鎮詔安里,10009,雲林縣,10009040,西螺鎮,648,10009040013,詔安里,250,904,13,A,TPE,NULL,NULL
雲林縣西螺鎮河南里,10009,雲林縣,10009040,西螺鎮,648,10009040014,河南里,250,904,14,A,TPE,NULL,NULL
雲林縣西螺鎮安定里,10009,雲林縣,10009040,西螺鎮,648,10009040015,安定里,250,904,15,A,TPE,NULL,NULL
雲林縣西螺鎮福田里,10009,雲林縣,10009040,西螺鎮,648,10009040016,福田里,250,904,16,A,TPE,NULL,NULL
雲林縣西螺鎮大新里,10009,雲林縣,10009040,西螺鎮,648,10009040017,大新里,250,904,17,A,TPE,NULL,NULL
雲林縣西螺鎮埤頭里,10009,雲林縣,10009040,西螺鎮,648,10009040018,埤頭里,250,904,18,A,TPE,NULL,NULL
雲林縣西螺鎮東興里,10009,雲林縣,10009040,西螺鎮,648,10009040019,東興里,250,904,19,A,TPE,NULL,NULL
雲林縣西螺鎮廣興里,10009,雲林縣,10009040,西螺鎮,648,10009040020,廣興里,250,904,20,A,TPE,NULL,NULL
雲林縣西螺鎮鹿場里,10009,雲林縣,10009040,西螺鎮,648,10009040021,鹿場里,250,904,21,A,TPE,NULL,NULL
雲林縣西螺鎮頂湳里,10009,雲林縣,10009040,西螺鎮,648,10009040022,頂湳里,250,904,22,A,TPE,NULL,NULL
雲林縣西螺鎮下湳里,10009,雲林縣,10009040,西螺鎮,648,10009040023,下湳里,250,904,23,A,TPE,NULL,NULL
雲林縣西螺鎮九隆里,10009,雲林縣,10009040,西螺鎮,648,10009040024,九隆里,250,904,24,A,TPE,NULL,NULL
雲林縣西螺鎮吳厝里,10009,雲林縣,10009040,西螺鎮,648,10009040025,吳厝里,250,904,25,A,TPE,NULL,NULL
雲林縣西螺鎮七座里,10009,雲林縣,10009040,西螺鎮,648,10009040026,七座里,250,904,26,A,TPE,NULL,NULL
雲林縣西螺鎮公舘里,10009,雲林縣,10009040,西螺鎮,648,10009040027,公舘里,250,904,27,A,TPE,NULL,NULL
雲林縣土庫鎮忠正里,10009,雲林縣,10009050,土庫鎮,633,10009050001,忠正里,250,905,1,A,TPE,NULL,NULL
雲林縣土庫鎮順天里,10009,雲林縣,10009050,土庫鎮,633,10009050002,順天里,250,905,2,A,TPE,NULL,NULL
雲林縣土庫鎮宮北里,10009,雲林縣,10009050,土庫鎮,633,10009050003,宮北里,250,905,3,A,TPE,NULL,NULL
雲林縣土庫鎮越港里,10009,雲林縣,10009050,土庫鎮,633,10009050004,越港里,250,905,4,A,TPE,NULL,NULL
雲林縣土庫鎮溪邊里,10009,雲林縣,10009050,土庫鎮,633,10009050005,溪邊里,250,905,5,A,TPE,NULL,NULL
雲林縣土庫鎮興新里,10009,雲林縣,10009050,土庫鎮,633,10009050006,興新里,250,905,6,A,TPE,NULL,NULL
雲林縣土庫鎮奮起里,10009,雲林縣,10009050,土庫鎮,633,10009050007,奮起里,250,905,7,A,TPE,NULL,NULL
雲林縣土庫鎮埤腳里,10009,雲林縣,10009050,土庫鎮,633,10009050008,埤腳里,250,905,8,A,TPE,NULL,NULL
雲林縣土庫鎮大荖里,10009,雲林縣,10009050,土庫鎮,633,10009050009,大荖里,250,905,9,A,TPE,NULL,NULL
雲林縣土庫鎮石廟里,10009,雲林縣,10009050,土庫鎮,633,10009050010,石廟里,250,905,10,A,TPE,NULL,NULL
雲林縣土庫鎮東平里,10009,雲林縣,10009050,土庫鎮,633,10009050011,東平里,250,905,11,A,TPE,NULL,NULL
雲林縣土庫鎮南平里,10009,雲林縣,10009050,土庫鎮,633,10009050012,南平里,250,905,12,A,TPE,NULL,NULL
雲林縣土庫鎮北平里,10009,雲林縣,10009050,土庫鎮,633,10009050013,北平里,250,905,13,A,TPE,NULL,NULL
雲林縣土庫鎮西平里,10009,雲林縣,10009050,土庫鎮,633,10009050014,西平里,250,905,14,A,TPE,NULL,NULL
雲林縣土庫鎮後埔里,10009,雲林縣,10009050,土庫鎮,633,10009050015,後埔里,250,905,15,A,TPE,NULL,NULL
雲林縣土庫鎮崙內里,10009,雲林縣,10009050,土庫鎮,633,10009050016,崙內里,250,905,16,A,TPE,NULL,NULL
雲林縣土庫鎮新庄里,10009,雲林縣,10009050,土庫鎮,633,10009050017,新庄里,250,905,17,A,TPE,NULL,NULL
雲林縣北港鎮東陽里,10009,雲林縣,10009060,北港鎮,651,10009060001,東陽里,250,906,1,A,TPE,NULL,NULL
雲林縣北港鎮光民里,10009,雲林縣,10009060,北港鎮,651,10009060002,光民里,250,906,2,A,TPE,NULL,NULL
雲林縣北港鎮東華里,10009,雲林縣,10009060,北港鎮,651,10009060003,東華里,250,906,3,A,TPE,NULL,NULL
雲林縣北港鎮南安里,10009,雲林縣,10009060,北港鎮,651,10009060004,南安里,250,906,4,A,TPE,NULL,NULL
雲林縣北港鎮中和里,10009,雲林縣,10009060,北港鎮,651,10009060005,中和里,250,906,5,A,TPE,NULL,NULL
雲林縣北港鎮義民里,10009,雲林縣,10009060,北港鎮,651,10009060006,義民里,250,906,6,A,TPE,NULL,NULL
雲林縣北港鎮共榮里,10009,雲林縣,10009060,北港鎮,651,10009060007,共榮里,250,906,7,A,TPE,NULL,NULL
雲林縣北港鎮西勢里,10009,雲林縣,10009060,北港鎮,651,10009060008,西勢里,250,906,8,A,TPE,NULL,NULL
雲林縣北港鎮仁和里,10009,雲林縣,10009060,北港鎮,651,10009060009,仁和里,250,906,9,A,TPE,NULL,NULL
雲林縣北港鎮賜福里,10009,雲林縣,10009060,北港鎮,651,10009060010,賜福里,250,906,10,A,TPE,NULL,NULL
雲林縣北港鎮公舘里,10009,雲林縣,10009060,北港鎮,651,10009060011,公舘里,250,906,11,A,TPE,NULL,NULL
雲林縣北港鎮大同里,10009,雲林縣,10009060,北港鎮,651,10009060012,大同里,250,906,12,A,TPE,NULL,NULL
雲林縣北港鎮仁安里,10009,雲林縣,10009060,北港鎮,651,10009060013,仁安里,250,906,13,A,TPE,NULL,NULL
雲林縣北港鎮華勝里,10009,雲林縣,10009060,北港鎮,651,10009060014,華勝里,250,906,14,A,TPE,NULL,NULL
雲林縣北港鎮光復里,10009,雲林縣,10009060,北港鎮,651,10009060015,光復里,250,906,15,A,TPE,NULL,NULL
雲林縣北港鎮新街里,10009,雲林縣,10009060,北港鎮,651,10009060016,新街里,250,906,16,A,TPE,NULL,NULL
雲林縣北港鎮劉厝里,10009,雲林縣,10009060,北港鎮,651,10009060017,劉厝里,250,906,17,A,TPE,NULL,NULL
雲林縣北港鎮府番里,10009,雲林縣,10009060,北港鎮,651,10009060018,府番里,250,906,18,A,TPE,NULL,NULL
雲林縣北港鎮草湖里,10009,雲林縣,10009060,北港鎮,651,10009060019,草湖里,250,906,19,A,TPE,NULL,NULL
雲林縣北港鎮溝皂里,10009,雲林縣,10009060,北港鎮,651,10009060020,溝皂里,250,906,20,A,TPE,NULL,NULL
雲林縣北港鎮後溝里,10009,雲林縣,10009060,北港鎮,651,10009060021,後溝里,250,906,21,A,TPE,NULL,NULL
雲林縣北港鎮番溝里,10009,雲林縣,10009060,北港鎮,651,10009060022,番溝里,250,906,22,A,TPE,NULL,NULL
雲林縣北港鎮大北里,10009,雲林縣,10009060,北港鎮,651,10009060023,大北里,250,906,23,A,TPE,NULL,NULL
雲林縣北港鎮好收里,10009,雲林縣,10009060,北港鎮,651,10009060024,好收里,250,906,24,A,TPE,NULL,NULL
雲林縣北港鎮樹腳里,10009,雲林縣,10009060,北港鎮,651,10009060025,樹腳里,250,906,25,A,TPE,NULL,NULL
雲林縣北港鎮扶朝里,10009,雲林縣,10009060,北港鎮,651,10009060026,扶朝里,250,906,26,A,TPE,NULL,NULL
雲林縣北港鎮水埔里,10009,雲林縣,10009060,北港鎮,651,10009060027,水埔里,250,906,27,A,TPE,NULL,NULL
雲林縣北港鎮新厝里,10009,雲林縣,10009060,北港鎮,651,10009060028,新厝里,250,906,28,A,TPE,NULL,NULL
雲林縣古坑鄉水碓村,10009,雲林縣,10009070,古坑鄉,646,10009070001,水碓村,250,907,1,A,TPE,NULL,NULL
雲林縣古坑鄉田心村,10009,雲林縣,10009070,古坑鄉,646,10009070002,田心村,250,907,2,A,TPE,NULL,NULL
雲林縣古坑鄉高林村,10009,雲林縣,10009070,古坑鄉,646,10009070003,高林村,250,907,3,A,TPE,NULL,NULL
雲林縣古坑鄉荷苞村,10009,雲林縣,10009070,古坑鄉,646,10009070004,荷苞村,250,907,4,A,TPE,NULL,NULL
雲林縣古坑鄉東和村,10009,雲林縣,10009070,古坑鄉,646,10009070005,東和村,250,907,5,A,TPE,NULL,NULL
雲林縣古坑鄉新庄村,10009,雲林縣,10009070,古坑鄉,646,10009070006,新庄村,250,907,6,A,TPE,NULL,NULL
雲林縣古坑鄉棋盤村,10009,雲林縣,10009070,古坑鄉,646,10009070007,棋盤村,250,907,7,A,TPE,NULL,NULL
雲林縣古坑鄉華山村,10009,雲林縣,10009070,古坑鄉,646,10009070008,華山村,250,907,8,A,TPE,NULL,NULL
雲林縣古坑鄉華南村,10009,雲林縣,10009070,古坑鄉,646,10009070009,華南村,250,907,9,A,TPE,NULL,NULL
雲林縣古坑鄉永光村,10009,雲林縣,10009070,古坑鄉,646,10009070010,永光村,250,907,10,A,TPE,NULL,NULL
雲林縣古坑鄉桂林村,10009,雲林縣,10009070,古坑鄉,646,10009070011,桂林村,250,907,11,A,TPE,NULL,NULL
雲林縣古坑鄉崁腳村,10009,雲林縣,10009070,古坑鄉,646,10009070012,崁腳村,250,907,12,A,TPE,NULL,NULL
雲林縣古坑鄉樟湖村,10009,雲林縣,10009070,古坑鄉,646,10009070013,樟湖村,250,907,13,A,TPE,NULL,NULL
雲林縣古坑鄉草嶺村,10009,雲林縣,10009070,古坑鄉,646,10009070014,草嶺村,250,907,14,A,TPE,NULL,NULL
雲林縣古坑鄉永昌村,10009,雲林縣,10009070,古坑鄉,646,10009070015,永昌村,250,907,15,A,TPE,NULL,NULL
雲林縣古坑鄉麻園村,10009,雲林縣,10009070,古坑鄉,646,10009070016,麻園村,250,907,16,A,TPE,NULL,NULL
雲林縣古坑鄉古坑村,10009,雲林縣,10009070,古坑鄉,646,10009070017,古坑村,250,907,17,A,TPE,NULL,NULL
雲林縣古坑鄉朝陽村,10009,雲林縣,10009070,古坑鄉,646,10009070018,朝陽村,250,907,18,A,TPE,NULL,NULL
雲林縣古坑鄉西平村,10009,雲林縣,10009070,古坑鄉,646,10009070019,西平村,250,907,19,A,TPE,NULL,NULL
雲林縣古坑鄉湳仔村,10009,雲林縣,10009070,古坑鄉,646,10009070020,湳仔村,250,907,20,A,TPE,NULL,NULL
雲林縣大埤鄉北和村,10009,雲林縣,10009080,大埤鄉,631,10009080001,北和村,250,908,1,A,TPE,NULL,NULL
雲林縣大埤鄉南和村,10009,雲林縣,10009080,大埤鄉,631,10009080002,南和村,250,908,2,A,TPE,NULL,NULL
雲林縣大埤鄉大德村,10009,雲林縣,10009080,大埤鄉,631,10009080003,大德村,250,908,3,A,TPE,NULL,NULL
雲林縣大埤鄉松竹村,10009,雲林縣,10009080,大埤鄉,631,10009080004,松竹村,250,908,4,A,TPE,NULL,NULL
雲林縣大埤鄉尚義村,10009,雲林縣,10009080,大埤鄉,631,10009080005,尚義村,250,908,5,A,TPE,NULL,NULL
雲林縣大埤鄉嘉興村,10009,雲林縣,10009080,大埤鄉,631,10009080006,嘉興村,250,908,6,A,TPE,NULL,NULL
雲林縣大埤鄉豐田村,10009,雲林縣,10009080,大埤鄉,631,10009080007,豐田村,250,908,7,A,TPE,NULL,NULL
雲林縣大埤鄉三結村,10009,雲林縣,10009080,大埤鄉,631,10009080008,三結村,250,908,8,A,TPE,NULL,NULL
雲林縣大埤鄉吉田村,10009,雲林縣,10009080,大埤鄉,631,10009080009,吉田村,250,908,9,A,TPE,NULL,NULL
雲林縣大埤鄉豐岡村,10009,雲林縣,10009080,大埤鄉,631,10009080010,豐岡村,250,908,10,A,TPE,NULL,NULL
雲林縣大埤鄉聯美村,10009,雲林縣,10009080,大埤鄉,631,10009080011,聯美村,250,908,11,A,TPE,NULL,NULL
雲林縣大埤鄉怡然村,10009,雲林縣,10009080,大埤鄉,631,10009080012,怡然村,250,908,12,A,TPE,NULL,NULL
雲林縣大埤鄉北鎮村,10009,雲林縣,10009080,大埤鄉,631,10009080013,北鎮村,250,908,13,A,TPE,NULL,NULL
雲林縣大埤鄉興安村,10009,雲林縣,10009080,大埤鄉,631,10009080014,興安村,250,908,14,A,TPE,NULL,NULL
雲林縣大埤鄉西鎮村,10009,雲林縣,10009080,大埤鄉,631,10009080015,西鎮村,250,908,15,A,TPE,NULL,NULL
雲林縣莿桐鄉莿桐村,10009,雲林縣,10009090,莿桐鄉,647,10009090001,莿桐村,250,909,1,A,TPE,NULL,NULL
雲林縣莿桐鄉甘厝村,10009,雲林縣,10009090,莿桐鄉,647,10009090002,甘厝村,250,909,2,A,TPE,NULL,NULL
雲林縣莿桐鄉甘西村,10009,雲林縣,10009090,莿桐鄉,647,10009090003,甘西村,250,909,3,A,TPE,NULL,NULL
雲林縣莿桐鄉興桐村,10009,雲林縣,10009090,莿桐鄉,647,10009090004,興桐村,250,909,4,A,TPE,NULL,NULL
雲林縣莿桐鄉義和村,10009,雲林縣,10009090,莿桐鄉,647,10009090005,義和村,250,909,5,A,TPE,NULL,NULL
雲林縣莿桐鄉埔子村,10009,雲林縣,10009090,莿桐鄉,647,10009090006,埔子村,250,909,6,A,TPE,NULL,NULL
雲林縣莿桐鄉大美村,10009,雲林縣,10009090,莿桐鄉,647,10009090007,大美村,250,909,7,A,TPE,NULL,NULL
雲林縣莿桐鄉埔尾村,10009,雲林縣,10009090,莿桐鄉,647,10009090008,埔尾村,250,909,8,A,TPE,NULL,NULL
雲林縣莿桐鄉饒平村,10009,雲林縣,10009090,莿桐鄉,647,10009090009,饒平村,250,909,9,A,TPE,NULL,NULL
雲林縣莿桐鄉興貴村,10009,雲林縣,10009090,莿桐鄉,647,10009090010,興貴村,250,909,10,A,TPE,NULL,NULL
雲林縣莿桐鄉四合村,10009,雲林縣,10009090,莿桐鄉,647,10009090011,四合村,250,909,11,A,TPE,NULL,NULL
雲林縣莿桐鄉麻園村,10009,雲林縣,10009090,莿桐鄉,647,10009090012,麻園村,250,909,12,A,TPE,NULL,NULL
雲林縣莿桐鄉五華村,10009,雲林縣,10009090,莿桐鄉,647,10009090013,五華村,250,909,13,A,TPE,NULL,NULL
雲林縣莿桐鄉六合村,10009,雲林縣,10009090,莿桐鄉,647,10009090014,六合村,250,909,14,A,TPE,NULL,NULL
雲林縣林內鄉林南村,10009,雲林縣,10009100,林內鄉,643,10009100001,林南村,250,910,1,A,TPE,NULL,NULL
雲林縣林內鄉林中村,10009,雲林縣,10009100,林內鄉,643,10009100002,林中村,250,910,2,A,TPE,NULL,NULL
雲林縣林內鄉林北村,10009,雲林縣,10009100,林內鄉,643,10009100003,林北村,250,910,3,A,TPE,NULL,NULL
雲林縣林內鄉坪頂村,10009,雲林縣,10009100,林內鄉,643,10009100004,坪頂村,250,910,4,A,TPE,NULL,NULL
雲林縣林內鄉林茂村,10009,雲林縣,10009100,林內鄉,643,10009100005,林茂村,250,910,5,A,TPE,NULL,NULL
雲林縣林內鄉九芎村,10009,雲林縣,10009100,林內鄉,643,10009100006,九芎村,250,910,6,A,TPE,NULL,NULL
雲林縣林內鄉湖本村,10009,雲林縣,10009100,林內鄉,643,10009100007,湖本村,250,910,7,A,TPE,NULL,NULL
雲林縣林內鄉烏塗村,10009,雲林縣,10009100,林內鄉,643,10009100008,烏塗村,250,910,8,A,TPE,NULL,NULL
雲林縣林內鄉烏麻村,10009,雲林縣,10009100,林內鄉,643,10009100009,烏麻村,250,910,9,A,TPE,NULL,NULL
雲林縣林內鄉重興村,10009,雲林縣,10009100,林內鄉,643,10009100010,重興村,250,910,10,A,TPE,NULL,NULL
雲林縣二崙鄉崙東村,10009,雲林縣,10009110,二崙鄉,649,10009110001,崙東村,250,911,1,A,TPE,NULL,NULL
雲林縣二崙鄉崙西村,10009,雲林縣,10009110,二崙鄉,649,10009110002,崙西村,250,911,2,A,TPE,NULL,NULL
雲林縣二崙鄉來惠村,10009,雲林縣,10009110,二崙鄉,649,10009110003,來惠村,250,911,3,A,TPE,NULL,NULL
雲林縣二崙鄉三和村,10009,雲林縣,10009110,二崙鄉,649,10009110004,三和村,250,911,4,A,TPE,NULL,NULL
雲林縣二崙鄉湳仔村,10009,雲林縣,10009110,二崙鄉,649,10009110005,湳仔村,250,911,5,A,TPE,NULL,NULL
雲林縣二崙鄉田尾村,10009,雲林縣,10009110,二崙鄉,649,10009110006,田尾村,250,911,6,A,TPE,NULL,NULL
雲林縣二崙鄉定安村,10009,雲林縣,10009110,二崙鄉,649,10009110007,定安村,250,911,7,A,TPE,NULL,NULL
雲林縣二崙鄉大華村,10009,雲林縣,10009110,二崙鄉,649,10009110008,大華村,250,911,8,A,TPE,NULL,NULL
雲林縣二崙鄉義庄村,10009,雲林縣,10009110,二崙鄉,649,10009110009,義庄村,250,911,9,A,TPE,NULL,NULL
雲林縣二崙鄉楊賢村,10009,雲林縣,10009110,二崙鄉,649,10009110010,楊賢村,250,911,10,A,TPE,NULL,NULL
雲林縣二崙鄉港後村,10009,雲林縣,10009110,二崙鄉,649,10009110011,港後村,250,911,11,A,TPE,NULL,NULL
雲林縣二崙鄉大義村,10009,雲林縣,10009110,二崙鄉,649,10009110012,大義村,250,911,12,A,TPE,NULL,NULL
雲林縣二崙鄉油車村,10009,雲林縣,10009110,二崙鄉,649,10009110013,油車村,250,911,13,A,TPE,NULL,NULL
雲林縣二崙鄉大庄村,10009,雲林縣,10009110,二崙鄉,649,10009110014,大庄村,250,911,14,A,TPE,NULL,NULL
雲林縣二崙鄉庄西村,10009,雲林縣,10009110,二崙鄉,649,10009110015,庄西村,250,911,15,A,TPE,NULL,NULL
雲林縣二崙鄉大同村,10009,雲林縣,10009110,二崙鄉,649,10009110016,大同村,250,911,16,A,TPE,NULL,NULL
雲林縣二崙鄉復興村,10009,雲林縣,10009110,二崙鄉,649,10009110017,復興村,250,911,17,A,TPE,NULL,NULL
雲林縣二崙鄉永定村,10009,雲林縣,10009110,二崙鄉,649,10009110018,永定村,250,911,18,A,TPE,NULL,NULL
雲林縣崙背鄉東明村,10009,雲林縣,10009120,崙背鄉,637,10009120001,東明村,250,912,1,A,TPE,NULL,NULL
雲林縣崙背鄉西榮村,10009,雲林縣,10009120,崙背鄉,637,10009120002,西榮村,250,912,2,A,TPE,NULL,NULL
雲林縣崙背鄉南陽村,10009,雲林縣,10009120,崙背鄉,637,10009120003,南陽村,250,912,3,A,TPE,NULL,NULL
雲林縣崙背鄉崙前村,10009,雲林縣,10009120,崙背鄉,637,10009120004,崙前村,250,912,4,A,TPE,NULL,NULL
雲林縣崙背鄉羅厝村,10009,雲林縣,10009120,崙背鄉,637,10009120005,羅厝村,250,912,5,A,TPE,NULL,NULL
雲林縣崙背鄉港尾村,10009,雲林縣,10009120,崙背鄉,637,10009120006,港尾村,250,912,6,A,TPE,NULL,NULL
雲林縣崙背鄉阿勸村,10009,雲林縣,10009120,崙背鄉,637,10009120007,阿勸村,250,912,7,A,TPE,NULL,NULL
雲林縣崙背鄉五魁村,10009,雲林縣,10009120,崙背鄉,637,10009120008,五魁村,250,912,8,A,TPE,NULL,NULL
雲林縣崙背鄉大有村,10009,雲林縣,10009120,崙背鄉,637,10009120009,大有村,250,912,9,A,TPE,NULL,NULL
雲林縣崙背鄉豐榮村,10009,雲林縣,10009120,崙背鄉,637,10009120010,豐榮村,250,912,10,A,TPE,NULL,NULL
雲林縣崙背鄉草湖村,10009,雲林縣,10009120,崙背鄉,637,10009120011,草湖村,250,912,11,A,TPE,NULL,NULL
雲林縣崙背鄉舊庄村,10009,雲林縣,10009120,崙背鄉,637,10009120012,舊庄村,250,912,12,A,TPE,NULL,NULL
雲林縣崙背鄉水尾村,10009,雲林縣,10009120,崙背鄉,637,10009120013,水尾村,250,912,13,A,TPE,NULL,NULL
雲林縣崙背鄉枋南村,10009,雲林縣,10009120,崙背鄉,637,10009120014,枋南村,250,912,14,A,TPE,NULL,NULL
雲林縣麥寮鄉麥津村,10009,雲林縣,10009130,麥寮鄉,638,10009130001,麥津村,250,913,1,A,TPE,NULL,NULL
雲林縣麥寮鄉麥豐村,10009,雲林縣,10009130,麥寮鄉,638,10009130002,麥豐村,250,913,2,A,TPE,NULL,NULL
雲林縣麥寮鄉瓦󿾨村,10009,雲林縣,10009130,麥寮鄉,638,10009130003,瓦󿾨村,250,913,3,A,TPE,NULL,NULL
雲林縣麥寮鄉興華村,10009,雲林縣,10009130,麥寮鄉,638,10009130004,興華村,250,913,4,A,TPE,NULL,NULL
雲林縣麥寮鄉崙後村,10009,雲林縣,10009130,麥寮鄉,638,10009130005,崙後村,250,913,5,A,TPE,NULL,NULL
雲林縣麥寮鄉後安村,10009,雲林縣,10009130,麥寮鄉,638,10009130006,後安村,250,913,6,A,TPE,NULL,NULL
雲林縣麥寮鄉海豐村,10009,雲林縣,10009130,麥寮鄉,638,10009130007,海豐村,250,913,7,A,TPE,NULL,NULL
雲林縣麥寮鄉三盛村,10009,雲林縣,10009130,麥寮鄉,638,10009130008,三盛村,250,913,8,A,TPE,NULL,NULL
雲林縣麥寮鄉橋頭村,10009,雲林縣,10009130,麥寮鄉,638,10009130009,橋頭村,250,913,9,A,TPE,NULL,NULL
雲林縣麥寮鄉新吉村,10009,雲林縣,10009130,麥寮鄉,638,10009130010,新吉村,250,913,10,A,TPE,NULL,NULL
雲林縣麥寮鄉施厝村,10009,雲林縣,10009130,麥寮鄉,638,10009130011,施厝村,250,913,11,A,TPE,NULL,NULL
雲林縣麥寮鄉雷厝村,10009,雲林縣,10009130,麥寮鄉,638,10009130012,雷厝村,250,913,12,A,TPE,NULL,NULL
雲林縣麥寮鄉中興村,10009,雲林縣,10009130,麥寮鄉,638,10009130013,中興村,250,913,13,A,TPE,NULL,NULL
雲林縣東勢鄉東南村,10009,雲林縣,10009140,東勢鄉,635,10009140001,東南村,250,914,1,A,TPE,NULL,NULL
雲林縣東勢鄉東北村,10009,雲林縣,10009140,東勢鄉,635,10009140002,東北村,250,914,2,A,TPE,NULL,NULL
雲林縣東勢鄉嘉隆村,10009,雲林縣,10009140,東勢鄉,635,10009140003,嘉隆村,250,914,3,A,TPE,NULL,NULL
雲林縣東勢鄉復興村,10009,雲林縣,10009140,東勢鄉,635,10009140004,復興村,250,914,4,A,TPE,NULL,NULL
雲林縣東勢鄉月眉村,10009,雲林縣,10009140,東勢鄉,635,10009140005,月眉村,250,914,5,A,TPE,NULL,NULL
雲林縣東勢鄉程海村,10009,雲林縣,10009140,東勢鄉,635,10009140006,程海村,250,914,6,A,TPE,NULL,NULL
雲林縣東勢鄉龍潭村,10009,雲林縣,10009140,東勢鄉,635,10009140007,龍潭村,250,914,7,A,TPE,NULL,NULL
雲林縣東勢鄉安南村,10009,雲林縣,10009140,東勢鄉,635,10009140008,安南村,250,914,8,A,TPE,NULL,NULL
雲林縣東勢鄉昌南村,10009,雲林縣,10009140,東勢鄉,635,10009140009,昌南村,250,914,9,A,TPE,NULL,NULL
雲林縣東勢鄉同安村,10009,雲林縣,10009140,東勢鄉,635,10009140010,同安村,250,914,10,A,TPE,NULL,NULL
雲林縣東勢鄉新坤村,10009,雲林縣,10009140,東勢鄉,635,10009140011,新坤村,250,914,11,A,TPE,NULL,NULL
雲林縣東勢鄉四美村,10009,雲林縣,10009140,東勢鄉,635,10009140012,四美村,250,914,12,A,TPE,NULL,NULL
雲林縣褒忠鄉中民村,10009,雲林縣,10009150,褒忠鄉,634,10009150001,中民村,250,915,1,A,TPE,NULL,NULL
雲林縣褒忠鄉埔姜村,10009,雲林縣,10009150,褒忠鄉,634,10009150002,埔姜村,250,915,2,A,TPE,NULL,NULL
雲林縣褒忠鄉中勝村,10009,雲林縣,10009150,褒忠鄉,634,10009150003,中勝村,250,915,3,A,TPE,NULL,NULL
雲林縣褒忠鄉新湖村,10009,雲林縣,10009150,褒忠鄉,634,10009150004,新湖村,250,915,4,A,TPE,NULL,NULL
雲林縣褒忠鄉馬鳴村,10009,雲林縣,10009150,褒忠鄉,634,10009150005,馬鳴村,250,915,5,A,TPE,NULL,NULL
雲林縣褒忠鄉有才村,10009,雲林縣,10009150,褒忠鄉,634,10009150006,有才村,250,915,6,A,TPE,NULL,NULL
雲林縣褒忠鄉田洋村,10009,雲林縣,10009150,褒忠鄉,634,10009150007,田洋村,250,915,7,A,TPE,NULL,NULL
雲林縣褒忠鄉龍岩村,10009,雲林縣,10009150,褒忠鄉,634,10009150008,龍岩村,250,915,8,A,TPE,NULL,NULL
雲林縣褒忠鄉潮厝村,10009,雲林縣,10009150,褒忠鄉,634,10009150009,潮厝村,250,915,9,A,TPE,NULL,NULL
雲林縣臺西鄉台西村,10009,雲林縣,10009160,臺西鄉,636,10009160001,台西村,250,916,1,A,TPE,NULL,NULL
雲林縣臺西鄉海北村,10009,雲林縣,10009160,臺西鄉,636,10009160002,海北村,250,916,2,A,TPE,NULL,NULL
雲林縣臺西鄉海南村,10009,雲林縣,10009160,臺西鄉,636,10009160003,海南村,250,916,3,A,TPE,NULL,NULL
雲林縣臺西鄉海口村,10009,雲林縣,10009160,臺西鄉,636,10009160004,海口村,250,916,4,A,TPE,NULL,NULL
雲林縣臺西鄉溪頂村,10009,雲林縣,10009160,臺西鄉,636,10009160005,溪頂村,250,916,5,A,TPE,NULL,NULL
雲林縣臺西鄉牛厝村,10009,雲林縣,10009160,臺西鄉,636,10009160006,牛厝村,250,916,6,A,TPE,NULL,NULL
雲林縣臺西鄉泉州村,10009,雲林縣,10009160,臺西鄉,636,10009160007,泉州村,250,916,7,A,TPE,NULL,NULL
雲林縣臺西鄉光華村,10009,雲林縣,10009160,臺西鄉,636,10009160008,光華村,250,916,8,A,TPE,NULL,NULL
雲林縣臺西鄉五榔村,10009,雲林縣,10009160,臺西鄉,636,10009160009,五榔村,250,916,9,A,TPE,NULL,NULL
雲林縣臺西鄉山寮村,10009,雲林縣,10009160,臺西鄉,636,10009160010,山寮村,250,916,10,A,TPE,NULL,NULL
雲林縣臺西鄉富琦村,10009,雲林縣,10009160,臺西鄉,636,10009160011,富琦村,250,916,11,A,TPE,NULL,NULL
雲林縣臺西鄉永豐村,10009,雲林縣,10009160,臺西鄉,636,10009160012,永豐村,250,916,12,A,TPE,NULL,NULL
雲林縣臺西鄉和豐村,10009,雲林縣,10009160,臺西鄉,636,10009160013,和豐村,250,916,13,A,TPE,NULL,NULL
雲林縣臺西鄉蚊港村,10009,雲林縣,10009160,臺西鄉,636,10009160014,蚊港村,250,916,14,A,TPE,NULL,NULL
雲林縣臺西鄉五港村,10009,雲林縣,10009160,臺西鄉,636,10009160015,五港村,250,916,15,A,TPE,NULL,NULL
雲林縣元長鄉長南村,10009,雲林縣,10009170,元長鄉,655,10009170001,長南村,250,917,1,A,TPE,NULL,NULL
雲林縣元長鄉長北村,10009,雲林縣,10009170,元長鄉,655,10009170002,長北村,250,917,2,A,TPE,NULL,NULL
雲林縣元長鄉子茂村,10009,雲林縣,10009170,元長鄉,655,10009170003,子茂村,250,917,3,A,TPE,NULL,NULL
雲林縣元長鄉後湖村,10009,雲林縣,10009170,元長鄉,655,10009170004,後湖村,250,917,4,A,TPE,NULL,NULL
雲林縣元長鄉山內村,10009,雲林縣,10009170,元長鄉,655,10009170005,山內村,250,917,5,A,TPE,NULL,NULL
雲林縣元長鄉合和村,10009,雲林縣,10009170,元長鄉,655,10009170006,合和村,250,917,6,A,TPE,NULL,NULL
雲林縣元長鄉五塊村,10009,雲林縣,10009170,元長鄉,655,10009170007,五塊村,250,917,7,A,TPE,NULL,NULL
雲林縣元長鄉潭西村,10009,雲林縣,10009170,元長鄉,655,10009170008,潭西村,250,917,8,A,TPE,NULL,NULL
雲林縣元長鄉潭東村,10009,雲林縣,10009170,元長鄉,655,10009170009,潭東村,250,917,9,A,TPE,NULL,NULL
雲林縣元長鄉客厝村,10009,雲林縣,10009170,元長鄉,655,10009170010,客厝村,250,917,10,A,TPE,NULL,NULL
雲林縣元長鄉卓運村,10009,雲林縣,10009170,元長鄉,655,10009170011,卓運村,250,917,11,A,TPE,NULL,NULL
雲林縣元長鄉頂寮村,10009,雲林縣,10009170,元長鄉,655,10009170012,頂寮村,250,917,12,A,TPE,NULL,NULL
雲林縣元長鄉下寮村,10009,雲林縣,10009170,元長鄉,655,10009170013,下寮村,250,917,13,A,TPE,NULL,NULL
雲林縣元長鄉龍岩村,10009,雲林縣,10009170,元長鄉,655,10009170014,龍岩村,250,917,14,A,TPE,NULL,NULL
雲林縣元長鄉西莊村,10009,雲林縣,10009170,元長鄉,655,10009170015,西莊村,250,917,15,A,TPE,NULL,NULL
雲林縣元長鄉鹿北村,10009,雲林縣,10009170,元長鄉,655,10009170016,鹿北村,250,917,16,A,TPE,NULL,NULL
雲林縣元長鄉鹿南村,10009,雲林縣,10009170,元長鄉,655,10009170017,鹿南村,250,917,17,A,TPE,NULL,NULL
雲林縣元長鄉瓦󿾨村,10009,雲林縣,10009170,元長鄉,655,10009170018,瓦󿾨村,250,917,18,A,TPE,NULL,NULL
雲林縣元長鄉內寮村,10009,雲林縣,10009170,元長鄉,655,10009170019,內寮村,250,917,19,A,TPE,NULL,NULL
雲林縣元長鄉崙仔村,10009,雲林縣,10009170,元長鄉,655,10009170020,崙仔村,250,917,20,A,TPE,NULL,NULL
雲林縣元長鄉新吉村,10009,雲林縣,10009170,元長鄉,655,10009170021,新吉村,250,917,21,A,TPE,NULL,NULL
雲林縣四湖鄉四湖村,10009,雲林縣,10009180,四湖鄉,654,10009180001,四湖村,250,918,1,A,TPE,NULL,NULL
雲林縣四湖鄉新庄村,10009,雲林縣,10009180,四湖鄉,654,10009180002,新庄村,250,918,2,A,TPE,NULL,NULL
雲林縣四湖鄉溪底村,10009,雲林縣,10009180,四湖鄉,654,10009180003,溪底村,250,918,3,A,TPE,NULL,NULL
雲林縣四湖鄉鹿場村,10009,雲林縣,10009180,四湖鄉,654,10009180004,鹿場村,250,918,4,A,TPE,NULL,NULL
雲林縣四湖鄉湖西村,10009,雲林縣,10009180,四湖鄉,654,10009180005,湖西村,250,918,5,A,TPE,NULL,NULL
雲林縣四湖鄉施湖村,10009,雲林縣,10009180,四湖鄉,654,10009180006,施湖村,250,918,6,A,TPE,NULL,NULL
雲林縣四湖鄉湖寮村,10009,雲林縣,10009180,四湖鄉,654,10009180007,湖寮村,250,918,7,A,TPE,NULL,NULL
雲林縣四湖鄉蔡厝村,10009,雲林縣,10009180,四湖鄉,654,10009180008,蔡厝村,250,918,8,A,TPE,NULL,NULL
雲林縣四湖鄉飛沙村,10009,雲林縣,10009180,四湖鄉,654,10009180009,飛沙村,250,918,9,A,TPE,NULL,NULL
雲林縣四湖鄉三姓村,10009,雲林縣,10009180,四湖鄉,654,10009180010,三姓村,250,918,10,A,TPE,NULL,NULL
雲林縣四湖鄉內湖村,10009,雲林縣,10009180,四湖鄉,654,10009180011,內湖村,250,918,11,A,TPE,NULL,NULL
雲林縣四湖鄉羊調村,10009,雲林縣,10009180,四湖鄉,654,10009180012,羊調村,250,918,12,A,TPE,NULL,NULL
雲林縣四湖鄉崙北村,10009,雲林縣,10009180,四湖鄉,654,10009180013,崙北村,250,918,13,A,TPE,NULL,NULL
雲林縣四湖鄉崙南村,10009,雲林縣,10009180,四湖鄉,654,10009180014,崙南村,250,918,14,A,TPE,NULL,NULL
雲林縣四湖鄉廣溝村,10009,雲林縣,10009180,四湖鄉,654,10009180015,廣溝村,250,918,15,A,TPE,NULL,NULL
雲林縣四湖鄉󿿀子村,10009,雲林縣,10009180,四湖鄉,654,10009180016,󿿀子村,250,918,16,A,TPE,NULL,NULL
雲林縣四湖鄉林厝村,10009,雲林縣,10009180,四湖鄉,654,10009180017,林厝村,250,918,17,A,TPE,NULL,NULL
雲林縣四湖鄉林東村,10009,雲林縣,10009180,四湖鄉,654,10009180018,林東村,250,918,18,A,TPE,NULL,NULL
雲林縣四湖鄉溪尾村,10009,雲林縣,10009180,四湖鄉,654,10009180019,溪尾村,250,918,19,A,TPE,NULL,NULL
雲林縣四湖鄉飛東村,10009,雲林縣,10009180,四湖鄉,654,10009180020,飛東村,250,918,20,A,TPE,NULL,NULL
雲林縣四湖鄉󿿀東村,10009,雲林縣,10009180,四湖鄉,654,10009180021,󿿀東村,250,918,21,A,TPE,NULL,NULL
雲林縣口湖鄉湖東村,10009,雲林縣,10009190,口湖鄉,653,10009190001,湖東村,250,919,1,A,TPE,NULL,NULL
雲林縣口湖鄉口湖村,10009,雲林縣,10009190,口湖鄉,653,10009190002,口湖村,250,919,2,A,TPE,NULL,NULL
雲林縣口湖鄉頂湖村,10009,雲林縣,10009190,口湖鄉,653,10009190003,頂湖村,250,919,3,A,TPE,NULL,NULL
雲林縣口湖鄉埔北村,10009,雲林縣,10009190,口湖鄉,653,10009190004,埔北村,250,919,4,A,TPE,NULL,NULL
雲林縣口湖鄉埔南村,10009,雲林縣,10009190,口湖鄉,653,10009190005,埔南村,250,919,5,A,TPE,NULL,NULL
雲林縣口湖鄉謝厝村,10009,雲林縣,10009190,口湖鄉,653,10009190006,謝厝村,250,919,6,A,TPE,NULL,NULL
雲林縣口湖鄉蚵寮村,10009,雲林縣,10009190,口湖鄉,653,10009190007,蚵寮村,250,919,7,A,TPE,NULL,NULL
雲林縣口湖鄉下崙村,10009,雲林縣,10009190,口湖鄉,653,10009190008,下崙村,250,919,8,A,TPE,NULL,NULL
雲林縣口湖鄉崙中村,10009,雲林縣,10009190,口湖鄉,653,10009190009,崙中村,250,919,9,A,TPE,NULL,NULL
雲林縣口湖鄉崙東村,10009,雲林縣,10009190,口湖鄉,653,10009190010,崙東村,250,919,10,A,TPE,NULL,NULL
雲林縣口湖鄉青蚶村,10009,雲林縣,10009190,口湖鄉,653,10009190011,青蚶村,250,919,11,A,TPE,NULL,NULL
雲林縣口湖鄉港東村,10009,雲林縣,10009190,口湖鄉,653,10009190012,港東村,250,919,12,A,TPE,NULL,NULL
雲林縣口湖鄉港西村,10009,雲林縣,10009190,口湖鄉,653,10009190013,港西村,250,919,13,A,TPE,NULL,NULL
雲林縣口湖鄉台子村,10009,雲林縣,10009190,口湖鄉,653,10009190014,台子村,250,919,14,A,TPE,NULL,NULL
雲林縣口湖鄉成龍村,10009,雲林縣,10009190,口湖鄉,653,10009190015,成龍村,250,919,15,A,TPE,NULL,NULL
雲林縣口湖鄉湖口村,10009,雲林縣,10009190,口湖鄉,653,10009190016,湖口村,250,919,16,A,TPE,NULL,NULL
雲林縣口湖鄉水井村,10009,雲林縣,10009190,口湖鄉,653,10009190017,水井村,250,919,17,A,TPE,NULL,NULL
雲林縣口湖鄉後厝村,10009,雲林縣,10009190,口湖鄉,653,10009190018,後厝村,250,919,18,A,TPE,NULL,NULL
雲林縣口湖鄉梧南村,10009,雲林縣,10009190,口湖鄉,653,10009190019,梧南村,250,919,19,A,TPE,NULL,NULL
雲林縣口湖鄉梧北村,10009,雲林縣,10009190,口湖鄉,653,10009190020,梧北村,250,919,20,A,TPE,NULL,NULL
雲林縣口湖鄉過港村,10009,雲林縣,10009190,口湖鄉,653,10009190021,過港村,250,919,21,A,TPE,NULL,NULL
雲林縣水林鄉水北村,10009,雲林縣,10009200,水林鄉,652,10009200001,水北村,250,920,1,A,TPE,NULL,NULL
雲林縣水林鄉水南村,10009,雲林縣,10009200,水林鄉,652,10009200002,水南村,250,920,2,A,TPE,NULL,NULL
雲林縣水林鄉海埔村,10009,雲林縣,10009200,水林鄉,652,10009200003,海埔村,250,920,3,A,TPE,NULL,NULL
雲林縣水林鄉土厝村,10009,雲林縣,10009200,水林鄉,652,10009200004,土厝村,250,920,4,A,TPE,NULL,NULL
雲林縣水林鄉春埔村,10009,雲林縣,10009200,水林鄉,652,10009200005,春埔村,250,920,5,A,TPE,NULL,NULL
雲林縣水林鄉西井村,10009,雲林縣,10009200,水林鄉,652,10009200006,西井村,250,920,6,A,TPE,NULL,NULL
雲林縣水林鄉車港村,10009,雲林縣,10009200,水林鄉,652,10009200007,車港村,250,920,7,A,TPE,NULL,NULL
雲林縣水林鄉蘇秦村,10009,雲林縣,10009200,水林鄉,652,10009200008,蘇秦村,250,920,8,A,TPE,NULL,NULL
雲林縣水林鄉灣東村,10009,雲林縣,10009200,水林鄉,652,10009200009,灣東村,250,920,9,A,TPE,NULL,NULL
雲林縣水林鄉灣西村,10009,雲林縣,10009200,水林鄉,652,10009200010,灣西村,250,920,10,A,TPE,NULL,NULL
雲林縣水林鄉萬興村,10009,雲林縣,10009200,水林鄉,652,10009200011,萬興村,250,920,11,A,TPE,NULL,NULL
雲林縣水林鄉尖山村,10009,雲林縣,10009200,水林鄉,652,10009200012,尖山村,250,920,12,A,TPE,NULL,NULL
雲林縣水林鄉大山村,10009,雲林縣,10009200,水林鄉,652,10009200013,大山村,250,920,13,A,TPE,NULL,NULL
雲林縣水林鄉大溝村,10009,雲林縣,10009200,水林鄉,652,10009200014,大溝村,250,920,14,A,TPE,NULL,NULL
雲林縣水林鄉順興村,10009,雲林縣,10009200,水林鄉,652,10009200015,順興村,250,920,15,A,TPE,NULL,NULL
雲林縣水林鄉蕃薯村,10009,雲林縣,10009200,水林鄉,652,10009200016,蕃薯村,250,920,16,A,TPE,NULL,NULL
雲林縣水林鄉山腳村,10009,雲林縣,10009200,水林鄉,652,10009200017,山腳村,250,920,17,A,TPE,NULL,NULL
雲林縣水林鄉松北村,10009,雲林縣,10009200,水林鄉,652,10009200018,松北村,250,920,18,A,TPE,NULL,NULL
雲林縣水林鄉松中村,10009,雲林縣,10009200,水林鄉,652,10009200019,松中村,250,920,19,A,TPE,NULL,NULL
雲林縣水林鄉松西村,10009,雲林縣,10009200,水林鄉,652,10009200020,松西村,250,920,20,A,TPE,NULL,NULL
雲林縣水林鄉𣐤埔村,10009,雲林縣,10009200,水林鄉,652,10009200021,𣐤埔村,250,920,21,A,TPE,NULL,NULL
雲林縣水林鄉塭底村,10009,雲林縣,10009200,水林鄉,652,10009200022,塭底村,250,920,22,A,TPE,NULL,NULL
雲林縣水林鄉後寮村,10009,雲林縣,10009200,水林鄉,652,10009200023,後寮村,250,920,23,A,TPE,NULL,NULL
雲林縣水林鄉溪墘村,10009,雲林縣,10009200,水林鄉,652,10009200024,溪墘村,250,920,24,A,TPE,NULL,NULL
嘉義市東區荖藤里,10020,嘉義市,10020010,東區,600,10020010001,荖藤里,255,1,1,I,CYI,NULL,NULL
嘉義市東區後湖里,10020,嘉義市,10020010,東區,600,10020010002,後湖里,255,1,2,I,CYI,NULL,NULL
嘉義市東區仁義里,10020,嘉義市,10020010,東區,600,10020010003,仁義里,255,1,3,I,CYI,NULL,NULL
嘉義市東區中庄里,10020,嘉義市,10020010,東區,600,10020010004,中庄里,255,1,4,I,CYI,NULL,NULL
嘉義市東區頂庄里,10020,嘉義市,10020010,東區,600,10020010005,頂庄里,255,1,5,I,CYI,NULL,NULL
嘉義市東區圳頭里,10020,嘉義市,10020010,東區,600,10020010034,圳頭里,255,1,34,I,CYI,NULL,NULL
嘉義市東區新店里,10020,嘉義市,10020010,東區,600,10020010035,新店里,255,1,35,I,CYI,NULL,NULL
嘉義市東區後庄里,10020,嘉義市,10020010,東區,600,10020010036,後庄里,255,1,36,I,CYI,NULL,NULL
嘉義市東區王田里,10020,嘉義市,10020010,東區,600,10020010037,王田里,255,1,37,I,CYI,NULL,NULL
嘉義市東區東川里,10020,嘉義市,10020010,東區,600,10020010038,東川里,255,1,38,I,CYI,NULL,NULL
嘉義市東區太平里,10020,嘉義市,10020010,東區,600,10020010039,太平里,255,1,39,I,CYI,NULL,NULL
嘉義市東區盧厝里,10020,嘉義市,10020010,東區,600,10020010041,盧厝里,255,1,41,I,CYI,NULL,NULL
嘉義市東區鹿寮里,10020,嘉義市,10020010,東區,600,10020010042,鹿寮里,255,1,42,I,CYI,NULL,NULL
嘉義市東區長竹里,10020,嘉義市,10020010,東區,600,10020010043,長竹里,255,1,43,I,CYI,NULL,NULL
嘉義市東區短竹里,10020,嘉義市,10020010,東區,600,10020010044,短竹里,255,1,44,I,CYI,NULL,NULL
嘉義市東區新開里,10020,嘉義市,10020010,東區,600,10020010045,新開里,255,1,45,I,CYI,NULL,NULL
嘉義市東區宣信里,10020,嘉義市,10020010,東區,600,10020010046,宣信里,255,1,46,I,CYI,NULL,NULL
嘉義市東區興南里,10020,嘉義市,10020010,東區,600,10020010047,興南里,255,1,47,I,CYI,NULL,NULL
嘉義市東區豐年里,10020,嘉義市,10020010,東區,600,10020010048,豐年里,255,1,48,I,CYI,NULL,NULL
嘉義市東區芳草里,10020,嘉義市,10020010,東區,600,10020010049,芳草里,255,1,49,I,CYI,NULL,NULL
嘉義市東區芳安里,10020,嘉義市,10020010,東區,600,10020010050,芳安里,255,1,50,I,CYI,NULL,NULL
嘉義市東區頂寮里,10020,嘉義市,10020010,東區,600,10020010051,頂寮里,255,1,51,I,CYI,NULL,NULL
嘉義市東區安寮里,10020,嘉義市,10020010,東區,600,10020010052,安寮里,255,1,52,I,CYI,NULL,NULL
嘉義市東區興安里,10020,嘉義市,10020010,東區,600,10020010053,興安里,255,1,53,I,CYI,NULL,NULL
嘉義市東區興村里,10020,嘉義市,10020010,東區,600,10020010054,興村里,255,1,54,I,CYI,NULL,NULL
嘉義市東區興仁里,10020,嘉義市,10020010,東區,600,10020010055,興仁里,255,1,55,I,CYI,NULL,NULL
嘉義市東區過溝里,10020,嘉義市,10020010,東區,600,10020010056,過溝里,255,1,56,I,CYI,NULL,NULL
嘉義市東區民族里,10020,嘉義市,10020010,東區,600,10020010057,民族里,255,1,57,I,CYI,NULL,NULL
嘉義市東區朝陽里,10020,嘉義市,10020010,東區,600,10020010058,朝陽里,255,1,58,I,CYI,NULL,NULL
嘉義市東區華南里,10020,嘉義市,10020010,東區,600,10020010059,華南里,255,1,59,I,CYI,NULL,NULL
嘉義市東區東興里,10020,嘉義市,10020010,東區,600,10020010060,東興里,255,1,60,I,CYI,NULL,NULL
嘉義市東區中山里,10020,嘉義市,10020010,東區,600,10020010061,中山里,255,1,61,I,CYI,NULL,NULL
嘉義市東區中央里,10020,嘉義市,10020010,東區,600,10020010062,中央里,255,1,62,I,CYI,NULL,NULL
嘉義市東區林森里,10020,嘉義市,10020010,東區,600,10020010063,林森里,255,1,63,I,CYI,NULL,NULL
嘉義市東區北門里,10020,嘉義市,10020010,東區,600,10020010064,北門里,255,1,64,I,CYI,NULL,NULL
嘉義市東區蘭潭里,10020,嘉義市,10020010,東區,600,10020010065,蘭潭里,255,1,65,I,CYI,NULL,NULL
嘉義市東區文雅里,10020,嘉義市,10020010,東區,600,10020010066,文雅里,255,1,66,I,CYI,NULL,NULL
嘉義市東區安業里,10020,嘉義市,10020010,東區,600,10020010067,安業里,255,1,67,I,CYI,NULL,NULL
嘉義市東區義教里,10020,嘉義市,10020010,東區,600,10020010068,義教里,255,1,68,I,CYI,NULL,NULL
嘉義市西區香湖里,10020,嘉義市,10020020,西區,600,10020020001,香湖里,255,2,1,I,CYI,NULL,NULL
嘉義市西區湖邊里,10020,嘉義市,10020020,西區,600,10020020002,湖邊里,255,2,2,I,CYI,NULL,NULL
嘉義市西區北榮里,10020,嘉義市,10020020,西區,600,10020020003,北榮里,255,2,3,I,CYI,NULL,NULL
嘉義市西區重興里,10020,嘉義市,10020020,西區,600,10020020005,重興里,255,2,5,I,CYI,NULL,NULL
嘉義市西區竹圍里,10020,嘉義市,10020020,西區,600,10020020009,竹圍里,255,2,9,I,CYI,NULL,NULL
嘉義市西區新厝里,10020,嘉義市,10020020,西區,600,10020020010,新厝里,255,2,10,I,CYI,NULL,NULL
嘉義市西區保安里,10020,嘉義市,10020020,西區,600,10020020011,保安里,255,2,11,I,CYI,NULL,NULL
嘉義市西區北湖里,10020,嘉義市,10020020,西區,600,10020020012,北湖里,255,2,12,I,CYI,NULL,NULL
嘉義市西區下埤里,10020,嘉義市,10020020,西區,600,10020020013,下埤里,255,2,13,I,CYI,NULL,NULL
嘉義市西區竹村里,10020,嘉義市,10020020,西區,600,10020020014,竹村里,255,2,14,I,CYI,NULL,NULL
嘉義市西區大溪里,10020,嘉義市,10020020,西區,600,10020020015,大溪里,255,2,15,I,CYI,NULL,NULL
嘉義市西區福全里,10020,嘉義市,10020020,西區,600,10020020016,福全里,255,2,16,I,CYI,NULL,NULL
嘉義市西區西平里,10020,嘉義市,10020020,西區,600,10020020017,西平里,255,2,17,I,CYI,NULL,NULL
嘉義市西區磚󿾨里,10020,嘉義市,10020020,西區,600,10020020018,磚󿾨里,255,2,18,I,CYI,NULL,NULL
嘉義市西區港坪里,10020,嘉義市,10020020,西區,600,10020020019,港坪里,255,2,19,I,CYI,NULL,NULL
嘉義市西區頭港里,10020,嘉義市,10020020,西區,600,10020020020,頭港里,255,2,20,I,CYI,NULL,NULL
嘉義市西區劉厝里,10020,嘉義市,10020020,西區,600,10020020021,劉厝里,255,2,21,I,CYI,NULL,NULL
嘉義市西區新西里,10020,嘉義市,10020020,西區,600,10020020022,新西里,255,2,22,I,CYI,NULL,NULL
嘉義市西區書院里,10020,嘉義市,10020020,西區,600,10020020031,書院里,255,2,31,I,CYI,NULL,NULL
嘉義市西區培元里,10020,嘉義市,10020020,西區,600,10020020045,培元里,255,2,45,I,CYI,NULL,NULL
嘉義市西區垂楊里,10020,嘉義市,10020020,西區,600,10020020046,垂楊里,255,2,46,I,CYI,NULL,NULL
嘉義市西區車店里,10020,嘉義市,10020020,西區,600,10020020047,車店里,255,2,47,I,CYI,NULL,NULL
嘉義市西區福民里,10020,嘉義市,10020020,西區,600,10020020048,福民里,255,2,48,I,CYI,NULL,NULL
嘉義市西區湖內里,10020,嘉義市,10020020,西區,600,10020020049,湖內里,255,2,49,I,CYI,NULL,NULL
嘉義市西區美源里,10020,嘉義市,10020020,西區,600,10020020050,美源里,255,2,50,I,CYI,NULL,NULL
嘉義市西區育英里,10020,嘉義市,10020020,西區,600,10020020051,育英里,255,2,51,I,CYI,NULL,NULL
嘉義市西區致遠里,10020,嘉義市,10020020,西區,600,10020020052,致遠里,255,2,52,I,CYI,NULL,NULL
嘉義市西區光路里,10020,嘉義市,10020020,西區,600,10020020053,光路里,255,2,53,I,CYI,NULL,NULL
嘉義市西區翠岱里,10020,嘉義市,10020020,西區,600,10020020054,翠岱里,255,2,54,I,CYI,NULL,NULL
嘉義市西區自強里,10020,嘉義市,10020020,西區,600,10020020055,自強里,255,2,55,I,CYI,NULL,NULL
嘉義市西區永和里,10020,嘉義市,10020020,西區,600,10020020056,永和里,255,2,56,I,CYI,NULL,NULL
嘉義市西區新富里,10020,嘉義市,10020020,西區,600,10020020057,新富里,255,2,57,I,CYI,NULL,NULL
嘉義市西區文化里,10020,嘉義市,10020020,西區,600,10020020058,文化里,255,2,58,I,CYI,NULL,NULL
嘉義市西區西榮里,10020,嘉義市,10020020,西區,600,10020020059,西榮里,255,2,59,I,CYI,NULL,NULL
嘉義市西區國華里,10020,嘉義市,10020020,西區,600,10020020060,國華里,255,2,60,I,CYI,NULL,NULL
嘉義市西區番社里,10020,嘉義市,10020020,西區,600,10020020061,番社里,255,2,61,I,CYI,NULL,NULL
嘉義市西區導明里,10020,嘉義市,10020020,西區,600,10020020062,導明里,255,2,62,I,CYI,NULL,NULL
嘉義市西區慶安里,10020,嘉義市,10020020,西區,600,10020020063,慶安里,255,2,63,I,CYI,NULL,NULL
嘉義市西區後驛里,10020,嘉義市,10020020,西區,600,10020020064,後驛里,255,2,64,I,CYI,NULL,NULL
嘉義市西區福安里,10020,嘉義市,10020020,西區,600,10020020065,福安里,255,2,65,I,CYI,NULL,NULL
嘉義市西區獅子里,10020,嘉義市,10020020,西區,600,10020020066,獅子里,255,2,66,I,CYI,NULL,NULL
嘉義市西區紅瓦里,10020,嘉義市,10020020,西區,600,10020020067,紅瓦里,255,2,67,I,CYI,NULL,NULL
嘉義市西區保福里,10020,嘉義市,10020020,西區,600,10020020068,保福里,255,2,68,I,CYI,NULL,NULL
嘉義市西區保生里,10020,嘉義市,10020020,西區,600,10020020069,保生里,255,2,69,I,CYI,NULL,NULL
嘉義市西區北新里,10020,嘉義市,10020020,西區,600,10020020070,北新里,255,2,70,I,CYI,NULL,NULL
嘉義縣太保市太保里,10010,嘉義縣,10010010,太保市,612,10010010001,太保里,260,1,1,P,YUN,NULL,NULL
嘉義縣太保市後庄里,10010,嘉義縣,10010010,太保市,612,10010010002,後庄里,260,1,2,P,YUN,NULL,NULL
嘉義縣太保市前潭里,10010,嘉義縣,10010010,太保市,612,10010010003,前潭里,260,1,3,P,YUN,NULL,NULL
嘉義縣太保市後潭里,10010,嘉義縣,10010010,太保市,612,10010010004,後潭里,260,1,4,P,YUN,NULL,NULL
嘉義縣太保市梅埔里,10010,嘉義縣,10010010,太保市,612,10010010005,梅埔里,260,1,5,P,YUN,NULL,NULL
嘉義縣太保市春珠里,10010,嘉義縣,10010010,太保市,612,10010010006,春珠里,260,1,6,P,YUN,NULL,NULL
嘉義縣太保市崙頂里,10010,嘉義縣,10010010,太保市,612,10010010007,崙頂里,260,1,7,P,YUN,NULL,NULL
嘉義縣太保市東勢里,10010,嘉義縣,10010010,太保市,612,10010010008,東勢里,260,1,8,P,YUN,NULL,NULL
嘉義縣太保市新埤里,10010,嘉義縣,10010010,太保市,612,10010010009,新埤里,260,1,9,P,YUN,NULL,NULL
嘉義縣太保市舊埤里,10010,嘉義縣,10010010,太保市,612,10010010010,舊埤里,260,1,10,P,YUN,NULL,NULL
嘉義縣太保市田尾里,10010,嘉義縣,10010010,太保市,612,10010010011,田尾里,260,1,11,P,YUN,NULL,NULL
嘉義縣太保市港尾里,10010,嘉義縣,10010010,太保市,612,10010010012,港尾里,260,1,12,P,YUN,NULL,NULL
嘉義縣太保市過溝里,10010,嘉義縣,10010010,太保市,612,10010010013,過溝里,260,1,13,P,YUN,NULL,NULL
嘉義縣太保市麻寮里,10010,嘉義縣,10010010,太保市,612,10010010014,麻寮里,260,1,14,P,YUN,NULL,NULL
嘉義縣太保市南新里,10010,嘉義縣,10010010,太保市,612,10010010015,南新里,260,1,15,P,YUN,NULL,NULL
嘉義縣太保市北新里,10010,嘉義縣,10010010,太保市,612,10010010016,北新里,260,1,16,P,YUN,NULL,NULL
嘉義縣太保市埤鄉里,10010,嘉義縣,10010010,太保市,612,10010010017,埤鄉里,260,1,17,P,YUN,NULL,NULL
嘉義縣太保市安仁里,10010,嘉義縣,10010010,太保市,612,10010010018,安仁里,260,1,18,P,YUN,NULL,NULL
嘉義縣朴子市安福里,10010,嘉義縣,10010020,朴子市,613,10010020001,安福里,260,2,1,P,YUN,NULL,NULL
嘉義縣朴子市平和里,10010,嘉義縣,10010020,朴子市,613,10010020002,平和里,260,2,2,P,YUN,NULL,NULL
嘉義縣朴子市內厝里,10010,嘉義縣,10010020,朴子市,613,10010020003,內厝里,260,2,3,P,YUN,NULL,NULL
嘉義縣朴子市開元里,10010,嘉義縣,10010020,朴子市,613,10010020004,開元里,260,2,4,P,YUN,NULL,NULL
嘉義縣朴子市順天里,10010,嘉義縣,10010020,朴子市,613,10010020005,順天里,260,2,5,P,YUN,NULL,NULL
嘉義縣朴子市中正里,10010,嘉義縣,10010020,朴子市,613,10010020006,中正里,260,2,6,P,YUN,NULL,NULL
嘉義縣朴子市博厚里,10010,嘉義縣,10010020,朴子市,613,10010020007,博厚里,260,2,7,P,YUN,NULL,NULL
嘉義縣朴子市文化里,10010,嘉義縣,10010020,朴子市,613,10010020008,文化里,260,2,8,P,YUN,NULL,NULL
嘉義縣朴子市永和里,10010,嘉義縣,10010020,朴子市,613,10010020009,永和里,260,2,9,P,YUN,NULL,NULL
嘉義縣朴子市竹圍里,10010,嘉義縣,10010020,朴子市,613,10010020010,竹圍里,260,2,10,P,YUN,NULL,NULL
嘉義縣朴子市新寮里,10010,嘉義縣,10010020,朴子市,613,10010020011,新寮里,260,2,11,P,YUN,NULL,NULL
嘉義縣朴子市双溪里,10010,嘉義縣,10010020,朴子市,613,10010020012,双溪里,260,2,12,P,YUN,NULL,NULL
嘉義縣朴子市溪口里,10010,嘉義縣,10010020,朴子市,613,10010020013,溪口里,260,2,13,P,YUN,NULL,NULL
嘉義縣朴子市德興里,10010,嘉義縣,10010020,朴子市,613,10010020014,德興里,260,2,14,P,YUN,NULL,NULL
嘉義縣朴子市仁和里,10010,嘉義縣,10010020,朴子市,613,10010020015,仁和里,260,2,15,P,YUN,NULL,NULL
嘉義縣朴子市大鄉里,10010,嘉義縣,10010020,朴子市,613,10010020016,大鄉里,260,2,16,P,YUN,NULL,NULL
嘉義縣朴子市大葛里,10010,嘉義縣,10010020,朴子市,613,10010020017,大葛里,260,2,17,P,YUN,NULL,NULL
嘉義縣朴子市佳禾里,10010,嘉義縣,10010020,朴子市,613,10010020018,佳禾里,260,2,18,P,YUN,NULL,NULL
嘉義縣朴子市竹村里,10010,嘉義縣,10010020,朴子市,613,10010020019,竹村里,260,2,19,P,YUN,NULL,NULL
嘉義縣朴子市崁前里,10010,嘉義縣,10010020,朴子市,613,10010020020,崁前里,260,2,20,P,YUN,NULL,NULL
嘉義縣朴子市順安里,10010,嘉義縣,10010020,朴子市,613,10010020021,順安里,260,2,21,P,YUN,NULL,NULL
嘉義縣朴子市崁後里,10010,嘉義縣,10010020,朴子市,613,10010020022,崁後里,260,2,22,P,YUN,NULL,NULL
嘉義縣朴子市德家里,10010,嘉義縣,10010020,朴子市,613,10010020023,德家里,260,2,23,P,YUN,NULL,NULL
嘉義縣朴子市新庄里,10010,嘉義縣,10010020,朴子市,613,10010020024,新庄里,260,2,24,P,YUN,NULL,NULL
嘉義縣朴子市梅華里,10010,嘉義縣,10010020,朴子市,613,10010020025,梅華里,260,2,25,P,YUN,NULL,NULL
嘉義縣朴子市松華里,10010,嘉義縣,10010020,朴子市,613,10010020026,松華里,260,2,26,P,YUN,NULL,NULL
嘉義縣朴子市南竹里,10010,嘉義縣,10010020,朴子市,613,10010020027,南竹里,260,2,27,P,YUN,NULL,NULL
嘉義縣布袋鎮岱江里,10010,嘉義縣,10010030,布袋鎮,625,10010030001,岱江里,260,3,1,P,YUN,NULL,NULL
嘉義縣布袋鎮九龍里,10010,嘉義縣,10010030,布袋鎮,625,10010030002,九龍里,260,3,2,P,YUN,NULL,NULL
嘉義縣布袋鎮岑海里,10010,嘉義縣,10010030,布袋鎮,625,10010030003,岑海里,260,3,3,P,YUN,NULL,NULL
嘉義縣布袋鎮興中里,10010,嘉義縣,10010030,布袋鎮,625,10010030004,興中里,260,3,4,P,YUN,NULL,NULL
嘉義縣布袋鎮光復里,10010,嘉義縣,10010030,布袋鎮,625,10010030005,光復里,260,3,5,P,YUN,NULL,NULL
嘉義縣布袋鎮見龍里,10010,嘉義縣,10010030,布袋鎮,625,10010030006,見龍里,260,3,6,P,YUN,NULL,NULL
嘉義縣布袋鎮新厝里,10010,嘉義縣,10010030,布袋鎮,625,10010030007,新厝里,260,3,7,P,YUN,NULL,NULL
嘉義縣布袋鎮龍江里,10010,嘉義縣,10010030,布袋鎮,625,10010030008,龍江里,260,3,8,P,YUN,NULL,NULL
嘉義縣布袋鎮新岑里,10010,嘉義縣,10010030,布袋鎮,625,10010030009,新岑里,260,3,9,P,YUN,NULL,NULL
嘉義縣布袋鎮新民里,10010,嘉義縣,10010030,布袋鎮,625,10010030010,新民里,260,3,10,P,YUN,NULL,NULL
嘉義縣布袋鎮復興里,10010,嘉義縣,10010030,布袋鎮,625,10010030011,復興里,260,3,11,P,YUN,NULL,NULL
嘉義縣布袋鎮好美里,10010,嘉義縣,10010030,布袋鎮,625,10010030012,好美里,260,3,12,P,YUN,NULL,NULL
嘉義縣布袋鎮永安里,10010,嘉義縣,10010030,布袋鎮,625,10010030013,永安里,260,3,13,P,YUN,NULL,NULL
嘉義縣布袋鎮東港里,10010,嘉義縣,10010030,布袋鎮,625,10010030014,東港里,260,3,14,P,YUN,NULL,NULL
嘉義縣布袋鎮江山里,10010,嘉義縣,10010030,布袋鎮,625,10010030015,江山里,260,3,15,P,YUN,NULL,NULL
嘉義縣布袋鎮菜舖里,10010,嘉義縣,10010030,布袋鎮,625,10010030016,菜舖里,260,3,16,P,YUN,NULL,NULL
嘉義縣布袋鎮考試里,10010,嘉義縣,10010030,布袋鎮,625,10010030017,考試里,260,3,17,P,YUN,NULL,NULL
嘉義縣布袋鎮振寮里,10010,嘉義縣,10010030,布袋鎮,625,10010030018,振寮里,260,3,18,P,YUN,NULL,NULL
嘉義縣布袋鎮西安里,10010,嘉義縣,10010030,布袋鎮,625,10010030019,西安里,260,3,19,P,YUN,NULL,NULL
嘉義縣布袋鎮東安里,10010,嘉義縣,10010030,布袋鎮,625,10010030020,東安里,260,3,20,P,YUN,NULL,NULL
嘉義縣布袋鎮中安里,10010,嘉義縣,10010030,布袋鎮,625,10010030021,中安里,260,3,21,P,YUN,NULL,NULL
嘉義縣布袋鎮樹林里,10010,嘉義縣,10010030,布袋鎮,625,10010030022,樹林里,260,3,22,P,YUN,NULL,NULL
嘉義縣布袋鎮貴舍里,10010,嘉義縣,10010030,布袋鎮,625,10010030023,貴舍里,260,3,23,P,YUN,NULL,NULL
嘉義縣大林鎮東林里,10010,嘉義縣,10010040,大林鎮,622,10010040001,東林里,260,4,1,P,YUN,NULL,NULL
嘉義縣大林鎮西林里,10010,嘉義縣,10010040,大林鎮,622,10010040002,西林里,260,4,2,P,YUN,NULL,NULL
嘉義縣大林鎮吉林里,10010,嘉義縣,10010040,大林鎮,622,10010040003,吉林里,260,4,3,P,YUN,NULL,NULL
嘉義縣大林鎮平林里,10010,嘉義縣,10010040,大林鎮,622,10010040004,平林里,260,4,4,P,YUN,NULL,NULL
嘉義縣大林鎮明華里,10010,嘉義縣,10010040,大林鎮,622,10010040005,明華里,260,4,5,P,YUN,NULL,NULL
嘉義縣大林鎮明和里,10010,嘉義縣,10010040,大林鎮,622,10010040006,明和里,260,4,6,P,YUN,NULL,NULL
嘉義縣大林鎮排路里,10010,嘉義縣,10010040,大林鎮,622,10010040007,排路里,260,4,7,P,YUN,NULL,NULL
嘉義縣大林鎮西結里,10010,嘉義縣,10010040,大林鎮,622,10010040008,西結里,260,4,8,P,YUN,NULL,NULL
嘉義縣大林鎮湖北里,10010,嘉義縣,10010040,大林鎮,622,10010040009,湖北里,260,4,9,P,YUN,NULL,NULL
嘉義縣大林鎮大糖里,10010,嘉義縣,10010040,大林鎮,622,10010040010,大糖里,260,4,10,P,YUN,NULL,NULL
嘉義縣大林鎮大美里,10010,嘉義縣,10010040,大林鎮,622,10010040011,大美里,260,4,11,P,YUN,NULL,NULL
嘉義縣大林鎮過溪里,10010,嘉義縣,10010040,大林鎮,622,10010040012,過溪里,260,4,12,P,YUN,NULL,NULL
嘉義縣大林鎮中坑里,10010,嘉義縣,10010040,大林鎮,622,10010040013,中坑里,260,4,13,P,YUN,NULL,NULL
嘉義縣大林鎮上林里,10010,嘉義縣,10010040,大林鎮,622,10010040014,上林里,260,4,14,P,YUN,NULL,NULL
嘉義縣大林鎮中林里,10010,嘉義縣,10010040,大林鎮,622,10010040015,中林里,260,4,15,P,YUN,NULL,NULL
嘉義縣大林鎮三和里,10010,嘉義縣,10010040,大林鎮,622,10010040016,三和里,260,4,16,P,YUN,NULL,NULL
嘉義縣大林鎮溝背里,10010,嘉義縣,10010040,大林鎮,622,10010040017,溝背里,260,4,17,P,YUN,NULL,NULL
嘉義縣大林鎮義和里,10010,嘉義縣,10010040,大林鎮,622,10010040018,義和里,260,4,18,P,YUN,NULL,NULL
嘉義縣大林鎮內林里,10010,嘉義縣,10010040,大林鎮,622,10010040019,內林里,260,4,19,P,YUN,NULL,NULL
嘉義縣大林鎮三角里,10010,嘉義縣,10010040,大林鎮,622,10010040020,三角里,260,4,20,P,YUN,NULL,NULL
嘉義縣大林鎮三村里,10010,嘉義縣,10010040,大林鎮,622,10010040021,三村里,260,4,21,P,YUN,NULL,NULL
嘉義縣民雄鄉東榮村,10010,嘉義縣,10010050,民雄鄉,621,10010050001,東榮村,260,5,1,P,YUN,NULL,NULL
嘉義縣民雄鄉中樂村,10010,嘉義縣,10010050,民雄鄉,621,10010050002,中樂村,260,5,2,P,YUN,NULL,NULL
嘉義縣民雄鄉西安村,10010,嘉義縣,10010050,民雄鄉,621,10010050003,西安村,260,5,3,P,YUN,NULL,NULL
嘉義縣民雄鄉寮頂村,10010,嘉義縣,10010050,民雄鄉,621,10010050004,寮頂村,260,5,4,P,YUN,NULL,NULL
嘉義縣民雄鄉福權村,10010,嘉義縣,10010050,民雄鄉,621,10010050005,福權村,260,5,5,P,YUN,NULL,NULL
嘉義縣民雄鄉東湖村,10010,嘉義縣,10010050,民雄鄉,621,10010050006,東湖村,260,5,6,P,YUN,NULL,NULL
嘉義縣民雄鄉頂崙村,10010,嘉義縣,10010050,民雄鄉,621,10010050007,頂崙村,260,5,7,P,YUN,NULL,NULL
嘉義縣民雄鄉菁埔村,10010,嘉義縣,10010050,民雄鄉,621,10010050008,菁埔村,260,5,8,P,YUN,NULL,NULL
嘉義縣民雄鄉中和村,10010,嘉義縣,10010050,民雄鄉,621,10010050009,中和村,260,5,9,P,YUN,NULL,NULL
嘉義縣民雄鄉平和村,10010,嘉義縣,10010050,民雄鄉,621,10010050010,平和村,260,5,10,P,YUN,NULL,NULL
嘉義縣民雄鄉西昌村,10010,嘉義縣,10010050,民雄鄉,621,10010050011,西昌村,260,5,11,P,YUN,NULL,NULL
嘉義縣民雄鄉豊收村,10010,嘉義縣,10010050,民雄鄉,621,10010050012,豊收村,260,5,12,P,YUN,NULL,NULL
嘉義縣民雄鄉三興村,10010,嘉義縣,10010050,民雄鄉,621,10010050013,三興村,260,5,13,P,YUN,NULL,NULL
嘉義縣民雄鄉東興村,10010,嘉義縣,10010050,民雄鄉,621,10010050014,東興村,260,5,14,P,YUN,NULL,NULL
嘉義縣民雄鄉鎮北村,10010,嘉義縣,10010050,民雄鄉,621,10010050015,鎮北村,260,5,15,P,YUN,NULL,NULL
嘉義縣民雄鄉興中村,10010,嘉義縣,10010050,民雄鄉,621,10010050016,興中村,260,5,16,P,YUN,NULL,NULL
嘉義縣民雄鄉興南村,10010,嘉義縣,10010050,民雄鄉,621,10010050017,興南村,260,5,17,P,YUN,NULL,NULL
嘉義縣民雄鄉福興村,10010,嘉義縣,10010050,民雄鄉,621,10010050018,福興村,260,5,18,P,YUN,NULL,NULL
嘉義縣民雄鄉文隆村,10010,嘉義縣,10010050,民雄鄉,621,10010050019,文隆村,260,5,19,P,YUN,NULL,NULL
嘉義縣民雄鄉山中村,10010,嘉義縣,10010050,民雄鄉,621,10010050020,山中村,260,5,20,P,YUN,NULL,NULL
嘉義縣民雄鄉中央村,10010,嘉義縣,10010050,民雄鄉,621,10010050021,中央村,260,5,21,P,YUN,NULL,NULL
嘉義縣民雄鄉北斗村,10010,嘉義縣,10010050,民雄鄉,621,10010050022,北斗村,260,5,22,P,YUN,NULL,NULL
嘉義縣民雄鄉双福村,10010,嘉義縣,10010050,民雄鄉,621,10010050023,双福村,260,5,23,P,YUN,NULL,NULL
嘉義縣民雄鄉大崎村,10010,嘉義縣,10010050,民雄鄉,621,10010050024,大崎村,260,5,24,P,YUN,NULL,NULL
嘉義縣民雄鄉秀林村,10010,嘉義縣,10010050,民雄鄉,621,10010050025,秀林村,260,5,25,P,YUN,NULL,NULL
嘉義縣民雄鄉松山村,10010,嘉義縣,10010050,民雄鄉,621,10010050026,松山村,260,5,26,P,YUN,NULL,NULL
嘉義縣民雄鄉金興村,10010,嘉義縣,10010050,民雄鄉,621,10010050027,金興村,260,5,27,P,YUN,NULL,NULL
嘉義縣民雄鄉福樂村,10010,嘉義縣,10010050,民雄鄉,621,10010050028,福樂村,260,5,28,P,YUN,NULL,NULL
嘉義縣民雄鄉新山村,10010,嘉義縣,10010050,民雄鄉,621,10010050029,新山村,260,5,29,P,YUN,NULL,NULL
嘉義縣溪口鄉溪東村,10010,嘉義縣,10010060,溪口鄉,623,10010060001,溪東村,260,6,1,P,YUN,NULL,NULL
嘉義縣溪口鄉溪西村,10010,嘉義縣,10010060,溪口鄉,623,10010060002,溪西村,260,6,2,P,YUN,NULL,NULL
嘉義縣溪口鄉溪北村,10010,嘉義縣,10010060,溪口鄉,623,10010060003,溪北村,260,6,3,P,YUN,NULL,NULL
嘉義縣溪口鄉游東村,10010,嘉義縣,10010060,溪口鄉,623,10010060004,游東村,260,6,4,P,YUN,NULL,NULL
嘉義縣溪口鄉游西村,10010,嘉義縣,10010060,溪口鄉,623,10010060005,游西村,260,6,5,P,YUN,NULL,NULL
嘉義縣溪口鄉柴林村,10010,嘉義縣,10010060,溪口鄉,623,10010060006,柴林村,260,6,6,P,YUN,NULL,NULL
嘉義縣溪口鄉林腳村,10010,嘉義縣,10010060,溪口鄉,623,10010060007,林腳村,260,6,7,P,YUN,NULL,NULL
嘉義縣溪口鄉美南村,10010,嘉義縣,10010060,溪口鄉,623,10010060008,美南村,260,6,8,P,YUN,NULL,NULL
嘉義縣溪口鄉美北村,10010,嘉義縣,10010060,溪口鄉,623,10010060009,美北村,260,6,9,P,YUN,NULL,NULL
嘉義縣溪口鄉本厝村,10010,嘉義縣,10010060,溪口鄉,623,10010060010,本厝村,260,6,10,P,YUN,NULL,NULL
嘉義縣溪口鄉柳溝村,10010,嘉義縣,10010060,溪口鄉,623,10010060011,柳溝村,260,6,11,P,YUN,NULL,NULL
嘉義縣溪口鄉疊溪村,10010,嘉義縣,10010060,溪口鄉,623,10010060012,疊溪村,260,6,12,P,YUN,NULL,NULL
嘉義縣溪口鄉妙崙村,10010,嘉義縣,10010060,溪口鄉,623,10010060013,妙崙村,260,6,13,P,YUN,NULL,NULL
嘉義縣溪口鄉坪頂村,10010,嘉義縣,10010060,溪口鄉,623,10010060014,坪頂村,260,6,14,P,YUN,NULL,NULL
嘉義縣新港鄉宮前村,10010,嘉義縣,10010070,新港鄉,616,10010070001,宮前村,260,7,1,P,YUN,NULL,NULL
嘉義縣新港鄉宮後村,10010,嘉義縣,10010070,新港鄉,616,10010070002,宮後村,260,7,2,P,YUN,NULL,NULL
嘉義縣新港鄉大興村,10010,嘉義縣,10010070,新港鄉,616,10010070003,大興村,260,7,3,P,YUN,NULL,NULL
嘉義縣新港鄉福德村,10010,嘉義縣,10010070,新港鄉,616,10010070004,福德村,260,7,4,P,YUN,NULL,NULL
嘉義縣新港鄉古民村,10010,嘉義縣,10010070,新港鄉,616,10010070005,古民村,260,7,5,P,YUN,NULL,NULL
嘉義縣新港鄉中庄村,10010,嘉義縣,10010070,新港鄉,616,10010070006,中庄村,260,7,6,P,YUN,NULL,NULL
嘉義縣新港鄉大潭村,10010,嘉義縣,10010070,新港鄉,616,10010070007,大潭村,260,7,7,P,YUN,NULL,NULL
嘉義縣新港鄉西庄村,10010,嘉義縣,10010070,新港鄉,616,10010070008,西庄村,260,7,8,P,YUN,NULL,NULL
嘉義縣新港鄉埤子村,10010,嘉義縣,10010070,新港鄉,616,10010070009,埤子村,260,7,9,P,YUN,NULL,NULL
嘉義縣新港鄉南崙村,10010,嘉義縣,10010070,新港鄉,616,10010070010,南崙村,260,7,10,P,YUN,NULL,NULL
嘉義縣新港鄉北崙村,10010,嘉義縣,10010070,新港鄉,616,10010070011,北崙村,260,7,11,P,YUN,NULL,NULL
嘉義縣新港鄉海瀛村,10010,嘉義縣,10010070,新港鄉,616,10010070012,海瀛村,260,7,12,P,YUN,NULL,NULL
嘉義縣新港鄉月眉村,10010,嘉義縣,10010070,新港鄉,616,10010070013,月眉村,260,7,13,P,YUN,NULL,NULL
嘉義縣新港鄉月潭村,10010,嘉義縣,10010070,新港鄉,616,10010070014,月潭村,260,7,14,P,YUN,NULL,NULL
嘉義縣新港鄉溪北村,10010,嘉義縣,10010070,新港鄉,616,10010070015,溪北村,260,7,15,P,YUN,NULL,NULL
嘉義縣新港鄉三間村,10010,嘉義縣,10010070,新港鄉,616,10010070016,三間村,260,7,16,P,YUN,NULL,NULL
嘉義縣新港鄉中洋村,10010,嘉義縣,10010070,新港鄉,616,10010070017,中洋村,260,7,17,P,YUN,NULL,NULL
嘉義縣新港鄉菜公村,10010,嘉義縣,10010070,新港鄉,616,10010070018,菜公村,260,7,18,P,YUN,NULL,NULL
嘉義縣新港鄉安和村,10010,嘉義縣,10010070,新港鄉,616,10010070019,安和村,260,7,19,P,YUN,NULL,NULL
嘉義縣新港鄉潭大村,10010,嘉義縣,10010070,新港鄉,616,10010070020,潭大村,260,7,20,P,YUN,NULL,NULL
嘉義縣新港鄉南港村,10010,嘉義縣,10010070,新港鄉,616,10010070021,南港村,260,7,21,P,YUN,NULL,NULL
嘉義縣新港鄉板頭村,10010,嘉義縣,10010070,新港鄉,616,10010070022,板頭村,260,7,22,P,YUN,NULL,NULL
嘉義縣新港鄉共和村,10010,嘉義縣,10010070,新港鄉,616,10010070023,共和村,260,7,23,P,YUN,NULL,NULL
嘉義縣六腳鄉蒜頭村,10010,嘉義縣,10010080,六腳鄉,615,10010080001,蒜頭村,260,8,1,P,YUN,NULL,NULL
嘉義縣六腳鄉蒜東村,10010,嘉義縣,10010080,六腳鄉,615,10010080002,蒜東村,260,8,2,P,YUN,NULL,NULL
嘉義縣六腳鄉蒜南村,10010,嘉義縣,10010080,六腳鄉,615,10010080003,蒜南村,260,8,3,P,YUN,NULL,NULL
嘉義縣六腳鄉工廠村,10010,嘉義縣,10010080,六腳鄉,615,10010080004,工廠村,260,8,4,P,YUN,NULL,NULL
嘉義縣六腳鄉灣南村,10010,嘉義縣,10010080,六腳鄉,615,10010080005,灣南村,260,8,5,P,YUN,NULL,NULL
嘉義縣六腳鄉灣北村,10010,嘉義縣,10010080,六腳鄉,615,10010080006,灣北村,260,8,6,P,YUN,NULL,NULL
嘉義縣六腳鄉雙涵村,10010,嘉義縣,10010080,六腳鄉,615,10010080007,雙涵村,260,8,7,P,YUN,NULL,NULL
嘉義縣六腳鄉塗師村,10010,嘉義縣,10010080,六腳鄉,615,10010080008,塗師村,260,8,8,P,YUN,NULL,NULL
嘉義縣六腳鄉三義村,10010,嘉義縣,10010080,六腳鄉,615,10010080009,三義村,260,8,9,P,YUN,NULL,NULL
嘉義縣六腳鄉港美村,10010,嘉義縣,10010080,六腳鄉,615,10010080010,港美村,260,8,10,P,YUN,NULL,NULL
嘉義縣六腳鄉豐美村,10010,嘉義縣,10010080,六腳鄉,615,10010080011,豐美村,260,8,11,P,YUN,NULL,NULL
嘉義縣六腳鄉六斗村,10010,嘉義縣,10010080,六腳鄉,615,10010080012,六斗村,260,8,12,P,YUN,NULL,NULL
嘉義縣六腳鄉崙陽村,10010,嘉義縣,10010080,六腳鄉,615,10010080013,崙陽村,260,8,13,P,YUN,NULL,NULL
嘉義縣六腳鄉蘇厝村,10010,嘉義縣,10010080,六腳鄉,615,10010080014,蘇厝村,260,8,14,P,YUN,NULL,NULL
嘉義縣六腳鄉竹本村,10010,嘉義縣,10010080,六腳鄉,615,10010080015,竹本村,260,8,15,P,YUN,NULL,NULL
嘉義縣六腳鄉永賢村,10010,嘉義縣,10010080,六腳鄉,615,10010080016,永賢村,260,8,16,P,YUN,NULL,NULL
嘉義縣六腳鄉魚寮村,10010,嘉義縣,10010080,六腳鄉,615,10010080017,魚寮村,260,8,17,P,YUN,NULL,NULL
嘉義縣六腳鄉潭墘村,10010,嘉義縣,10010080,六腳鄉,615,10010080018,潭墘村,260,8,18,P,YUN,NULL,NULL
嘉義縣六腳鄉正義村,10010,嘉義縣,10010080,六腳鄉,615,10010080019,正義村,260,8,19,P,YUN,NULL,NULL
嘉義縣六腳鄉溪厝村,10010,嘉義縣,10010080,六腳鄉,615,10010080020,溪厝村,260,8,20,P,YUN,NULL,NULL
嘉義縣六腳鄉六腳村,10010,嘉義縣,10010080,六腳鄉,615,10010080021,六腳村,260,8,21,P,YUN,NULL,NULL
嘉義縣六腳鄉六南村,10010,嘉義縣,10010080,六腳鄉,615,10010080022,六南村,260,8,22,P,YUN,NULL,NULL
嘉義縣六腳鄉崩山村,10010,嘉義縣,10010080,六腳鄉,615,10010080023,崩山村,260,8,23,P,YUN,NULL,NULL
嘉義縣六腳鄉古林村,10010,嘉義縣,10010080,六腳鄉,615,10010080024,古林村,260,8,24,P,YUN,NULL,NULL
嘉義縣六腳鄉更寮村,10010,嘉義縣,10010080,六腳鄉,615,10010080025,更寮村,260,8,25,P,YUN,NULL,NULL
嘉義縣東石鄉東石村,10010,嘉義縣,10010090,東石鄉,614,10010090001,東石村,260,9,1,P,YUN,NULL,NULL
嘉義縣東石鄉猿樹村,10010,嘉義縣,10010090,東石鄉,614,10010090002,猿樹村,260,9,2,P,YUN,NULL,NULL
嘉義縣東石鄉型厝村,10010,嘉義縣,10010090,東石鄉,614,10010090003,型厝村,260,9,3,P,YUN,NULL,NULL
嘉義縣東石鄉塭港村,10010,嘉義縣,10010090,東石鄉,614,10010090004,塭港村,260,9,4,P,YUN,NULL,NULL
嘉義縣東石鄉三家村,10010,嘉義縣,10010090,東石鄉,614,10010090005,三家村,260,9,5,P,YUN,NULL,NULL
嘉義縣東石鄉永屯村,10010,嘉義縣,10010090,東石鄉,614,10010090006,永屯村,260,9,6,P,YUN,NULL,NULL
嘉義縣東石鄉海埔村,10010,嘉義縣,10010090,東石鄉,614,10010090007,海埔村,260,9,7,P,YUN,NULL,NULL
嘉義縣東石鄉龍港村,10010,嘉義縣,10010090,東石鄉,614,10010090008,龍港村,260,9,8,P,YUN,NULL,NULL
嘉義縣東石鄉副瀨村,10010,嘉義縣,10010090,東石鄉,614,10010090009,副瀨村,260,9,9,P,YUN,NULL,NULL
嘉義縣東石鄉下揖村,10010,嘉義縣,10010090,東石鄉,614,10010090010,下揖村,260,9,10,P,YUN,NULL,NULL
嘉義縣東石鄉頂揖村,10010,嘉義縣,10010090,東石鄉,614,10010090011,頂揖村,260,9,11,P,YUN,NULL,NULL
嘉義縣東石鄉溪下村,10010,嘉義縣,10010090,東石鄉,614,10010090012,溪下村,260,9,12,P,YUN,NULL,NULL
嘉義縣東石鄉港墘村,10010,嘉義縣,10010090,東石鄉,614,10010090013,港墘村,260,9,13,P,YUN,NULL,NULL
嘉義縣東石鄉蔦松村,10010,嘉義縣,10010090,東石鄉,614,10010090014,蔦松村,260,9,14,P,YUN,NULL,NULL
嘉義縣東石鄉圍潭村,10010,嘉義縣,10010090,東石鄉,614,10010090015,圍潭村,260,9,15,P,YUN,NULL,NULL
嘉義縣東石鄉洲仔村,10010,嘉義縣,10010090,東石鄉,614,10010090016,洲仔村,260,9,16,P,YUN,NULL,NULL
嘉義縣東石鄉東崙村,10010,嘉義縣,10010090,東石鄉,614,10010090017,東崙村,260,9,17,P,YUN,NULL,NULL
嘉義縣東石鄉西崙村,10010,嘉義縣,10010090,東石鄉,614,10010090018,西崙村,260,9,18,P,YUN,NULL,NULL
嘉義縣東石鄉塭仔村,10010,嘉義縣,10010090,東石鄉,614,10010090019,塭仔村,260,9,19,P,YUN,NULL,NULL
嘉義縣東石鄉網寮村,10010,嘉義縣,10010090,東石鄉,614,10010090020,網寮村,260,9,20,P,YUN,NULL,NULL
嘉義縣東石鄉掌潭村,10010,嘉義縣,10010090,東石鄉,614,10010090021,掌潭村,260,9,21,P,YUN,NULL,NULL
嘉義縣東石鄉港口村,10010,嘉義縣,10010090,東石鄉,614,10010090022,港口村,260,9,22,P,YUN,NULL,NULL
嘉義縣東石鄉鰲鼓村,10010,嘉義縣,10010090,東石鄉,614,10010090023,鰲鼓村,260,9,23,P,YUN,NULL,NULL
嘉義縣義竹鄉岸腳村,10010,嘉義縣,10010100,義竹鄉,624,10010100001,岸腳村,260,10,1,P,YUN,NULL,NULL
嘉義縣義竹鄉義竹村,10010,嘉義縣,10010100,義竹鄉,624,10010100002,義竹村,260,10,2,P,YUN,NULL,NULL
嘉義縣義竹鄉六桂村,10010,嘉義縣,10010100,義竹鄉,624,10010100003,六桂村,260,10,3,P,YUN,NULL,NULL
嘉義縣義竹鄉仁里村,10010,嘉義縣,10010100,義竹鄉,624,10010100004,仁里村,260,10,4,P,YUN,NULL,NULL
嘉義縣義竹鄉傳芳村,10010,嘉義縣,10010100,義竹鄉,624,10010100005,傳芳村,260,10,5,P,YUN,NULL,NULL
嘉義縣義竹鄉頭竹村,10010,嘉義縣,10010100,義竹鄉,624,10010100006,頭竹村,260,10,6,P,YUN,NULL,NULL
嘉義縣義竹鄉五厝村,10010,嘉義縣,10010100,義竹鄉,624,10010100007,五厝村,260,10,7,P,YUN,NULL,NULL
嘉義縣義竹鄉中平村,10010,嘉義縣,10010100,義竹鄉,624,10010100008,中平村,260,10,8,P,YUN,NULL,NULL
嘉義縣義竹鄉埤前村,10010,嘉義縣,10010100,義竹鄉,624,10010100009,埤前村,260,10,9,P,YUN,NULL,NULL
嘉義縣義竹鄉平溪村,10010,嘉義縣,10010100,義竹鄉,624,10010100010,平溪村,260,10,10,P,YUN,NULL,NULL
嘉義縣義竹鄉後鎮村,10010,嘉義縣,10010100,義竹鄉,624,10010100011,後鎮村,260,10,11,P,YUN,NULL,NULL
嘉義縣義竹鄉北華村,10010,嘉義縣,10010100,義竹鄉,624,10010100012,北華村,260,10,12,P,YUN,NULL,NULL
嘉義縣義竹鄉新店村,10010,嘉義縣,10010100,義竹鄉,624,10010100013,新店村,260,10,13,P,YUN,NULL,NULL
嘉義縣義竹鄉東過村,10010,嘉義縣,10010100,義竹鄉,624,10010100014,東過村,260,10,14,P,YUN,NULL,NULL
嘉義縣義竹鄉西過村,10010,嘉義縣,10010100,義竹鄉,624,10010100015,西過村,260,10,15,P,YUN,NULL,NULL
嘉義縣義竹鄉官和村,10010,嘉義縣,10010100,義竹鄉,624,10010100016,官和村,260,10,16,P,YUN,NULL,NULL
嘉義縣義竹鄉官順村,10010,嘉義縣,10010100,義竹鄉,624,10010100017,官順村,260,10,17,P,YUN,NULL,NULL
嘉義縣義竹鄉新富村,10010,嘉義縣,10010100,義竹鄉,624,10010100018,新富村,260,10,18,P,YUN,NULL,NULL
嘉義縣義竹鄉東光村,10010,嘉義縣,10010100,義竹鄉,624,10010100019,東光村,260,10,19,P,YUN,NULL,NULL
嘉義縣義竹鄉東榮村,10010,嘉義縣,10010100,義竹鄉,624,10010100020,東榮村,260,10,20,P,YUN,NULL,NULL
嘉義縣義竹鄉龍蛟村,10010,嘉義縣,10010100,義竹鄉,624,10010100021,龍蛟村,260,10,21,P,YUN,NULL,NULL
嘉義縣義竹鄉溪洲村,10010,嘉義縣,10010100,義竹鄉,624,10010100022,溪洲村,260,10,22,P,YUN,NULL,NULL
嘉義縣鹿草鄉後寮村,10010,嘉義縣,10010110,鹿草鄉,611,10010110001,後寮村,260,11,1,P,YUN,NULL,NULL
嘉義縣鹿草鄉鹿東村,10010,嘉義縣,10010110,鹿草鄉,611,10010110002,鹿東村,260,11,2,P,YUN,NULL,NULL
嘉義縣鹿草鄉鹿草村,10010,嘉義縣,10010110,鹿草鄉,611,10010110003,鹿草村,260,11,3,P,YUN,NULL,NULL
嘉義縣鹿草鄉西井村,10010,嘉義縣,10010110,鹿草鄉,611,10010110004,西井村,260,11,4,P,YUN,NULL,NULL
嘉義縣鹿草鄉豊稠村,10010,嘉義縣,10010110,鹿草鄉,611,10010110005,豊稠村,260,11,5,P,YUN,NULL,NULL
嘉義縣鹿草鄉重寮村,10010,嘉義縣,10010110,鹿草鄉,611,10010110006,重寮村,260,11,6,P,YUN,NULL,NULL
嘉義縣鹿草鄉施家村,10010,嘉義縣,10010110,鹿草鄉,611,10010110007,施家村,260,11,7,P,YUN,NULL,NULL
嘉義縣鹿草鄉下潭村,10010,嘉義縣,10010110,鹿草鄉,611,10010110008,下潭村,260,11,8,P,YUN,NULL,NULL
嘉義縣鹿草鄉光潭村,10010,嘉義縣,10010110,鹿草鄉,611,10010110009,光潭村,260,11,9,P,YUN,NULL,NULL
嘉義縣鹿草鄉碧潭村,10010,嘉義縣,10010110,鹿草鄉,611,10010110010,碧潭村,260,11,10,P,YUN,NULL,NULL
嘉義縣鹿草鄉松竹村,10010,嘉義縣,10010110,鹿草鄉,611,10010110011,松竹村,260,11,11,P,YUN,NULL,NULL
嘉義縣鹿草鄉竹山村,10010,嘉義縣,10010110,鹿草鄉,611,10010110012,竹山村,260,11,12,P,YUN,NULL,NULL
嘉義縣鹿草鄉後堀村,10010,嘉義縣,10010110,鹿草鄉,611,10010110013,後堀村,260,11,13,P,YUN,NULL,NULL
嘉義縣鹿草鄉三角村,10010,嘉義縣,10010110,鹿草鄉,611,10010110014,三角村,260,11,14,P,YUN,NULL,NULL
嘉義縣鹿草鄉下麻村,10010,嘉義縣,10010110,鹿草鄉,611,10010110015,下麻村,260,11,15,P,YUN,NULL,NULL
嘉義縣水上鄉水上村,10010,嘉義縣,10010120,水上鄉,608,10010120001,水上村,260,12,1,P,YUN,NULL,NULL
嘉義縣水上鄉水頭村,10010,嘉義縣,10010120,水上鄉,608,10010120002,水頭村,260,12,2,P,YUN,NULL,NULL
嘉義縣水上鄉大堀村,10010,嘉義縣,10010120,水上鄉,608,10010120003,大堀村,260,12,3,P,YUN,NULL,NULL
嘉義縣水上鄉大崙村,10010,嘉義縣,10010120,水上鄉,608,10010120004,大崙村,260,12,4,P,YUN,NULL,NULL
嘉義縣水上鄉塗溝村,10010,嘉義縣,10010120,水上鄉,608,10010120005,塗溝村,260,12,5,P,YUN,NULL,NULL
嘉義縣水上鄉粗溪村,10010,嘉義縣,10010120,水上鄉,608,10010120006,粗溪村,260,12,6,P,YUN,NULL,NULL
嘉義縣水上鄉下寮村,10010,嘉義縣,10010120,水上鄉,608,10010120007,下寮村,260,12,7,P,YUN,NULL,NULL
嘉義縣水上鄉三和村,10010,嘉義縣,10010120,水上鄉,608,10010120008,三和村,260,12,8,P,YUN,NULL,NULL
嘉義縣水上鄉回歸村,10010,嘉義縣,10010120,水上鄉,608,10010120009,回歸村,260,12,9,P,YUN,NULL,NULL
嘉義縣水上鄉三鎮村,10010,嘉義縣,10010120,水上鄉,608,10010120010,三鎮村,260,12,10,P,YUN,NULL,NULL
嘉義縣水上鄉靖和村,10010,嘉義縣,10010120,水上鄉,608,10010120011,靖和村,260,12,11,P,YUN,NULL,NULL
嘉義縣水上鄉南和村,10010,嘉義縣,10010120,水上鄉,608,10010120012,南和村,260,12,12,P,YUN,NULL,NULL
嘉義縣水上鄉龍德村,10010,嘉義縣,10010120,水上鄉,608,10010120013,龍德村,260,12,13,P,YUN,NULL,NULL
嘉義縣水上鄉溪洲村,10010,嘉義縣,10010120,水上鄉,608,10010120014,溪洲村,260,12,14,P,YUN,NULL,NULL
嘉義縣水上鄉柳林村,10010,嘉義縣,10010120,水上鄉,608,10010120015,柳林村,260,12,15,P,YUN,NULL,NULL
嘉義縣水上鄉柳鄉村,10010,嘉義縣,10010120,水上鄉,608,10010120016,柳鄉村,260,12,16,P,YUN,NULL,NULL
嘉義縣水上鄉柳新村,10010,嘉義縣,10010120,水上鄉,608,10010120017,柳新村,260,12,17,P,YUN,NULL,NULL
嘉義縣水上鄉寬士村,10010,嘉義縣,10010120,水上鄉,608,10010120018,寬士村,260,12,18,P,YUN,NULL,NULL
嘉義縣水上鄉民生村,10010,嘉義縣,10010120,水上鄉,608,10010120019,民生村,260,12,19,P,YUN,NULL,NULL
嘉義縣水上鄉忠和村,10010,嘉義縣,10010120,水上鄉,608,10010120020,忠和村,260,12,20,P,YUN,NULL,NULL
嘉義縣水上鄉中庄村,10010,嘉義縣,10010120,水上鄉,608,10010120021,中庄村,260,12,21,P,YUN,NULL,NULL
嘉義縣水上鄉南鄉村,10010,嘉義縣,10010120,水上鄉,608,10010120022,南鄉村,260,12,22,P,YUN,NULL,NULL
嘉義縣水上鄉三界村,10010,嘉義縣,10010120,水上鄉,608,10010120023,三界村,260,12,23,P,YUN,NULL,NULL
嘉義縣水上鄉國姓村,10010,嘉義縣,10010120,水上鄉,608,10010120024,國姓村,260,12,24,P,YUN,NULL,NULL
嘉義縣水上鄉內溪村,10010,嘉義縣,10010120,水上鄉,608,10010120025,內溪村,260,12,25,P,YUN,NULL,NULL
嘉義縣水上鄉義興村,10010,嘉義縣,10010120,水上鄉,608,10010120026,義興村,260,12,26,P,YUN,NULL,NULL
嘉義縣中埔鄉中埔村,10010,嘉義縣,10010130,中埔鄉,606,10010130001,中埔村,260,13,1,P,YUN,NULL,NULL
嘉義縣中埔鄉塩舘村,10010,嘉義縣,10010130,中埔鄉,606,10010130002,塩舘村,260,13,2,P,YUN,NULL,NULL
嘉義縣中埔鄉龍門村,10010,嘉義縣,10010130,中埔鄉,606,10010130003,龍門村,260,13,3,P,YUN,NULL,NULL
嘉義縣中埔鄉裕民村,10010,嘉義縣,10010130,中埔鄉,606,10010130004,裕民村,260,13,4,P,YUN,NULL,NULL
嘉義縣中埔鄉金蘭村,10010,嘉義縣,10010130,中埔鄉,606,10010130005,金蘭村,260,13,5,P,YUN,NULL,NULL
嘉義縣中埔鄉富收村,10010,嘉義縣,10010130,中埔鄉,606,10010130006,富收村,260,13,6,P,YUN,NULL,NULL
嘉義縣中埔鄉和睦村,10010,嘉義縣,10010130,中埔鄉,606,10010130007,和睦村,260,13,7,P,YUN,NULL,NULL
嘉義縣中埔鄉和美村,10010,嘉義縣,10010130,中埔鄉,606,10010130008,和美村,260,13,8,P,YUN,NULL,NULL
嘉義縣中埔鄉和興村,10010,嘉義縣,10010130,中埔鄉,606,10010130009,和興村,260,13,9,P,YUN,NULL,NULL
嘉義縣中埔鄉隆興村,10010,嘉義縣,10010130,中埔鄉,606,10010130010,隆興村,260,13,10,P,YUN,NULL,NULL
嘉義縣中埔鄉義仁村,10010,嘉義縣,10010130,中埔鄉,606,10010130011,義仁村,260,13,11,P,YUN,NULL,NULL
嘉義縣中埔鄉社口村,10010,嘉義縣,10010130,中埔鄉,606,10010130012,社口村,260,13,12,P,YUN,NULL,NULL
嘉義縣中埔鄉灣潭村,10010,嘉義縣,10010130,中埔鄉,606,10010130013,灣潭村,260,13,13,P,YUN,NULL,NULL
嘉義縣中埔鄉石硦村,10010,嘉義縣,10010130,中埔鄉,606,10010130014,石硦村,260,13,14,P,YUN,NULL,NULL
嘉義縣中埔鄉頂埔村,10010,嘉義縣,10010130,中埔鄉,606,10010130015,頂埔村,260,13,15,P,YUN,NULL,NULL
嘉義縣中埔鄉同仁村,10010,嘉義縣,10010130,中埔鄉,606,10010130016,同仁村,260,13,16,P,YUN,NULL,NULL
嘉義縣中埔鄉瑞豐村,10010,嘉義縣,10010130,中埔鄉,606,10010130017,瑞豐村,260,13,17,P,YUN,NULL,NULL
嘉義縣中埔鄉沄水村,10010,嘉義縣,10010130,中埔鄉,606,10010130018,沄水村,260,13,18,P,YUN,NULL,NULL
嘉義縣中埔鄉三層村,10010,嘉義縣,10010130,中埔鄉,606,10010130019,三層村,260,13,19,P,YUN,NULL,NULL
嘉義縣中埔鄉深坑村,10010,嘉義縣,10010130,中埔鄉,606,10010130020,深坑村,260,13,20,P,YUN,NULL,NULL
嘉義縣中埔鄉東興村,10010,嘉義縣,10010130,中埔鄉,606,10010130021,東興村,260,13,21,P,YUN,NULL,NULL
嘉義縣中埔鄉中崙村,10010,嘉義縣,10010130,中埔鄉,606,10010130022,中崙村,260,13,22,P,YUN,NULL,NULL
嘉義縣竹崎鄉竹崎村,10010,嘉義縣,10010140,竹崎鄉,604,10010140001,竹崎村,260,14,1,P,YUN,NULL,NULL
嘉義縣竹崎鄉和平村,10010,嘉義縣,10010140,竹崎鄉,604,10010140002,和平村,260,14,2,P,YUN,NULL,NULL
嘉義縣竹崎鄉坑頭村,10010,嘉義縣,10010140,竹崎鄉,604,10010140003,坑頭村,260,14,3,P,YUN,NULL,NULL
嘉義縣竹崎鄉沙坑村,10010,嘉義縣,10010140,竹崎鄉,604,10010140004,沙坑村,260,14,4,P,YUN,NULL,NULL
嘉義縣竹崎鄉獅埜村,10010,嘉義縣,10010140,竹崎鄉,604,10010140005,獅埜村,260,14,5,P,YUN,NULL,NULL
嘉義縣竹崎鄉義和村,10010,嘉義縣,10010140,竹崎鄉,604,10010140006,義和村,260,14,6,P,YUN,NULL,NULL
嘉義縣竹崎鄉義仁村,10010,嘉義縣,10010140,竹崎鄉,604,10010140007,義仁村,260,14,7,P,YUN,NULL,NULL
嘉義縣竹崎鄉灣橋村,10010,嘉義縣,10010140,竹崎鄉,604,10010140008,灣橋村,260,14,8,P,YUN,NULL,NULL
嘉義縣竹崎鄉鹿滿村,10010,嘉義縣,10010140,竹崎鄉,604,10010140009,鹿滿村,260,14,9,P,YUN,NULL,NULL
嘉義縣竹崎鄉紫雲村,10010,嘉義縣,10010140,竹崎鄉,604,10010140010,紫雲村,260,14,10,P,YUN,NULL,NULL
嘉義縣竹崎鄉內埔村,10010,嘉義縣,10010140,竹崎鄉,604,10010140011,內埔村,260,14,11,P,YUN,NULL,NULL
嘉義縣竹崎鄉昇平村,10010,嘉義縣,10010140,竹崎鄉,604,10010140012,昇平村,260,14,12,P,YUN,NULL,NULL
嘉義縣竹崎鄉白杞村,10010,嘉義縣,10010140,竹崎鄉,604,10010140013,白杞村,260,14,13,P,YUN,NULL,NULL
嘉義縣竹崎鄉桃源村,10010,嘉義縣,10010140,竹崎鄉,604,10010140014,桃源村,260,14,14,P,YUN,NULL,NULL
嘉義縣竹崎鄉塘興村,10010,嘉義縣,10010140,竹崎鄉,604,10010140015,塘興村,260,14,15,P,YUN,NULL,NULL
嘉義縣竹崎鄉義隆村,10010,嘉義縣,10010140,竹崎鄉,604,10010140016,義隆村,260,14,16,P,YUN,NULL,NULL
嘉義縣竹崎鄉龍山村,10010,嘉義縣,10010140,竹崎鄉,604,10010140017,龍山村,260,14,17,P,YUN,NULL,NULL
嘉義縣竹崎鄉文峯村,10010,嘉義縣,10010140,竹崎鄉,604,10010140018,文峯村,260,14,18,P,YUN,NULL,NULL
嘉義縣竹崎鄉金獅村,10010,嘉義縣,10010140,竹崎鄉,604,10010140019,金獅村,260,14,19,P,YUN,NULL,NULL
嘉義縣竹崎鄉復金村,10010,嘉義縣,10010140,竹崎鄉,604,10010140020,復金村,260,14,20,P,YUN,NULL,NULL
嘉義縣竹崎鄉緞繻村,10010,嘉義縣,10010140,竹崎鄉,604,10010140021,緞繻村,260,14,21,P,YUN,NULL,NULL
嘉義縣竹崎鄉仁壽村,10010,嘉義縣,10010140,竹崎鄉,604,10010140022,仁壽村,260,14,22,P,YUN,NULL,NULL
嘉義縣竹崎鄉中和村,10010,嘉義縣,10010140,竹崎鄉,604,10010140023,中和村,260,14,23,P,YUN,NULL,NULL
嘉義縣竹崎鄉光華村,10010,嘉義縣,10010140,竹崎鄉,604,10010140024,光華村,260,14,24,P,YUN,NULL,NULL
嘉義縣梅山鄉梅東村,10010,嘉義縣,10010150,梅山鄉,603,10010150001,梅東村,260,15,1,P,YUN,NULL,NULL
嘉義縣梅山鄉梅南村,10010,嘉義縣,10010150,梅山鄉,603,10010150002,梅南村,260,15,2,P,YUN,NULL,NULL
嘉義縣梅山鄉過山村,10010,嘉義縣,10010150,梅山鄉,603,10010150003,過山村,260,15,3,P,YUN,NULL,NULL
嘉義縣梅山鄉梅北村,10010,嘉義縣,10010150,梅山鄉,603,10010150004,梅北村,260,15,4,P,YUN,NULL,NULL
嘉義縣梅山鄉圳南村,10010,嘉義縣,10010150,梅山鄉,603,10010150005,圳南村,260,15,5,P,YUN,NULL,NULL
嘉義縣梅山鄉永興村,10010,嘉義縣,10010150,梅山鄉,603,10010150006,永興村,260,15,6,P,YUN,NULL,NULL
嘉義縣梅山鄉半天村,10010,嘉義縣,10010150,梅山鄉,603,10010150007,半天村,260,15,7,P,YUN,NULL,NULL
嘉義縣梅山鄉圳北村,10010,嘉義縣,10010150,梅山鄉,603,10010150008,圳北村,260,15,8,P,YUN,NULL,NULL
嘉義縣梅山鄉大南村,10010,嘉義縣,10010150,梅山鄉,603,10010150009,大南村,260,15,9,P,YUN,NULL,NULL
嘉義縣梅山鄉双溪村,10010,嘉義縣,10010150,梅山鄉,603,10010150010,双溪村,260,15,10,P,YUN,NULL,NULL
嘉義縣梅山鄉安靖村,10010,嘉義縣,10010150,梅山鄉,603,10010150011,安靖村,260,15,11,P,YUN,NULL,NULL
嘉義縣梅山鄉太平村,10010,嘉義縣,10010150,梅山鄉,603,10010150012,太平村,260,15,12,P,YUN,NULL,NULL
嘉義縣梅山鄉碧湖村,10010,嘉義縣,10010150,梅山鄉,603,10010150013,碧湖村,260,15,13,P,YUN,NULL,NULL
嘉義縣梅山鄉太興村,10010,嘉義縣,10010150,梅山鄉,603,10010150014,太興村,260,15,14,P,YUN,NULL,NULL
嘉義縣梅山鄉瑞峯村,10010,嘉義縣,10010150,梅山鄉,603,10010150015,瑞峯村,260,15,15,P,YUN,NULL,NULL
嘉義縣梅山鄉瑞里村,10010,嘉義縣,10010150,梅山鄉,603,10010150016,瑞里村,260,15,16,P,YUN,NULL,NULL
嘉義縣梅山鄉太和村,10010,嘉義縣,10010150,梅山鄉,603,10010150017,太和村,260,15,17,P,YUN,NULL,NULL
嘉義縣梅山鄉龍眼村,10010,嘉義縣,10010150,梅山鄉,603,10010150018,龍眼村,260,15,18,P,YUN,NULL,NULL
嘉義縣番路鄉江西村,10010,嘉義縣,10010160,番路鄉,602,10010160001,江西村,260,16,1,P,YUN,NULL,NULL
嘉義縣番路鄉內甕村,10010,嘉義縣,10010160,番路鄉,602,10010160002,內甕村,260,16,2,P,YUN,NULL,NULL
嘉義縣番路鄉新福村,10010,嘉義縣,10010160,番路鄉,602,10010160003,新福村,260,16,3,P,YUN,NULL,NULL
嘉義縣番路鄉下坑村,10010,嘉義縣,10010160,番路鄉,602,10010160004,下坑村,260,16,4,P,YUN,NULL,NULL
嘉義縣番路鄉番路村,10010,嘉義縣,10010160,番路鄉,602,10010160005,番路村,260,16,5,P,YUN,NULL,NULL
嘉義縣番路鄉民和村,10010,嘉義縣,10010160,番路鄉,602,10010160006,民和村,260,16,6,P,YUN,NULL,NULL
嘉義縣番路鄉觸口村,10010,嘉義縣,10010160,番路鄉,602,10010160007,觸口村,260,16,7,P,YUN,NULL,NULL
嘉義縣番路鄉大湖村,10010,嘉義縣,10010160,番路鄉,602,10010160008,大湖村,260,16,8,P,YUN,NULL,NULL
嘉義縣番路鄉公田村,10010,嘉義縣,10010160,番路鄉,602,10010160009,公田村,260,16,9,P,YUN,NULL,NULL
嘉義縣番路鄉公興村,10010,嘉義縣,10010160,番路鄉,602,10010160010,公興村,260,16,10,P,YUN,NULL,NULL
嘉義縣番路鄉草山村,10010,嘉義縣,10010160,番路鄉,602,10010160011,草山村,260,16,11,P,YUN,NULL,NULL
嘉義縣大埔鄉大埔村,10010,嘉義縣,10010170,大埔鄉,607,10010170001,大埔村,260,17,1,P,YUN,NULL,NULL
嘉義縣大埔鄉和平村,10010,嘉義縣,10010170,大埔鄉,607,10010170002,和平村,260,17,2,P,YUN,NULL,NULL
嘉義縣大埔鄉永樂村,10010,嘉義縣,10010170,大埔鄉,607,10010170003,永樂村,260,17,3,P,YUN,NULL,NULL
嘉義縣大埔鄉茄苳村,10010,嘉義縣,10010170,大埔鄉,607,10010170004,茄苳村,260,17,4,P,YUN,NULL,NULL
嘉義縣大埔鄉西興村,10010,嘉義縣,10010170,大埔鄉,607,10010170005,西興村,260,17,5,P,YUN,NULL,NULL
嘉義縣阿里山鄉中山村,10010,嘉義縣,10010180,阿里山鄉,605,10010180001,中山村,260,18,1,P,YUN,NULL,NULL
嘉義縣阿里山鄉中正村,10010,嘉義縣,10010180,阿里山鄉,605,10010180002,中正村,260,18,2,P,YUN,NULL,NULL
嘉義縣阿里山鄉香林村,10010,嘉義縣,10010180,阿里山鄉,605,10010180003,香林村,260,18,3,P,YUN,NULL,NULL
嘉義縣阿里山鄉十字村,10010,嘉義縣,10010180,阿里山鄉,605,10010180004,十字村,260,18,4,P,YUN,NULL,NULL
嘉義縣阿里山鄉來吉村,10010,嘉義縣,10010180,阿里山鄉,605,10010180005,來吉村,260,18,5,P,YUN,NULL,NULL
嘉義縣阿里山鄉豐山村,10010,嘉義縣,10010180,阿里山鄉,605,10010180006,豐山村,260,18,6,P,YUN,NULL,NULL
嘉義縣阿里山鄉達邦村,10010,嘉義縣,10010180,阿里山鄉,605,10010180007,達邦村,260,18,7,P,YUN,NULL,NULL
嘉義縣阿里山鄉樂野村,10010,嘉義縣,10010180,阿里山鄉,605,10010180008,樂野村,260,18,8,P,YUN,NULL,NULL
嘉義縣阿里山鄉里佳村,10010,嘉義縣,10010180,阿里山鄉,605,10010180009,里佳村,260,18,9,P,YUN,NULL,NULL
嘉義縣阿里山鄉山美村,10010,嘉義縣,10010180,阿里山鄉,605,10010180010,山美村,260,18,10,P,YUN,NULL,NULL
嘉義縣阿里山鄉新美村,10010,嘉義縣,10010180,阿里山鄉,605,10010180011,新美村,260,18,11,P,YUN,NULL,NULL
嘉義縣阿里山鄉茶山村,10010,嘉義縣,10010180,阿里山鄉,605,10010180012,茶山村,260,18,12,P,YUN,NULL,NULL
屏東縣屏東市光榮里,10013,屏東縣,10013010,屏東市,900,10013010001,光榮里,270,301,1,T,PIF,NULL,NULL
屏東縣屏東市大同里,10013,屏東縣,10013010,屏東市,900,10013010004,大同里,270,301,4,T,PIF,NULL,NULL
屏東縣屏東市大埔里,10013,屏東縣,10013010,屏東市,900,10013010008,大埔里,270,301,8,T,PIF,NULL,NULL
屏東縣屏東市維新里,10013,屏東縣,10013010,屏東市,900,10013010012,維新里,270,301,12,T,PIF,NULL,NULL
屏東縣屏東市楠樹里,10013,屏東縣,10013010,屏東市,900,10013010015,楠樹里,270,301,15,T,PIF,NULL,NULL
屏東縣屏東市金泉里,10013,屏東縣,10013010,屏東市,900,10013010018,金泉里,270,301,18,T,PIF,NULL,NULL
屏東縣屏東市橋南里,10013,屏東縣,10013010,屏東市,900,10013010020,橋南里,270,301,20,T,PIF,NULL,NULL
屏東縣屏東市橋北里,10013,屏東縣,10013010,屏東市,900,10013010021,橋北里,270,301,21,T,PIF,NULL,NULL
屏東縣屏東市長春里,10013,屏東縣,10013010,屏東市,900,10013010022,長春里,270,301,22,T,PIF,NULL,NULL
屏東縣屏東市豐榮里,10013,屏東縣,10013010,屏東市,900,10013010023,豐榮里,270,301,23,T,PIF,NULL,NULL
屏東縣屏東市豐源里,10013,屏東縣,10013010,屏東市,900,10013010024,豐源里,270,301,24,T,PIF,NULL,NULL
屏東縣屏東市豐田里,10013,屏東縣,10013010,屏東市,900,10013010025,豐田里,270,301,25,T,PIF,NULL,NULL
屏東縣屏東市大連里,10013,屏東縣,10013010,屏東市,900,10013010026,大連里,270,301,26,T,PIF,NULL,NULL
屏東縣屏東市湖西里,10013,屏東縣,10013010,屏東市,900,10013010027,湖西里,270,301,27,T,PIF,NULL,NULL
屏東縣屏東市湖南里,10013,屏東縣,10013010,屏東市,900,10013010028,湖南里,270,301,28,T,PIF,NULL,NULL
屏東縣屏東市歸心里,10013,屏東縣,10013010,屏東市,900,10013010029,歸心里,270,301,29,T,PIF,NULL,NULL
屏東縣屏東市瑞光里,10013,屏東縣,10013010,屏東市,900,10013010030,瑞光里,270,301,30,T,PIF,NULL,NULL
屏東縣屏東市新生里,10013,屏東縣,10013010,屏東市,900,10013010031,新生里,270,301,31,T,PIF,NULL,NULL
屏東縣屏東市頂宅里,10013,屏東縣,10013010,屏東市,900,10013010032,頂宅里,270,301,32,T,PIF,NULL,NULL
屏東縣屏東市厚生里,10013,屏東縣,10013010,屏東市,900,10013010033,厚生里,270,301,33,T,PIF,NULL,NULL
屏東縣屏東市建國里,10013,屏東縣,10013010,屏東市,900,10013010035,建國里,270,301,35,T,PIF,NULL,NULL
屏東縣屏東市一心里,10013,屏東縣,10013010,屏東市,900,10013010036,一心里,270,301,36,T,PIF,NULL,NULL
屏東縣屏東市義勇里,10013,屏東縣,10013010,屏東市,900,10013010038,義勇里,270,301,38,T,PIF,NULL,NULL
屏東縣屏東市永安里,10013,屏東縣,10013010,屏東市,900,10013010040,永安里,270,301,40,T,PIF,NULL,NULL
屏東縣屏東市新興里,10013,屏東縣,10013010,屏東市,900,10013010041,新興里,270,301,41,T,PIF,NULL,NULL
屏東縣屏東市公館里,10013,屏東縣,10013010,屏東市,900,10013010042,公館里,270,301,42,T,PIF,NULL,NULL
屏東縣屏東市龍華里,10013,屏東縣,10013010,屏東市,900,10013010043,龍華里,270,301,43,T,PIF,NULL,NULL
屏東縣屏東市玉成里,10013,屏東縣,10013010,屏東市,900,10013010044,玉成里,270,301,44,T,PIF,NULL,NULL
屏東縣屏東市頂柳里,10013,屏東縣,10013010,屏東市,900,10013010045,頂柳里,270,301,45,T,PIF,NULL,NULL
屏東縣屏東市大湖里,10013,屏東縣,10013010,屏東市,900,10013010046,大湖里,270,301,46,T,PIF,NULL,NULL
屏東縣屏東市安鎮里,10013,屏東縣,10013010,屏東市,900,10013010049,安鎮里,270,301,49,T,PIF,NULL,NULL
屏東縣屏東市永光里,10013,屏東縣,10013010,屏東市,900,10013010050,永光里,270,301,50,T,PIF,NULL,NULL
屏東縣屏東市大洲里,10013,屏東縣,10013010,屏東市,900,10013010051,大洲里,270,301,51,T,PIF,NULL,NULL
屏東縣屏東市大武里,10013,屏東縣,10013010,屏東市,900,10013010053,大武里,270,301,53,T,PIF,NULL,NULL
屏東縣屏東市前進里,10013,屏東縣,10013010,屏東市,900,10013010054,前進里,270,301,54,T,PIF,NULL,NULL
屏東縣屏東市清溪里,10013,屏東縣,10013010,屏東市,900,10013010055,清溪里,270,301,55,T,PIF,NULL,NULL
屏東縣屏東市長安里,10013,屏東縣,10013010,屏東市,900,10013010056,長安里,270,301,56,T,PIF,NULL,NULL
屏東縣屏東市斯文里,10013,屏東縣,10013010,屏東市,900,10013010059,斯文里,270,301,59,T,PIF,NULL,NULL
屏東縣屏東市華山里,10013,屏東縣,10013010,屏東市,900,10013010060,華山里,270,301,60,T,PIF,NULL,NULL
屏東縣屏東市中正里,10013,屏東縣,10013010,屏東市,900,10013010064,中正里,270,301,64,T,PIF,NULL,NULL
屏東縣屏東市勝利里,10013,屏東縣,10013010,屏東市,900,10013010065,勝利里,270,301,65,T,PIF,NULL,NULL
屏東縣屏東市永城里,10013,屏東縣,10013010,屏東市,900,10013010066,永城里,270,301,66,T,PIF,NULL,NULL
屏東縣屏東市溝美里,10013,屏東縣,10013010,屏東市,900,10013010067,溝美里,270,301,67,T,PIF,NULL,NULL
屏東縣屏東市北勢里,10013,屏東縣,10013010,屏東市,900,10013010068,北勢里,270,301,68,T,PIF,NULL,NULL
屏東縣屏東市北興里,10013,屏東縣,10013010,屏東市,900,10013010069,北興里,270,301,69,T,PIF,NULL,NULL
屏東縣屏東市仁愛里,10013,屏東縣,10013010,屏東市,900,10013010070,仁愛里,270,301,70,T,PIF,NULL,NULL
屏東縣屏東市廣興里,10013,屏東縣,10013010,屏東市,900,10013010071,廣興里,270,301,71,T,PIF,NULL,NULL
屏東縣屏東市崇蘭里,10013,屏東縣,10013010,屏東市,900,10013010073,崇蘭里,270,301,73,T,PIF,NULL,NULL
屏東縣屏東市空翔里,10013,屏東縣,10013010,屏東市,900,10013010074,空翔里,270,301,74,T,PIF,NULL,NULL
屏東縣屏東市潭墘里,10013,屏東縣,10013010,屏東市,900,10013010075,潭墘里,270,301,75,T,PIF,NULL,NULL
屏東縣屏東市三山里,10013,屏東縣,10013010,屏東市,900,10013010076,三山里,270,301,76,T,PIF,NULL,NULL
屏東縣屏東市海豐里,10013,屏東縣,10013010,屏東市,900,10013010077,海豐里,270,301,77,T,PIF,NULL,NULL
屏東縣屏東市仁義里,10013,屏東縣,10013010,屏東市,900,10013010078,仁義里,270,301,78,T,PIF,NULL,NULL
屏東縣屏東市和興里,10013,屏東縣,10013010,屏東市,900,10013010079,和興里,270,301,79,T,PIF,NULL,NULL
屏東縣屏東市信和里,10013,屏東縣,10013010,屏東市,900,10013010080,信和里,270,301,80,T,PIF,NULL,NULL
屏東縣屏東市崇武里,10013,屏東縣,10013010,屏東市,900,10013010081,崇武里,270,301,81,T,PIF,NULL,NULL
屏東縣屏東市豐年里,10013,屏東縣,10013010,屏東市,900,10013010082,豐年里,270,301,82,T,PIF,NULL,NULL
屏東縣屏東市崇陽里,10013,屏東縣,10013010,屏東市,900,10013010083,崇陽里,270,301,83,T,PIF,NULL,NULL
屏東縣屏東市公園里,10013,屏東縣,10013010,屏東市,900,10013010084,公園里,270,301,84,T,PIF,NULL,NULL
屏東縣潮州鎮潮州里,10013,屏東縣,10013020,潮州鎮,920,10013020001,潮州里,270,302,1,T,PIF,NULL,NULL
屏東縣潮州鎮同榮里,10013,屏東縣,10013020,潮州鎮,920,10013020002,同榮里,270,302,2,T,PIF,NULL,NULL
屏東縣潮州鎮新榮里,10013,屏東縣,10013020,潮州鎮,920,10013020003,新榮里,270,302,3,T,PIF,NULL,NULL
屏東縣潮州鎮新生里,10013,屏東縣,10013020,潮州鎮,920,10013020004,新生里,270,302,4,T,PIF,NULL,NULL
屏東縣潮州鎮光華里,10013,屏東縣,10013020,潮州鎮,920,10013020005,光華里,270,302,5,T,PIF,NULL,NULL
屏東縣潮州鎮彭城里,10013,屏東縣,10013020,潮州鎮,920,10013020006,彭城里,270,302,6,T,PIF,NULL,NULL
屏東縣潮州鎮三星里,10013,屏東縣,10013020,潮州鎮,920,10013020007,三星里,270,302,7,T,PIF,NULL,NULL
屏東縣潮州鎮三共里,10013,屏東縣,10013020,潮州鎮,920,10013020008,三共里,270,302,8,T,PIF,NULL,NULL
屏東縣潮州鎮三和里,10013,屏東縣,10013020,潮州鎮,920,10013020009,三和里,270,302,9,T,PIF,NULL,NULL
屏東縣潮州鎮五魁里,10013,屏東縣,10013020,潮州鎮,920,10013020010,五魁里,270,302,10,T,PIF,NULL,NULL
屏東縣潮州鎮蓬萊里,10013,屏東縣,10013020,潮州鎮,920,10013020011,蓬萊里,270,302,11,T,PIF,NULL,NULL
屏東縣潮州鎮八爺里,10013,屏東縣,10013020,潮州鎮,920,10013020012,八爺里,270,302,12,T,PIF,NULL,NULL
屏東縣潮州鎮永春里,10013,屏東縣,10013020,潮州鎮,920,10013020013,永春里,270,302,13,T,PIF,NULL,NULL
屏東縣潮州鎮富春里,10013,屏東縣,10013020,潮州鎮,920,10013020014,富春里,270,302,14,T,PIF,NULL,NULL
屏東縣潮州鎮光春里,10013,屏東縣,10013020,潮州鎮,920,10013020015,光春里,270,302,15,T,PIF,NULL,NULL
屏東縣潮州鎮興美里,10013,屏東縣,10013020,潮州鎮,920,10013020016,興美里,270,302,16,T,PIF,NULL,NULL
屏東縣潮州鎮檨子里,10013,屏東縣,10013020,潮州鎮,920,10013020017,檨子里,270,302,17,T,PIF,NULL,NULL
屏東縣潮州鎮九塊里,10013,屏東縣,10013020,潮州鎮,920,10013020018,九塊里,270,302,18,T,PIF,NULL,NULL
屏東縣潮州鎮泗林里,10013,屏東縣,10013020,潮州鎮,920,10013020019,泗林里,270,302,19,T,PIF,NULL,NULL
屏東縣潮州鎮四春里,10013,屏東縣,10013020,潮州鎮,920,10013020020,四春里,270,302,20,T,PIF,NULL,NULL
屏東縣潮州鎮崙東里,10013,屏東縣,10013020,潮州鎮,920,10013020021,崙東里,270,302,21,T,PIF,NULL,NULL
屏東縣東港鎮新勝里,10013,屏東縣,10013030,東港鎮,928,10013030001,新勝里,270,303,1,T,PIF,NULL,NULL
屏東縣東港鎮頂中里,10013,屏東縣,10013030,東港鎮,928,10013030003,頂中里,270,303,3,T,PIF,NULL,NULL
屏東縣東港鎮朝安里,10013,屏東縣,10013030,東港鎮,928,10013030007,朝安里,270,303,7,T,PIF,NULL,NULL
屏東縣東港鎮東隆里,10013,屏東縣,10013030,東港鎮,928,10013030009,東隆里,270,303,9,T,PIF,NULL,NULL
屏東縣東港鎮豐漁里,10013,屏東縣,10013030,東港鎮,928,10013030010,豐漁里,270,303,10,T,PIF,NULL,NULL
屏東縣東港鎮盛漁里,10013,屏東縣,10013030,東港鎮,928,10013030011,盛漁里,270,303,11,T,PIF,NULL,NULL
屏東縣東港鎮興漁里,10013,屏東縣,10013030,東港鎮,928,10013030012,興漁里,270,303,12,T,PIF,NULL,NULL
屏東縣東港鎮鎮海里,10013,屏東縣,10013030,東港鎮,928,10013030013,鎮海里,270,303,13,T,PIF,NULL,NULL
屏東縣東港鎮嘉蓮里,10013,屏東縣,10013030,東港鎮,928,10013030014,嘉蓮里,270,303,14,T,PIF,NULL,NULL
屏東縣東港鎮南平里,10013,屏東縣,10013030,東港鎮,928,10013030015,南平里,270,303,15,T,PIF,NULL,NULL
屏東縣東港鎮船頭里,10013,屏東縣,10013030,東港鎮,928,10013030016,船頭里,270,303,16,T,PIF,NULL,NULL
屏東縣東港鎮下廍里,10013,屏東縣,10013030,東港鎮,928,10013030017,下廍里,270,303,17,T,PIF,NULL,NULL
屏東縣東港鎮大潭里,10013,屏東縣,10013030,東港鎮,928,10013030018,大潭里,270,303,18,T,PIF,NULL,NULL
屏東縣東港鎮興農里,10013,屏東縣,10013030,東港鎮,928,10013030020,興農里,270,303,20,T,PIF,NULL,NULL
屏東縣東港鎮興和里,10013,屏東縣,10013030,東港鎮,928,10013030021,興和里,270,303,21,T,PIF,NULL,NULL
屏東縣東港鎮共和里,10013,屏東縣,10013030,東港鎮,928,10013030022,共和里,270,303,22,T,PIF,NULL,NULL
屏東縣東港鎮福德里,10013,屏東縣,10013030,東港鎮,928,10013030023,福德里,270,303,23,T,PIF,NULL,NULL
屏東縣東港鎮東津里,10013,屏東縣,10013030,東港鎮,928,10013030024,東津里,270,303,24,T,PIF,NULL,NULL
屏東縣東港鎮內關帝里,10013,屏東縣,10013030,東港鎮,928,10013030025,內關帝里,270,303,25,T,PIF,NULL,NULL
屏東縣東港鎮東新里,10013,屏東縣,10013030,東港鎮,928,10013030026,東新里,270,303,26,T,PIF,NULL,NULL
屏東縣東港鎮新街里,10013,屏東縣,10013030,東港鎮,928,10013030027,新街里,270,303,27,T,PIF,NULL,NULL
屏東縣東港鎮東光里,10013,屏東縣,10013030,東港鎮,928,10013030028,東光里,270,303,28,T,PIF,NULL,NULL
屏東縣恆春鎮城南里,10013,屏東縣,10013040,恆春鎮,946,10013040001,城南里,270,304,1,T,PIF,NULL,NULL
屏東縣恆春鎮城北里,10013,屏東縣,10013040,恆春鎮,946,10013040002,城北里,270,304,2,T,PIF,NULL,NULL
屏東縣恆春鎮城西里,10013,屏東縣,10013040,恆春鎮,946,10013040003,城西里,270,304,3,T,PIF,NULL,NULL
屏東縣恆春鎮山腳里,10013,屏東縣,10013040,恆春鎮,946,10013040004,山腳里,270,304,4,T,PIF,NULL,NULL
屏東縣恆春鎮網紗里,10013,屏東縣,10013040,恆春鎮,946,10013040005,網紗里,270,304,5,T,PIF,NULL,NULL
屏東縣恆春鎮仁壽里,10013,屏東縣,10013040,恆春鎮,946,10013040006,仁壽里,270,304,6,T,PIF,NULL,NULL
屏東縣恆春鎮茄湖里,10013,屏東縣,10013040,恆春鎮,946,10013040007,茄湖里,270,304,7,T,PIF,NULL,NULL
屏東縣恆春鎮頭溝里,10013,屏東縣,10013040,恆春鎮,946,10013040008,頭溝里,270,304,8,T,PIF,NULL,NULL
屏東縣恆春鎮四溝里,10013,屏東縣,10013040,恆春鎮,946,10013040009,四溝里,270,304,9,T,PIF,NULL,NULL
屏東縣恆春鎮德和里,10013,屏東縣,10013040,恆春鎮,946,10013040010,德和里,270,304,10,T,PIF,NULL,NULL
屏東縣恆春鎮龍水里,10013,屏東縣,10013040,恆春鎮,946,10013040011,龍水里,270,304,11,T,PIF,NULL,NULL
屏東縣恆春鎮山海里,10013,屏東縣,10013040,恆春鎮,946,10013040012,山海里,270,304,12,T,PIF,NULL,NULL
屏東縣恆春鎮大光里,10013,屏東縣,10013040,恆春鎮,946,10013040013,大光里,270,304,13,T,PIF,NULL,NULL
屏東縣恆春鎮水泉里,10013,屏東縣,10013040,恆春鎮,946,10013040014,水泉里,270,304,14,T,PIF,NULL,NULL
屏東縣恆春鎮南灣里,10013,屏東縣,10013040,恆春鎮,946,10013040015,南灣里,270,304,15,T,PIF,NULL,NULL
屏東縣恆春鎮墾丁里,10013,屏東縣,10013040,恆春鎮,946,10013040016,墾丁里,270,304,16,T,PIF,NULL,NULL
屏東縣恆春鎮鵝鑾里,10013,屏東縣,10013040,恆春鎮,946,10013040017,鵝鑾里,270,304,17,T,PIF,NULL,NULL
屏東縣萬丹鄉萬安村,10013,屏東縣,10013050,萬丹鄉,913,10013050001,萬安村,270,305,1,T,PIF,NULL,NULL
屏東縣萬丹鄉萬惠村,10013,屏東縣,10013050,萬丹鄉,913,10013050002,萬惠村,270,305,2,T,PIF,NULL,NULL
屏東縣萬丹鄉萬全村,10013,屏東縣,10013050,萬丹鄉,913,10013050003,萬全村,270,305,3,T,PIF,NULL,NULL
屏東縣萬丹鄉萬後村,10013,屏東縣,10013050,萬丹鄉,913,10013050004,萬後村,270,305,4,T,PIF,NULL,NULL
屏東縣萬丹鄉萬生村,10013,屏東縣,10013050,萬丹鄉,913,10013050005,萬生村,270,305,5,T,PIF,NULL,NULL
屏東縣萬丹鄉寶厝村,10013,屏東縣,10013050,萬丹鄉,913,10013050006,寶厝村,270,305,6,T,PIF,NULL,NULL
屏東縣萬丹鄉四維村,10013,屏東縣,10013050,萬丹鄉,913,10013050007,四維村,270,305,7,T,PIF,NULL,NULL
屏東縣萬丹鄉竹林村,10013,屏東縣,10013050,萬丹鄉,913,10013050008,竹林村,270,305,8,T,PIF,NULL,NULL
屏東縣萬丹鄉廣安村,10013,屏東縣,10013050,萬丹鄉,913,10013050009,廣安村,270,305,9,T,PIF,NULL,NULL
屏東縣萬丹鄉田厝村,10013,屏東縣,10013050,萬丹鄉,913,10013050010,田厝村,270,305,10,T,PIF,NULL,NULL
屏東縣萬丹鄉崙頂村,10013,屏東縣,10013050,萬丹鄉,913,10013050011,崙頂村,270,305,11,T,PIF,NULL,NULL
屏東縣萬丹鄉厦北村,10013,屏東縣,10013050,萬丹鄉,913,10013050012,厦北村,270,305,12,T,PIF,NULL,NULL
屏東縣萬丹鄉厦南村,10013,屏東縣,10013050,萬丹鄉,913,10013050013,厦南村,270,305,13,T,PIF,NULL,NULL
屏東縣萬丹鄉上村村,10013,屏東縣,10013050,萬丹鄉,913,10013050014,上村村,270,305,14,T,PIF,NULL,NULL
屏東縣萬丹鄉加興村,10013,屏東縣,10013050,萬丹鄉,913,10013050015,加興村,270,305,15,T,PIF,NULL,NULL
屏東縣萬丹鄉社口村,10013,屏東縣,10013050,萬丹鄉,913,10013050016,社口村,270,305,16,T,PIF,NULL,NULL
屏東縣萬丹鄉磚寮村,10013,屏東縣,10013050,萬丹鄉,913,10013050017,磚寮村,270,305,17,T,PIF,NULL,NULL
屏東縣萬丹鄉社皮村,10013,屏東縣,10013050,萬丹鄉,913,10013050018,社皮村,270,305,18,T,PIF,NULL,NULL
屏東縣萬丹鄉社上村,10013,屏東縣,10013050,萬丹鄉,913,10013050019,社上村,270,305,19,T,PIF,NULL,NULL
屏東縣萬丹鄉社中村,10013,屏東縣,10013050,萬丹鄉,913,10013050020,社中村,270,305,20,T,PIF,NULL,NULL
屏東縣萬丹鄉水泉村,10013,屏東縣,10013050,萬丹鄉,913,10013050021,水泉村,270,305,21,T,PIF,NULL,NULL
屏東縣萬丹鄉新庄村,10013,屏東縣,10013050,萬丹鄉,913,10013050022,新庄村,270,305,22,T,PIF,NULL,NULL
屏東縣萬丹鄉香社村,10013,屏東縣,10013050,萬丹鄉,913,10013050023,香社村,270,305,23,T,PIF,NULL,NULL
屏東縣萬丹鄉後村村,10013,屏東縣,10013050,萬丹鄉,913,10013050024,後村村,270,305,24,T,PIF,NULL,NULL
屏東縣萬丹鄉新鐘村,10013,屏東縣,10013050,萬丹鄉,913,10013050025,新鐘村,270,305,25,T,PIF,NULL,NULL
屏東縣萬丹鄉灣內村,10013,屏東縣,10013050,萬丹鄉,913,10013050026,灣內村,270,305,26,T,PIF,NULL,NULL
屏東縣萬丹鄉興全村,10013,屏東縣,10013050,萬丹鄉,913,10013050027,興全村,270,305,27,T,PIF,NULL,NULL
屏東縣萬丹鄉興安村,10013,屏東縣,10013050,萬丹鄉,913,10013050028,興安村,270,305,28,T,PIF,NULL,NULL
屏東縣萬丹鄉水仙村,10013,屏東縣,10013050,萬丹鄉,913,10013050029,水仙村,270,305,29,T,PIF,NULL,NULL
屏東縣萬丹鄉甘棠村,10013,屏東縣,10013050,萬丹鄉,913,10013050030,甘棠村,270,305,30,T,PIF,NULL,NULL
屏東縣長治鄉進興村,10013,屏東縣,10013060,長治鄉,908,10013060001,進興村,270,306,1,T,PIF,NULL,NULL
屏東縣長治鄉新潭村,10013,屏東縣,10013060,長治鄉,908,10013060002,新潭村,270,306,2,T,PIF,NULL,NULL
屏東縣長治鄉潭頭村,10013,屏東縣,10013060,長治鄉,908,10013060003,潭頭村,270,306,3,T,PIF,NULL,NULL
屏東縣長治鄉香楊村,10013,屏東縣,10013060,長治鄉,908,10013060004,香楊村,270,306,4,T,PIF,NULL,NULL
屏東縣長治鄉長興村,10013,屏東縣,10013060,長治鄉,908,10013060005,長興村,270,306,5,T,PIF,NULL,NULL
屏東縣長治鄉德成村,10013,屏東縣,10013060,長治鄉,908,10013060006,德成村,270,306,6,T,PIF,NULL,NULL
屏東縣長治鄉德協村,10013,屏東縣,10013060,長治鄉,908,10013060007,德協村,270,306,7,T,PIF,NULL,NULL
屏東縣長治鄉復興村,10013,屏東縣,10013060,長治鄉,908,10013060008,復興村,270,306,8,T,PIF,NULL,NULL
屏東縣長治鄉崙上村,10013,屏東縣,10013060,長治鄉,908,10013060009,崙上村,270,306,9,T,PIF,NULL,NULL
屏東縣長治鄉德榮村,10013,屏東縣,10013060,長治鄉,908,10013060010,德榮村,270,306,10,T,PIF,NULL,NULL
屏東縣長治鄉德和村,10013,屏東縣,10013060,長治鄉,908,10013060011,德和村,270,306,11,T,PIF,NULL,NULL
屏東縣長治鄉繁華村,10013,屏東縣,10013060,長治鄉,908,10013060012,繁華村,270,306,12,T,PIF,NULL,NULL
屏東縣長治鄉繁昌村,10013,屏東縣,10013060,長治鄉,908,10013060013,繁昌村,270,306,13,T,PIF,NULL,NULL
屏東縣長治鄉繁榮村,10013,屏東縣,10013060,長治鄉,908,10013060014,繁榮村,270,306,14,T,PIF,NULL,NULL
屏東縣長治鄉繁隆村,10013,屏東縣,10013060,長治鄉,908,10013060015,繁隆村,270,306,15,T,PIF,NULL,NULL
屏東縣長治鄉榮華村,10013,屏東縣,10013060,長治鄉,908,10013060016,榮華村,270,306,16,T,PIF,NULL,NULL
屏東縣麟洛鄉新田村,10013,屏東縣,10013070,麟洛鄉,909,10013070001,新田村,270,307,1,T,PIF,NULL,NULL
屏東縣麟洛鄉麟頂村,10013,屏東縣,10013070,麟洛鄉,909,10013070002,麟頂村,270,307,2,T,PIF,NULL,NULL
屏東縣麟洛鄉麟蹄村,10013,屏東縣,10013070,麟洛鄉,909,10013070003,麟蹄村,270,307,3,T,PIF,NULL,NULL
屏東縣麟洛鄉麟趾村,10013,屏東縣,10013070,麟洛鄉,909,10013070004,麟趾村,270,307,4,T,PIF,NULL,NULL
屏東縣麟洛鄉田中村,10013,屏東縣,10013070,麟洛鄉,909,10013070005,田中村,270,307,5,T,PIF,NULL,NULL
屏東縣麟洛鄉田心村,10013,屏東縣,10013070,麟洛鄉,909,10013070006,田心村,270,307,6,T,PIF,NULL,NULL
屏東縣麟洛鄉田道村,10013,屏東縣,10013070,麟洛鄉,909,10013070007,田道村,270,307,7,T,PIF,NULL,NULL
屏東縣九如鄉九清村,10013,屏東縣,10013080,九如鄉,904,10013080001,九清村,270,308,1,T,PIF,NULL,NULL
屏東縣九如鄉九塊村,10013,屏東縣,10013080,九如鄉,904,10013080002,九塊村,270,308,2,T,PIF,NULL,NULL
屏東縣九如鄉九明村,10013,屏東縣,10013080,九如鄉,904,10013080003,九明村,270,308,3,T,PIF,NULL,NULL
屏東縣九如鄉玉水村,10013,屏東縣,10013080,九如鄉,904,10013080004,玉水村,270,308,4,T,PIF,NULL,NULL
屏東縣九如鄉大坵村,10013,屏東縣,10013080,九如鄉,904,10013080005,大坵村,270,308,5,T,PIF,NULL,NULL
屏東縣九如鄉三塊村,10013,屏東縣,10013080,九如鄉,904,10013080006,三塊村,270,308,6,T,PIF,NULL,NULL
屏東縣九如鄉後庄村,10013,屏東縣,10013080,九如鄉,904,10013080007,後庄村,270,308,7,T,PIF,NULL,NULL
屏東縣九如鄉耆老村,10013,屏東縣,10013080,九如鄉,904,10013080008,耆老村,270,308,8,T,PIF,NULL,NULL
屏東縣九如鄉洽興村,10013,屏東縣,10013080,九如鄉,904,10013080009,洽興村,270,308,9,T,PIF,NULL,NULL
屏東縣九如鄉東寧村,10013,屏東縣,10013080,九如鄉,904,10013080010,東寧村,270,308,10,T,PIF,NULL,NULL
屏東縣九如鄉玉泉村,10013,屏東縣,10013080,九如鄉,904,10013080011,玉泉村,270,308,11,T,PIF,NULL,NULL
屏東縣里港鄉玉田村,10013,屏東縣,10013090,里港鄉,905,10013090001,玉田村,270,309,1,T,PIF,NULL,NULL
屏東縣里港鄉大平村,10013,屏東縣,10013090,里港鄉,905,10013090002,大平村,270,309,2,T,PIF,NULL,NULL
屏東縣里港鄉永春村,10013,屏東縣,10013090,里港鄉,905,10013090003,永春村,270,309,3,T,PIF,NULL,NULL
屏東縣里港鄉春林村,10013,屏東縣,10013090,里港鄉,905,10013090004,春林村,270,309,4,T,PIF,NULL,NULL
屏東縣里港鄉過江村,10013,屏東縣,10013090,里港鄉,905,10013090005,過江村,270,309,5,T,PIF,NULL,NULL
屏東縣里港鄉鐵店村,10013,屏東縣,10013090,里港鄉,905,10013090006,鐵店村,270,309,6,T,PIF,NULL,NULL
屏東縣里港鄉塔樓村,10013,屏東縣,10013090,里港鄉,905,10013090007,塔樓村,270,309,7,T,PIF,NULL,NULL
屏東縣里港鄉潮厝村,10013,屏東縣,10013090,里港鄉,905,10013090008,潮厝村,270,309,8,T,PIF,NULL,NULL
屏東縣里港鄉茄苳村,10013,屏東縣,10013090,里港鄉,905,10013090009,茄苳村,270,309,9,T,PIF,NULL,NULL
屏東縣里港鄉載興村,10013,屏東縣,10013090,里港鄉,905,10013090010,載興村,270,309,10,T,PIF,NULL,NULL
屏東縣里港鄉土庫村,10013,屏東縣,10013090,里港鄉,905,10013090011,土庫村,270,309,11,T,PIF,NULL,NULL
屏東縣里港鄉三廍村,10013,屏東縣,10013090,里港鄉,905,10013090012,三廍村,270,309,12,T,PIF,NULL,NULL
屏東縣里港鄉中和村,10013,屏東縣,10013090,里港鄉,905,10013090013,中和村,270,309,13,T,PIF,NULL,NULL
屏東縣里港鄉瀰力村,10013,屏東縣,10013090,里港鄉,905,10013090014,瀰力村,270,309,14,T,PIF,NULL,NULL
屏東縣鹽埔鄉新圍村,10013,屏東縣,10013100,鹽埔鄉,907,10013100001,新圍村,270,310,1,T,PIF,NULL,NULL
屏東縣鹽埔鄉高朗村,10013,屏東縣,10013100,鹽埔鄉,907,10013100002,高朗村,270,310,2,T,PIF,NULL,NULL
屏東縣鹽埔鄉鹽北村,10013,屏東縣,10013100,鹽埔鄉,907,10013100003,鹽北村,270,310,3,T,PIF,NULL,NULL
屏東縣鹽埔鄉鹽中村,10013,屏東縣,10013100,鹽埔鄉,907,10013100004,鹽中村,270,310,4,T,PIF,NULL,NULL
屏東縣鹽埔鄉鹽南村,10013,屏東縣,10013100,鹽埔鄉,907,10013100005,鹽南村,270,310,5,T,PIF,NULL,NULL
屏東縣鹽埔鄉仕絨村,10013,屏東縣,10013100,鹽埔鄉,907,10013100006,仕絨村,270,310,6,T,PIF,NULL,NULL
屏東縣鹽埔鄉振興村,10013,屏東縣,10013100,鹽埔鄉,907,10013100007,振興村,270,310,7,T,PIF,NULL,NULL
屏東縣鹽埔鄉永隆村,10013,屏東縣,10013100,鹽埔鄉,907,10013100008,永隆村,270,310,8,T,PIF,NULL,NULL
屏東縣鹽埔鄉久愛村,10013,屏東縣,10013100,鹽埔鄉,907,10013100009,久愛村,270,310,9,T,PIF,NULL,NULL
屏東縣鹽埔鄉洛陽村,10013,屏東縣,10013100,鹽埔鄉,907,10013100010,洛陽村,270,310,10,T,PIF,NULL,NULL
屏東縣鹽埔鄉新二村,10013,屏東縣,10013100,鹽埔鄉,907,10013100011,新二村,270,310,11,T,PIF,NULL,NULL
屏東縣鹽埔鄉彭厝村,10013,屏東縣,10013100,鹽埔鄉,907,10013100012,彭厝村,270,310,12,T,PIF,NULL,NULL
屏東縣高樹鄉高樹村,10013,屏東縣,10013110,高樹鄉,906,10013110001,高樹村,270,311,1,T,PIF,NULL,NULL
屏東縣高樹鄉長榮村,10013,屏東縣,10013110,高樹鄉,906,10013110002,長榮村,270,311,2,T,PIF,NULL,NULL
屏東縣高樹鄉東興村,10013,屏東縣,10013110,高樹鄉,906,10013110003,東興村,270,311,3,T,PIF,NULL,NULL
屏東縣高樹鄉東振村,10013,屏東縣,10013110,高樹鄉,906,10013110004,東振村,270,311,4,T,PIF,NULL,NULL
屏東縣高樹鄉源泉村,10013,屏東縣,10013110,高樹鄉,906,10013110005,源泉村,270,311,5,T,PIF,NULL,NULL
屏東縣高樹鄉建興村,10013,屏東縣,10013110,高樹鄉,906,10013110006,建興村,270,311,6,T,PIF,NULL,NULL
屏東縣高樹鄉大埔村,10013,屏東縣,10013110,高樹鄉,906,10013110007,大埔村,270,311,7,T,PIF,NULL,NULL
屏東縣高樹鄉菜寮村,10013,屏東縣,10013110,高樹鄉,906,10013110008,菜寮村,270,311,8,T,PIF,NULL,NULL
屏東縣高樹鄉司馬村,10013,屏東縣,10013110,高樹鄉,906,10013110009,司馬村,270,311,9,T,PIF,NULL,NULL
屏東縣高樹鄉舊寮村,10013,屏東縣,10013110,高樹鄉,906,10013110010,舊寮村,270,311,10,T,PIF,NULL,NULL
屏東縣高樹鄉新豐村,10013,屏東縣,10013110,高樹鄉,906,10013110011,新豐村,270,311,11,T,PIF,NULL,NULL
屏東縣高樹鄉泰山村,10013,屏東縣,10013110,高樹鄉,906,10013110012,泰山村,270,311,12,T,PIF,NULL,NULL
屏東縣高樹鄉南華村,10013,屏東縣,10013110,高樹鄉,906,10013110013,南華村,270,311,13,T,PIF,NULL,NULL
屏東縣高樹鄉廣福村,10013,屏東縣,10013110,高樹鄉,906,10013110014,廣福村,270,311,14,T,PIF,NULL,NULL
屏東縣高樹鄉廣興村,10013,屏東縣,10013110,高樹鄉,906,10013110015,廣興村,270,311,15,T,PIF,NULL,NULL
屏東縣高樹鄉舊庄村,10013,屏東縣,10013110,高樹鄉,906,10013110016,舊庄村,270,311,16,T,PIF,NULL,NULL
屏東縣高樹鄉田子村,10013,屏東縣,10013110,高樹鄉,906,10013110017,田子村,270,311,17,T,PIF,NULL,NULL
屏東縣高樹鄉鹽樹村,10013,屏東縣,10013110,高樹鄉,906,10013110018,鹽樹村,270,311,18,T,PIF,NULL,NULL
屏東縣高樹鄉新南村,10013,屏東縣,10013110,高樹鄉,906,10013110019,新南村,270,311,19,T,PIF,NULL,NULL
屏東縣萬巒鄉萬巒村,10013,屏東縣,10013120,萬巒鄉,923,10013120001,萬巒村,270,312,1,T,PIF,NULL,NULL
屏東縣萬巒鄉萬全村,10013,屏東縣,10013120,萬巒鄉,923,10013120002,萬全村,270,312,2,T,PIF,NULL,NULL
屏東縣萬巒鄉萬和村,10013,屏東縣,10013120,萬巒鄉,923,10013120003,萬和村,270,312,3,T,PIF,NULL,NULL
屏東縣萬巒鄉鹿寮村,10013,屏東縣,10013120,萬巒鄉,923,10013120004,鹿寮村,270,312,4,T,PIF,NULL,NULL
屏東縣萬巒鄉硫黃村,10013,屏東縣,10013120,萬巒鄉,923,10013120005,硫黃村,270,312,5,T,PIF,NULL,NULL
屏東縣萬巒鄉泗溝村,10013,屏東縣,10013120,萬巒鄉,923,10013120006,泗溝村,270,312,6,T,PIF,NULL,NULL
屏東縣萬巒鄉五溝村,10013,屏東縣,10013120,萬巒鄉,923,10013120007,五溝村,270,312,7,T,PIF,NULL,NULL
屏東縣萬巒鄉成德村,10013,屏東縣,10013120,萬巒鄉,923,10013120008,成德村,270,312,8,T,PIF,NULL,NULL
屏東縣萬巒鄉萬金村,10013,屏東縣,10013120,萬巒鄉,923,10013120009,萬金村,270,312,9,T,PIF,NULL,NULL
屏東縣萬巒鄉赤山村,10013,屏東縣,10013120,萬巒鄉,923,10013120010,赤山村,270,312,10,T,PIF,NULL,NULL
屏東縣萬巒鄉佳佐村,10013,屏東縣,10013120,萬巒鄉,923,10013120011,佳佐村,270,312,11,T,PIF,NULL,NULL
屏東縣萬巒鄉佳和村,10013,屏東縣,10013120,萬巒鄉,923,10013120012,佳和村,270,312,12,T,PIF,NULL,NULL
屏東縣萬巒鄉新厝村,10013,屏東縣,10013120,萬巒鄉,923,10013120013,新厝村,270,312,13,T,PIF,NULL,NULL
屏東縣萬巒鄉新置村,10013,屏東縣,10013120,萬巒鄉,923,10013120014,新置村,270,312,14,T,PIF,NULL,NULL
屏東縣內埔鄉內埔村,10013,屏東縣,10013130,內埔鄉,912,10013130001,內埔村,270,313,1,T,PIF,NULL,NULL
屏東縣內埔鄉內田村,10013,屏東縣,10013130,內埔鄉,912,10013130002,內田村,270,313,2,T,PIF,NULL,NULL
屏東縣內埔鄉興南村,10013,屏東縣,10013130,內埔鄉,912,10013130003,興南村,270,313,3,T,PIF,NULL,NULL
屏東縣內埔鄉義亭村,10013,屏東縣,10013130,內埔鄉,912,10013130004,義亭村,270,313,4,T,PIF,NULL,NULL
屏東縣內埔鄉美和村,10013,屏東縣,10013130,內埔鄉,912,10013130005,美和村,270,313,5,T,PIF,NULL,NULL
屏東縣內埔鄉和興村,10013,屏東縣,10013130,內埔鄉,912,10013130006,和興村,270,313,6,T,PIF,NULL,NULL
屏東縣內埔鄉東寧村,10013,屏東縣,10013130,內埔鄉,912,10013130007,東寧村,270,313,7,T,PIF,NULL,NULL
屏東縣內埔鄉豐田村,10013,屏東縣,10013130,內埔鄉,912,10013130008,豐田村,270,313,8,T,PIF,NULL,NULL
屏東縣內埔鄉振豐村,10013,屏東縣,10013130,內埔鄉,912,10013130009,振豐村,270,313,9,T,PIF,NULL,NULL
屏東縣內埔鄉富田村,10013,屏東縣,10013130,內埔鄉,912,10013130010,富田村,270,313,10,T,PIF,NULL,NULL
屏東縣內埔鄉竹圍村,10013,屏東縣,10013130,內埔鄉,912,10013130011,竹圍村,270,313,11,T,PIF,NULL,NULL
屏東縣內埔鄉東勢村,10013,屏東縣,10013130,內埔鄉,912,10013130012,東勢村,270,313,12,T,PIF,NULL,NULL
屏東縣內埔鄉東片村,10013,屏東縣,10013130,內埔鄉,912,10013130013,東片村,270,313,13,T,PIF,NULL,NULL
屏東縣內埔鄉上樹村,10013,屏東縣,10013130,內埔鄉,912,10013130014,上樹村,270,313,14,T,PIF,NULL,NULL
屏東縣內埔鄉老埤村,10013,屏東縣,10013130,內埔鄉,912,10013130015,老埤村,270,313,15,T,PIF,NULL,NULL
屏東縣內埔鄉中林村,10013,屏東縣,10013130,內埔鄉,912,10013130016,中林村,270,313,16,T,PIF,NULL,NULL
屏東縣內埔鄉龍泉村,10013,屏東縣,10013130,內埔鄉,912,10013130017,龍泉村,270,313,17,T,PIF,NULL,NULL
屏東縣內埔鄉龍潭村,10013,屏東縣,10013130,內埔鄉,912,10013130018,龍潭村,270,313,18,T,PIF,NULL,NULL
屏東縣內埔鄉建興村,10013,屏東縣,10013130,內埔鄉,912,10013130019,建興村,270,313,19,T,PIF,NULL,NULL
屏東縣內埔鄉大新村,10013,屏東縣,10013130,內埔鄉,912,10013130020,大新村,270,313,20,T,PIF,NULL,NULL
屏東縣內埔鄉黎明村,10013,屏東縣,10013130,內埔鄉,912,10013130021,黎明村,270,313,21,T,PIF,NULL,NULL
屏東縣內埔鄉隘寮村,10013,屏東縣,10013130,內埔鄉,912,10013130022,隘寮村,270,313,22,T,PIF,NULL,NULL
屏東縣內埔鄉水門村,10013,屏東縣,10013130,內埔鄉,912,10013130023,水門村,270,313,23,T,PIF,NULL,NULL
屏東縣竹田鄉竹田村,10013,屏東縣,10013140,竹田鄉,911,10013140001,竹田村,270,314,1,T,PIF,NULL,NULL
屏東縣竹田鄉竹南村,10013,屏東縣,10013140,竹田鄉,911,10013140002,竹南村,270,314,2,T,PIF,NULL,NULL
屏東縣竹田鄉糶糴村,10013,屏東縣,10013140,竹田鄉,911,10013140003,糶糴村,270,314,3,T,PIF,NULL,NULL
屏東縣竹田鄉履豐村,10013,屏東縣,10013140,竹田鄉,911,10013140004,履豐村,270,314,4,T,PIF,NULL,NULL
屏東縣竹田鄉頭崙村,10013,屏東縣,10013140,竹田鄉,911,10013140005,頭崙村,270,314,5,T,PIF,NULL,NULL
屏東縣竹田鄉二崙村,10013,屏東縣,10013140,竹田鄉,911,10013140006,二崙村,270,314,6,T,PIF,NULL,NULL
屏東縣竹田鄉美崙村,10013,屏東縣,10013140,竹田鄉,911,10013140007,美崙村,270,314,7,T,PIF,NULL,NULL
屏東縣竹田鄉南勢村,10013,屏東縣,10013140,竹田鄉,911,10013140008,南勢村,270,314,8,T,PIF,NULL,NULL
屏東縣竹田鄉西勢村,10013,屏東縣,10013140,竹田鄉,911,10013140009,西勢村,270,314,9,T,PIF,NULL,NULL
屏東縣竹田鄉福田村,10013,屏東縣,10013140,竹田鄉,911,10013140010,福田村,270,314,10,T,PIF,NULL,NULL
屏東縣竹田鄉永豐村,10013,屏東縣,10013140,竹田鄉,911,10013140011,永豐村,270,314,11,T,PIF,NULL,NULL
屏東縣竹田鄉六巷村,10013,屏東縣,10013140,竹田鄉,911,10013140012,六巷村,270,314,12,T,PIF,NULL,NULL
屏東縣竹田鄉泗洲村,10013,屏東縣,10013140,竹田鄉,911,10013140013,泗洲村,270,314,13,T,PIF,NULL,NULL
屏東縣竹田鄉大湖村,10013,屏東縣,10013140,竹田鄉,911,10013140014,大湖村,270,314,14,T,PIF,NULL,NULL
屏東縣竹田鄉鳳明村,10013,屏東縣,10013140,竹田鄉,911,10013140015,鳳明村,270,314,15,T,PIF,NULL,NULL
屏東縣新埤鄉新埤村,10013,屏東縣,10013150,新埤鄉,925,10013150001,新埤村,270,315,1,T,PIF,NULL,NULL
屏東縣新埤鄉建功村,10013,屏東縣,10013150,新埤鄉,925,10013150002,建功村,270,315,2,T,PIF,NULL,NULL
屏東縣新埤鄉打鐵村,10013,屏東縣,10013150,新埤鄉,925,10013150003,打鐵村,270,315,3,T,PIF,NULL,NULL
屏東縣新埤鄉南豐村,10013,屏東縣,10013150,新埤鄉,925,10013150004,南豐村,270,315,4,T,PIF,NULL,NULL
屏東縣新埤鄉萬隆村,10013,屏東縣,10013150,新埤鄉,925,10013150005,萬隆村,270,315,5,T,PIF,NULL,NULL
屏東縣新埤鄉箕湖村,10013,屏東縣,10013150,新埤鄉,925,10013150006,箕湖村,270,315,6,T,PIF,NULL,NULL
屏東縣新埤鄉餉潭村,10013,屏東縣,10013150,新埤鄉,925,10013150007,餉潭村,270,315,7,T,PIF,NULL,NULL
屏東縣枋寮鄉枋寮村,10013,屏東縣,10013160,枋寮鄉,940,10013160001,枋寮村,270,316,1,T,PIF,NULL,NULL
屏東縣枋寮鄉新龍村,10013,屏東縣,10013160,枋寮鄉,940,10013160002,新龍村,270,316,2,T,PIF,NULL,NULL
屏東縣枋寮鄉保生村,10013,屏東縣,10013160,枋寮鄉,940,10013160003,保生村,270,316,3,T,PIF,NULL,NULL
屏東縣枋寮鄉中寮村,10013,屏東縣,10013160,枋寮鄉,940,10013160004,中寮村,270,316,4,T,PIF,NULL,NULL
屏東縣枋寮鄉安樂村,10013,屏東縣,10013160,枋寮鄉,940,10013160005,安樂村,270,316,5,T,PIF,NULL,NULL
屏東縣枋寮鄉隆山村,10013,屏東縣,10013160,枋寮鄉,940,10013160006,隆山村,270,316,6,T,PIF,NULL,NULL
屏東縣枋寮鄉天時村,10013,屏東縣,10013160,枋寮鄉,940,10013160007,天時村,270,316,7,T,PIF,NULL,NULL
屏東縣枋寮鄉地利村,10013,屏東縣,10013160,枋寮鄉,940,10013160008,地利村,270,316,8,T,PIF,NULL,NULL
屏東縣枋寮鄉人和村,10013,屏東縣,10013160,枋寮鄉,940,10013160009,人和村,270,316,9,T,PIF,NULL,NULL
屏東縣枋寮鄉內寮村,10013,屏東縣,10013160,枋寮鄉,940,10013160010,內寮村,270,316,10,T,PIF,NULL,NULL
屏東縣枋寮鄉新開村,10013,屏東縣,10013160,枋寮鄉,940,10013160011,新開村,270,316,11,T,PIF,NULL,NULL
屏東縣枋寮鄉太源村,10013,屏東縣,10013160,枋寮鄉,940,10013160012,太源村,270,316,12,T,PIF,NULL,NULL
屏東縣枋寮鄉玉泉村,10013,屏東縣,10013160,枋寮鄉,940,10013160013,玉泉村,270,316,13,T,PIF,NULL,NULL
屏東縣枋寮鄉東海村,10013,屏東縣,10013160,枋寮鄉,940,10013160014,東海村,270,316,14,T,PIF,NULL,NULL
屏東縣枋寮鄉大庄村,10013,屏東縣,10013160,枋寮鄉,940,10013160015,大庄村,270,316,15,T,PIF,NULL,NULL
屏東縣新園鄉瓦󿾨村,10013,屏東縣,10013170,新園鄉,932,10013170001,瓦󿾨村,270,317,1,T,PIF,NULL,NULL
屏東縣新園鄉仙吉村,10013,屏東縣,10013170,新園鄉,932,10013170002,仙吉村,270,317,2,T,PIF,NULL,NULL
屏東縣新園鄉田洋村,10013,屏東縣,10013170,新園鄉,932,10013170003,田洋村,270,317,3,T,PIF,NULL,NULL
屏東縣新園鄉港墘村,10013,屏東縣,10013170,新園鄉,932,10013170004,港墘村,270,317,4,T,PIF,NULL,NULL
屏東縣新園鄉內庄村,10013,屏東縣,10013170,新園鄉,932,10013170005,內庄村,270,317,5,T,PIF,NULL,NULL
屏東縣新園鄉新東村,10013,屏東縣,10013170,新園鄉,932,10013170006,新東村,270,317,6,T,PIF,NULL,NULL
屏東縣新園鄉新園村,10013,屏東縣,10013170,新園鄉,932,10013170007,新園村,270,317,7,T,PIF,NULL,NULL
屏東縣新園鄉烏龍村,10013,屏東縣,10013170,新園鄉,932,10013170008,烏龍村,270,317,8,T,PIF,NULL,NULL
屏東縣新園鄉興龍村,10013,屏東縣,10013170,新園鄉,932,10013170009,興龍村,270,317,9,T,PIF,NULL,NULL
屏東縣新園鄉中洲村,10013,屏東縣,10013170,新園鄉,932,10013170010,中洲村,270,317,10,T,PIF,NULL,NULL
屏東縣新園鄉南龍村,10013,屏東縣,10013170,新園鄉,932,10013170011,南龍村,270,317,11,T,PIF,NULL,NULL
屏東縣新園鄉港西村,10013,屏東縣,10013170,新園鄉,932,10013170012,港西村,270,317,12,T,PIF,NULL,NULL
屏東縣新園鄉五房村,10013,屏東縣,10013170,新園鄉,932,10013170013,五房村,270,317,13,T,PIF,NULL,NULL
屏東縣新園鄉鹽埔村,10013,屏東縣,10013170,新園鄉,932,10013170014,鹽埔村,270,317,14,T,PIF,NULL,NULL
屏東縣新園鄉共和村,10013,屏東縣,10013170,新園鄉,932,10013170015,共和村,270,317,15,T,PIF,NULL,NULL
屏東縣崁頂鄉崁頂村,10013,屏東縣,10013180,崁頂鄉,924,10013180001,崁頂村,270,318,1,T,PIF,NULL,NULL
屏東縣崁頂鄉園寮村,10013,屏東縣,10013180,崁頂鄉,924,10013180002,園寮村,270,318,2,T,PIF,NULL,NULL
屏東縣崁頂鄉圍內村,10013,屏東縣,10013180,崁頂鄉,924,10013180003,圍內村,270,318,3,T,PIF,NULL,NULL
屏東縣崁頂鄉力社村,10013,屏東縣,10013180,崁頂鄉,924,10013180004,力社村,270,318,4,T,PIF,NULL,NULL
屏東縣崁頂鄉洲子村,10013,屏東縣,10013180,崁頂鄉,924,10013180005,洲子村,270,318,5,T,PIF,NULL,NULL
屏東縣崁頂鄉北勢村,10013,屏東縣,10013180,崁頂鄉,924,10013180006,北勢村,270,318,6,T,PIF,NULL,NULL
屏東縣崁頂鄉越溪村,10013,屏東縣,10013180,崁頂鄉,924,10013180007,越溪村,270,318,7,T,PIF,NULL,NULL
屏東縣崁頂鄉港東村,10013,屏東縣,10013180,崁頂鄉,924,10013180008,港東村,270,318,8,T,PIF,NULL,NULL
屏東縣林邊鄉林邊村,10013,屏東縣,10013190,林邊鄉,927,10013190001,林邊村,270,319,1,T,PIF,NULL,NULL
屏東縣林邊鄉光林村,10013,屏東縣,10013190,林邊鄉,927,10013190002,光林村,270,319,2,T,PIF,NULL,NULL
屏東縣林邊鄉仁和村,10013,屏東縣,10013190,林邊鄉,927,10013190003,仁和村,270,319,3,T,PIF,NULL,NULL
屏東縣林邊鄉中林村,10013,屏東縣,10013190,林邊鄉,927,10013190004,中林村,270,319,4,T,PIF,NULL,NULL
屏東縣林邊鄉永樂村,10013,屏東縣,10013190,林邊鄉,927,10013190005,永樂村,270,319,5,T,PIF,NULL,NULL
屏東縣林邊鄉水利村,10013,屏東縣,10013190,林邊鄉,927,10013190006,水利村,270,319,6,T,PIF,NULL,NULL
屏東縣林邊鄉崎峯村,10013,屏東縣,10013190,林邊鄉,927,10013190007,崎峯村,270,319,7,T,PIF,NULL,NULL
屏東縣林邊鄉田厝村,10013,屏東縣,10013190,林邊鄉,927,10013190008,田厝村,270,319,8,T,PIF,NULL,NULL
屏東縣林邊鄉竹林村,10013,屏東縣,10013190,林邊鄉,927,10013190009,竹林村,270,319,9,T,PIF,NULL,NULL
屏東縣林邊鄉鎮安村,10013,屏東縣,10013190,林邊鄉,927,10013190010,鎮安村,270,319,10,T,PIF,NULL,NULL
屏東縣南州鄉溪洲村,10013,屏東縣,10013200,南州鄉,926,10013200001,溪洲村,270,320,1,T,PIF,NULL,NULL
屏東縣南州鄉溪南村,10013,屏東縣,10013200,南州鄉,926,10013200002,溪南村,270,320,2,T,PIF,NULL,NULL
屏東縣南州鄉仁里村,10013,屏東縣,10013200,南州鄉,926,10013200003,仁里村,270,320,3,T,PIF,NULL,NULL
屏東縣南州鄉溪北村,10013,屏東縣,10013200,南州鄉,926,10013200004,溪北村,270,320,4,T,PIF,NULL,NULL
屏東縣南州鄉七塊村,10013,屏東縣,10013200,南州鄉,926,10013200005,七塊村,270,320,5,T,PIF,NULL,NULL
屏東縣南州鄉萬華村,10013,屏東縣,10013200,南州鄉,926,10013200006,萬華村,270,320,6,T,PIF,NULL,NULL
屏東縣南州鄉米崙村,10013,屏東縣,10013200,南州鄉,926,10013200007,米崙村,270,320,7,T,PIF,NULL,NULL
屏東縣南州鄉壽元村,10013,屏東縣,10013200,南州鄉,926,10013200008,壽元村,270,320,8,T,PIF,NULL,NULL
屏東縣南州鄉同安村,10013,屏東縣,10013200,南州鄉,926,10013200009,同安村,270,320,9,T,PIF,NULL,NULL
屏東縣南州鄉南安村,10013,屏東縣,10013200,南州鄉,926,10013200010,南安村,270,320,10,T,PIF,NULL,NULL
屏東縣佳冬鄉佳冬村,10013,屏東縣,10013210,佳冬鄉,931,10013210001,佳冬村,270,321,1,T,PIF,NULL,NULL
屏東縣佳冬鄉六根村,10013,屏東縣,10013210,佳冬鄉,931,10013210002,六根村,270,321,2,T,PIF,NULL,NULL
屏東縣佳冬鄉賴家村,10013,屏東縣,10013210,佳冬鄉,931,10013210003,賴家村,270,321,3,T,PIF,NULL,NULL
屏東縣佳冬鄉萬建村,10013,屏東縣,10013210,佳冬鄉,931,10013210004,萬建村,270,321,4,T,PIF,NULL,NULL
屏東縣佳冬鄉石光村,10013,屏東縣,10013210,佳冬鄉,931,10013210005,石光村,270,321,5,T,PIF,NULL,NULL
屏東縣佳冬鄉玉光村,10013,屏東縣,10013210,佳冬鄉,931,10013210006,玉光村,270,321,6,T,PIF,NULL,NULL
屏東縣佳冬鄉昌隆村,10013,屏東縣,10013210,佳冬鄉,931,10013210007,昌隆村,270,321,7,T,PIF,NULL,NULL
屏東縣佳冬鄉豐隆村,10013,屏東縣,10013210,佳冬鄉,931,10013210008,豐隆村,270,321,8,T,PIF,NULL,NULL
屏東縣佳冬鄉大同村,10013,屏東縣,10013210,佳冬鄉,931,10013210009,大同村,270,321,9,T,PIF,NULL,NULL
屏東縣佳冬鄉羌園村,10013,屏東縣,10013210,佳冬鄉,931,10013210010,羌園村,270,321,10,T,PIF,NULL,NULL
屏東縣佳冬鄉燄溫村,10013,屏東縣,10013210,佳冬鄉,931,10013210011,燄溫村,270,321,11,T,PIF,NULL,NULL
屏東縣佳冬鄉塭豐村,10013,屏東縣,10013210,佳冬鄉,931,10013210012,塭豐村,270,321,12,T,PIF,NULL,NULL
屏東縣琉球鄉本福村,10013,屏東縣,10013220,琉球鄉,929,10013220001,本福村,270,322,1,T,PIF,NULL,NULL
屏東縣琉球鄉中福村,10013,屏東縣,10013220,琉球鄉,929,10013220002,中福村,270,322,2,T,PIF,NULL,NULL
屏東縣琉球鄉漁福村,10013,屏東縣,10013220,琉球鄉,929,10013220003,漁福村,270,322,3,T,PIF,NULL,NULL
屏東縣琉球鄉大福村,10013,屏東縣,10013220,琉球鄉,929,10013220004,大福村,270,322,4,T,PIF,NULL,NULL
屏東縣琉球鄉南福村,10013,屏東縣,10013220,琉球鄉,929,10013220005,南福村,270,322,5,T,PIF,NULL,NULL
屏東縣琉球鄉天福村,10013,屏東縣,10013220,琉球鄉,929,10013220006,天福村,270,322,6,T,PIF,NULL,NULL
屏東縣琉球鄉上福村,10013,屏東縣,10013220,琉球鄉,929,10013220007,上福村,270,322,7,T,PIF,NULL,NULL
屏東縣琉球鄉杉福村,10013,屏東縣,10013220,琉球鄉,929,10013220008,杉福村,270,322,8,T,PIF,NULL,NULL
屏東縣車城鄉福興村,10013,屏東縣,10013230,車城鄉,944,10013230001,福興村,270,323,1,T,PIF,NULL,NULL
屏東縣車城鄉福安村,10013,屏東縣,10013230,車城鄉,944,10013230002,福安村,270,323,2,T,PIF,NULL,NULL
屏東縣車城鄉田中村,10013,屏東縣,10013230,車城鄉,944,10013230003,田中村,270,323,3,T,PIF,NULL,NULL
屏東縣車城鄉海口村,10013,屏東縣,10013230,車城鄉,944,10013230004,海口村,270,323,4,T,PIF,NULL,NULL
屏東縣車城鄉統埔村,10013,屏東縣,10013230,車城鄉,944,10013230005,統埔村,270,323,5,T,PIF,NULL,NULL
屏東縣車城鄉溫泉村,10013,屏東縣,10013230,車城鄉,944,10013230006,溫泉村,270,323,6,T,PIF,NULL,NULL
屏東縣車城鄉保力村,10013,屏東縣,10013230,車城鄉,944,10013230007,保力村,270,323,7,T,PIF,NULL,NULL
屏東縣車城鄉新街村,10013,屏東縣,10013230,車城鄉,944,10013230008,新街村,270,323,8,T,PIF,NULL,NULL
屏東縣車城鄉埔墘村,10013,屏東縣,10013230,車城鄉,944,10013230009,埔墘村,270,323,9,T,PIF,NULL,NULL
屏東縣車城鄉射寮村,10013,屏東縣,10013230,車城鄉,944,10013230010,射寮村,270,323,10,T,PIF,NULL,NULL
屏東縣車城鄉後灣村,10013,屏東縣,10013230,車城鄉,944,10013230011,後灣村,270,323,11,T,PIF,NULL,NULL
屏東縣滿州鄉滿州村,10013,屏東縣,10013240,滿州鄉,947,10013240001,滿州村,270,324,1,T,PIF,NULL,NULL
屏東縣滿州鄉里德村,10013,屏東縣,10013240,滿州鄉,947,10013240002,里德村,270,324,2,T,PIF,NULL,NULL
屏東縣滿州鄉永靖村,10013,屏東縣,10013240,滿州鄉,947,10013240003,永靖村,270,324,3,T,PIF,NULL,NULL
屏東縣滿州鄉港口村,10013,屏東縣,10013240,滿州鄉,947,10013240004,港口村,270,324,4,T,PIF,NULL,NULL
屏東縣滿州鄉响林村,10013,屏東縣,10013240,滿州鄉,947,10013240005,响林村,270,324,5,T,PIF,NULL,NULL
屏東縣滿州鄉長樂村,10013,屏東縣,10013240,滿州鄉,947,10013240006,長樂村,270,324,6,T,PIF,NULL,NULL
屏東縣滿州鄉九棚村,10013,屏東縣,10013240,滿州鄉,947,10013240007,九棚村,270,324,7,T,PIF,NULL,NULL
屏東縣滿州鄉港仔村,10013,屏東縣,10013240,滿州鄉,947,10013240008,港仔村,270,324,8,T,PIF,NULL,NULL
屏東縣枋山鄉枋山村,10013,屏東縣,10013250,枋山鄉,941,10013250001,枋山村,270,325,1,T,PIF,NULL,NULL
屏東縣枋山鄉加祿村,10013,屏東縣,10013250,枋山鄉,941,10013250002,加祿村,270,325,2,T,PIF,NULL,NULL
屏東縣枋山鄉楓港村,10013,屏東縣,10013250,枋山鄉,941,10013250003,楓港村,270,325,3,T,PIF,NULL,NULL
屏東縣枋山鄉善餘村,10013,屏東縣,10013250,枋山鄉,941,10013250004,善餘村,270,325,4,T,PIF,NULL,NULL
屏東縣三地門鄉三地村,10013,屏東縣,10013260,三地門鄉,901,10013260001,三地村,270,326,1,T,PIF,NULL,NULL
屏東縣三地門鄉達來村,10013,屏東縣,10013260,三地門鄉,901,10013260002,達來村,270,326,2,T,PIF,NULL,NULL
屏東縣三地門鄉德文村,10013,屏東縣,10013260,三地門鄉,901,10013260003,德文村,270,326,3,T,PIF,NULL,NULL
屏東縣三地門鄉大社村,10013,屏東縣,10013260,三地門鄉,901,10013260004,大社村,270,326,4,T,PIF,NULL,NULL
屏東縣三地門鄉賽嘉村,10013,屏東縣,10013260,三地門鄉,901,10013260005,賽嘉村,270,326,5,T,PIF,NULL,NULL
屏東縣三地門鄉口社村,10013,屏東縣,10013260,三地門鄉,901,10013260006,口社村,270,326,6,T,PIF,NULL,NULL
屏東縣三地門鄉馬兒村,10013,屏東縣,10013260,三地門鄉,901,10013260007,馬兒村,270,326,7,T,PIF,NULL,NULL
屏東縣三地門鄉安坡村,10013,屏東縣,10013260,三地門鄉,901,10013260008,安坡村,270,326,8,T,PIF,NULL,NULL
屏東縣三地門鄉青山村,10013,屏東縣,10013260,三地門鄉,901,10013260009,青山村,270,326,9,T,PIF,NULL,NULL
屏東縣三地門鄉青葉村,10013,屏東縣,10013260,三地門鄉,901,10013260010,青葉村,270,326,10,T,PIF,NULL,NULL
屏東縣霧臺鄉霧台村,10013,屏東縣,10013270,霧臺鄉,902,10013270001,霧台村,270,327,1,T,PIF,NULL,NULL
屏東縣霧臺鄉阿禮村,10013,屏東縣,10013270,霧臺鄉,902,10013270002,阿禮村,270,327,2,T,PIF,NULL,NULL
屏東縣霧臺鄉吉露村,10013,屏東縣,10013270,霧臺鄉,902,10013270003,吉露村,270,327,3,T,PIF,NULL,NULL
屏東縣霧臺鄉大武村,10013,屏東縣,10013270,霧臺鄉,902,10013270004,大武村,270,327,4,T,PIF,NULL,NULL
屏東縣霧臺鄉佳暮村,10013,屏東縣,10013270,霧臺鄉,902,10013270005,佳暮村,270,327,5,T,PIF,NULL,NULL
屏東縣霧臺鄉好茶村,10013,屏東縣,10013270,霧臺鄉,902,10013270006,好茶村,270,327,6,T,PIF,NULL,NULL
屏東縣瑪家鄉瑪家村,10013,屏東縣,10013280,瑪家鄉,903,10013280001,瑪家村,270,328,1,T,PIF,NULL,NULL
屏東縣瑪家鄉北葉村,10013,屏東縣,10013280,瑪家鄉,903,10013280002,北葉村,270,328,2,T,PIF,NULL,NULL
屏東縣瑪家鄉凉山村,10013,屏東縣,10013280,瑪家鄉,903,10013280003,凉山村,270,328,3,T,PIF,NULL,NULL
屏東縣瑪家鄉佳義村,10013,屏東縣,10013280,瑪家鄉,903,10013280004,佳義村,270,328,4,T,PIF,NULL,NULL
屏東縣瑪家鄉排灣村,10013,屏東縣,10013280,瑪家鄉,903,10013280005,排灣村,270,328,5,T,PIF,NULL,NULL
屏東縣瑪家鄉三和村,10013,屏東縣,10013280,瑪家鄉,903,10013280006,三和村,270,328,6,T,PIF,NULL,NULL
屏東縣泰武鄉佳平村,10013,屏東縣,10013290,泰武鄉,921,10013290001,佳平村,270,329,1,T,PIF,NULL,NULL
屏東縣泰武鄉武潭村,10013,屏東縣,10013290,泰武鄉,921,10013290002,武潭村,270,329,2,T,PIF,NULL,NULL
屏東縣泰武鄉平和村,10013,屏東縣,10013290,泰武鄉,921,10013290003,平和村,270,329,3,T,PIF,NULL,NULL
屏東縣泰武鄉佳興村,10013,屏東縣,10013290,泰武鄉,921,10013290004,佳興村,270,329,4,T,PIF,NULL,NULL
屏東縣泰武鄉泰武村,10013,屏東縣,10013290,泰武鄉,921,10013290005,泰武村,270,329,5,T,PIF,NULL,NULL
屏東縣泰武鄉萬安村,10013,屏東縣,10013290,泰武鄉,921,10013290006,萬安村,270,329,6,T,PIF,NULL,NULL
屏東縣來義鄉來義村,10013,屏東縣,10013300,來義鄉,922,10013300001,來義村,270,330,1,T,PIF,NULL,NULL
屏東縣來義鄉義林村,10013,屏東縣,10013300,來義鄉,922,10013300002,義林村,270,330,2,T,PIF,NULL,NULL
屏東縣來義鄉丹林村,10013,屏東縣,10013300,來義鄉,922,10013300003,丹林村,270,330,3,T,PIF,NULL,NULL
屏東縣來義鄉古樓村,10013,屏東縣,10013300,來義鄉,922,10013300004,古樓村,270,330,4,T,PIF,NULL,NULL
屏東縣來義鄉文樂村,10013,屏東縣,10013300,來義鄉,922,10013300005,文樂村,270,330,5,T,PIF,NULL,NULL
屏東縣來義鄉望嘉村,10013,屏東縣,10013300,來義鄉,922,10013300006,望嘉村,270,330,6,T,PIF,NULL,NULL
屏東縣來義鄉南和村,10013,屏東縣,10013300,來義鄉,922,10013300007,南和村,270,330,7,T,PIF,NULL,NULL
屏東縣春日鄉春日村,10013,屏東縣,10013310,春日鄉,942,10013310001,春日村,270,331,1,T,PIF,NULL,NULL
屏東縣春日鄉古華村,10013,屏東縣,10013310,春日鄉,942,10013310002,古華村,270,331,2,T,PIF,NULL,NULL
屏東縣春日鄉士文村,10013,屏東縣,10013310,春日鄉,942,10013310003,士文村,270,331,3,T,PIF,NULL,NULL
屏東縣春日鄉七佳村,10013,屏東縣,10013310,春日鄉,942,10013310004,七佳村,270,331,4,T,PIF,NULL,NULL
屏東縣春日鄉歸崇村,10013,屏東縣,10013310,春日鄉,942,10013310005,歸崇村,270,331,5,T,PIF,NULL,NULL
屏東縣春日鄉力里村,10013,屏東縣,10013310,春日鄉,942,10013310006,力里村,270,331,6,T,PIF,NULL,NULL
屏東縣獅子鄉楓林村,10013,屏東縣,10013320,獅子鄉,943,10013320001,楓林村,270,332,1,T,PIF,NULL,NULL
屏東縣獅子鄉丹路村,10013,屏東縣,10013320,獅子鄉,943,10013320002,丹路村,270,332,2,T,PIF,NULL,NULL
屏東縣獅子鄉草埔村,10013,屏東縣,10013320,獅子鄉,943,10013320003,草埔村,270,332,3,T,PIF,NULL,NULL
屏東縣獅子鄉內文村,10013,屏東縣,10013320,獅子鄉,943,10013320004,內文村,270,332,4,T,PIF,NULL,NULL
屏東縣獅子鄉竹坑村,10013,屏東縣,10013320,獅子鄉,943,10013320005,竹坑村,270,332,5,T,PIF,NULL,NULL
屏東縣獅子鄉獅子村,10013,屏東縣,10013320,獅子鄉,943,10013320006,獅子村,270,332,6,T,PIF,NULL,NULL
屏東縣獅子鄉內獅村,10013,屏東縣,10013320,獅子鄉,943,10013320007,內獅村,270,332,7,T,PIF,NULL,NULL
屏東縣獅子鄉南世村,10013,屏東縣,10013320,獅子鄉,943,10013320008,南世村,270,332,8,T,PIF,NULL,NULL
屏東縣牡丹鄉石門村,10013,屏東縣,10013330,牡丹鄉,945,10013330001,石門村,270,333,1,T,PIF,NULL,NULL
屏東縣牡丹鄉牡丹村,10013,屏東縣,10013330,牡丹鄉,945,10013330002,牡丹村,270,333,2,T,PIF,NULL,NULL
屏東縣牡丹鄉東源村,10013,屏東縣,10013330,牡丹鄉,945,10013330003,東源村,270,333,3,T,PIF,NULL,NULL
屏東縣牡丹鄉旭海村,10013,屏東縣,10013330,牡丹鄉,945,10013330004,旭海村,270,333,4,T,PIF,NULL,NULL
屏東縣牡丹鄉高士村,10013,屏東縣,10013330,牡丹鄉,945,10013330005,高士村,270,333,5,T,PIF,NULL,NULL
屏東縣牡丹鄉四林村,10013,屏東縣,10013330,牡丹鄉,945,10013330006,四林村,270,333,6,T,PIF,NULL,NULL
宜蘭縣宜蘭市神農里,10002,宜蘭縣,10002010,宜蘭市,260,10002010001,神農里,280,201,1,G,ILA,NULL,NULL
宜蘭縣宜蘭市民權里,10002,宜蘭縣,10002010,宜蘭市,260,10002010002,民權里,280,201,2,G,ILA,NULL,NULL
宜蘭縣宜蘭市進士里,10002,宜蘭縣,10002010,宜蘭市,260,10002010008,進士里,280,201,8,G,ILA,NULL,NULL
宜蘭縣宜蘭市南橋里,10002,宜蘭縣,10002010,宜蘭市,260,10002010009,南橋里,280,201,9,G,ILA,NULL,NULL
宜蘭縣宜蘭市建業里,10002,宜蘭縣,10002010,宜蘭市,260,10002010010,建業里,280,201,10,G,ILA,NULL,NULL
宜蘭縣宜蘭市南津里,10002,宜蘭縣,10002010,宜蘭市,260,10002010011,南津里,280,201,11,G,ILA,NULL,NULL
宜蘭縣宜蘭市凱旋里,10002,宜蘭縣,10002010,宜蘭市,260,10002010012,凱旋里,280,201,12,G,ILA,NULL,NULL
宜蘭縣宜蘭市黎明里,10002,宜蘭縣,10002010,宜蘭市,260,10002010013,黎明里,280,201,13,G,ILA,NULL,NULL
宜蘭縣宜蘭市東村里,10002,宜蘭縣,10002010,宜蘭市,260,10002010014,東村里,280,201,14,G,ILA,NULL,NULL
宜蘭縣宜蘭市延平里,10002,宜蘭縣,10002010,宜蘭市,260,10002010015,延平里,280,201,15,G,ILA,NULL,NULL
宜蘭縣宜蘭市七張里,10002,宜蘭縣,10002010,宜蘭市,260,10002010016,七張里,280,201,16,G,ILA,NULL,NULL
宜蘭縣宜蘭市慈安里,10002,宜蘭縣,10002010,宜蘭市,260,10002010017,慈安里,280,201,17,G,ILA,NULL,NULL
宜蘭縣宜蘭市新民里,10002,宜蘭縣,10002010,宜蘭市,260,10002010018,新民里,280,201,18,G,ILA,NULL,NULL
宜蘭縣宜蘭市東門里,10002,宜蘭縣,10002010,宜蘭市,260,10002010019,東門里,280,201,19,G,ILA,NULL,NULL
宜蘭縣宜蘭市小東里,10002,宜蘭縣,10002010,宜蘭市,260,10002010021,小東里,280,201,21,G,ILA,NULL,NULL
宜蘭縣宜蘭市菜園里,10002,宜蘭縣,10002010,宜蘭市,260,10002010022,菜園里,280,201,22,G,ILA,NULL,NULL
宜蘭縣宜蘭市孝廉里,10002,宜蘭縣,10002010,宜蘭市,260,10002010023,孝廉里,280,201,23,G,ILA,NULL,NULL
宜蘭縣宜蘭市新生里,10002,宜蘭縣,10002010,宜蘭市,260,10002010024,新生里,280,201,24,G,ILA,NULL,NULL
宜蘭縣宜蘭市茭白里,10002,宜蘭縣,10002010,宜蘭市,260,10002010025,茭白里,280,201,25,G,ILA,NULL,NULL
宜蘭縣宜蘭市北津里,10002,宜蘭縣,10002010,宜蘭市,260,10002010026,北津里,280,201,26,G,ILA,NULL,NULL
宜蘭縣宜蘭市梅洲里,10002,宜蘭縣,10002010,宜蘭市,260,10002010027,梅洲里,280,201,27,G,ILA,NULL,NULL
宜蘭縣宜蘭市北門里,10002,宜蘭縣,10002010,宜蘭市,260,10002010028,北門里,280,201,28,G,ILA,NULL,NULL
宜蘭縣宜蘭市中山里,10002,宜蘭縣,10002010,宜蘭市,260,10002010031,中山里,280,201,31,G,ILA,NULL,NULL
宜蘭縣宜蘭市西門里,10002,宜蘭縣,10002010,宜蘭市,260,10002010032,西門里,280,201,32,G,ILA,NULL,NULL
宜蘭縣宜蘭市南門里,10002,宜蘭縣,10002010,宜蘭市,260,10002010034,南門里,280,201,34,G,ILA,NULL,NULL
宜蘭縣宜蘭市負郭里,10002,宜蘭縣,10002010,宜蘭市,260,10002010035,負郭里,280,201,35,G,ILA,NULL,NULL
宜蘭縣宜蘭市民族里,10002,宜蘭縣,10002010,宜蘭市,260,10002010036,民族里,280,201,36,G,ILA,NULL,NULL
宜蘭縣宜蘭市建軍里,10002,宜蘭縣,10002010,宜蘭市,260,10002010037,建軍里,280,201,37,G,ILA,NULL,NULL
宜蘭縣宜蘭市思源里,10002,宜蘭縣,10002010,宜蘭市,260,10002010038,思源里,280,201,38,G,ILA,NULL,NULL
宜蘭縣宜蘭市文化里,10002,宜蘭縣,10002010,宜蘭市,260,10002010039,文化里,280,201,39,G,ILA,NULL,NULL
宜蘭縣宜蘭市復興里,10002,宜蘭縣,10002010,宜蘭市,260,10002010040,復興里,280,201,40,G,ILA,NULL,NULL
宜蘭縣宜蘭市成功里,10002,宜蘭縣,10002010,宜蘭市,260,10002010041,成功里,280,201,41,G,ILA,NULL,NULL
宜蘭縣宜蘭市新東里,10002,宜蘭縣,10002010,宜蘭市,260,10002010042,新東里,280,201,42,G,ILA,NULL,NULL
宜蘭縣宜蘭市七結里,10002,宜蘭縣,10002010,宜蘭市,260,10002010043,七結里,280,201,43,G,ILA,NULL,NULL
宜蘭縣宜蘭市泰山里,10002,宜蘭縣,10002010,宜蘭市,260,10002010044,泰山里,280,201,44,G,ILA,NULL,NULL
宜蘭縣宜蘭市大新里,10002,宜蘭縣,10002010,宜蘭市,260,10002010045,大新里,280,201,45,G,ILA,NULL,NULL
宜蘭縣宜蘭市中興里,10002,宜蘭縣,10002010,宜蘭市,260,10002010046,中興里,280,201,46,G,ILA,NULL,NULL
宜蘭縣宜蘭市擺厘里,10002,宜蘭縣,10002010,宜蘭市,260,10002010047,擺厘里,280,201,47,G,ILA,NULL,NULL
宜蘭縣羅東鎮大新里,10002,宜蘭縣,10002020,羅東鎮,265,10002020004,大新里,280,202,4,G,ILA,NULL,NULL
宜蘭縣羅東鎮東安里,10002,宜蘭縣,10002020,羅東鎮,265,10002020005,東安里,280,202,5,G,ILA,NULL,NULL
宜蘭縣羅東鎮新群里,10002,宜蘭縣,10002020,羅東鎮,265,10002020006,新群里,280,202,6,G,ILA,NULL,NULL
宜蘭縣羅東鎮羅莊里,10002,宜蘭縣,10002020,羅東鎮,265,10002020007,羅莊里,280,202,7,G,ILA,NULL,NULL
宜蘭縣羅東鎮南昌里,10002,宜蘭縣,10002020,羅東鎮,265,10002020008,南昌里,280,202,8,G,ILA,NULL,NULL
宜蘭縣羅東鎮南豪里,10002,宜蘭縣,10002020,羅東鎮,265,10002020009,南豪里,280,202,9,G,ILA,NULL,NULL
宜蘭縣羅東鎮成功里,10002,宜蘭縣,10002020,羅東鎮,265,10002020010,成功里,280,202,10,G,ILA,NULL,NULL
宜蘭縣羅東鎮仁德里,10002,宜蘭縣,10002020,羅東鎮,265,10002020011,仁德里,280,202,11,G,ILA,NULL,NULL
宜蘭縣羅東鎮漢民里,10002,宜蘭縣,10002020,羅東鎮,265,10002020016,漢民里,280,202,16,G,ILA,NULL,NULL
宜蘭縣羅東鎮西安里,10002,宜蘭縣,10002020,羅東鎮,265,10002020017,西安里,280,202,17,G,ILA,NULL,NULL
宜蘭縣羅東鎮北成里,10002,宜蘭縣,10002020,羅東鎮,265,10002020018,北成里,280,202,18,G,ILA,NULL,NULL
宜蘭縣羅東鎮賢文里,10002,宜蘭縣,10002020,羅東鎮,265,10002020019,賢文里,280,202,19,G,ILA,NULL,NULL
宜蘭縣羅東鎮公正里,10002,宜蘭縣,10002020,羅東鎮,265,10002020020,公正里,280,202,20,G,ILA,NULL,NULL
宜蘭縣羅東鎮集祥里,10002,宜蘭縣,10002020,羅東鎮,265,10002020021,集祥里,280,202,21,G,ILA,NULL,NULL
宜蘭縣羅東鎮信義里,10002,宜蘭縣,10002020,羅東鎮,265,10002020022,信義里,280,202,22,G,ILA,NULL,NULL
宜蘭縣羅東鎮竹林里,10002,宜蘭縣,10002020,羅東鎮,265,10002020023,竹林里,280,202,23,G,ILA,NULL,NULL
宜蘭縣羅東鎮仁愛里,10002,宜蘭縣,10002020,羅東鎮,265,10002020024,仁愛里,280,202,24,G,ILA,NULL,NULL
宜蘭縣羅東鎮樹林里,10002,宜蘭縣,10002020,羅東鎮,265,10002020025,樹林里,280,202,25,G,ILA,NULL,NULL
宜蘭縣羅東鎮國華里,10002,宜蘭縣,10002020,羅東鎮,265,10002020026,國華里,280,202,26,G,ILA,NULL,NULL
宜蘭縣羅東鎮維揚里,10002,宜蘭縣,10002020,羅東鎮,265,10002020027,維揚里,280,202,27,G,ILA,NULL,NULL
宜蘭縣羅東鎮開明里,10002,宜蘭縣,10002020,羅東鎮,265,10002020028,開明里,280,202,28,G,ILA,NULL,NULL
宜蘭縣羅東鎮中山里,10002,宜蘭縣,10002020,羅東鎮,265,10002020029,中山里,280,202,29,G,ILA,NULL,NULL
宜蘭縣羅東鎮仁和里,10002,宜蘭縣,10002020,羅東鎮,265,10002020030,仁和里,280,202,30,G,ILA,NULL,NULL
宜蘭縣蘇澳鎮龍德里,10002,宜蘭縣,10002030,蘇澳鎮,270,10002030001,龍德里,280,203,1,G,ILA,NULL,NULL
宜蘭縣蘇澳鎮頂寮里,10002,宜蘭縣,10002030,蘇澳鎮,270,10002030002,頂寮里,280,203,2,G,ILA,NULL,NULL
宜蘭縣蘇澳鎮永榮里,10002,宜蘭縣,10002030,蘇澳鎮,270,10002030003,永榮里,280,203,3,G,ILA,NULL,NULL
宜蘭縣蘇澳鎮存仁里,10002,宜蘭縣,10002030,蘇澳鎮,270,10002030004,存仁里,280,203,4,G,ILA,NULL,NULL
宜蘭縣蘇澳鎮港邊里,10002,宜蘭縣,10002030,蘇澳鎮,270,10002030005,港邊里,280,203,5,G,ILA,NULL,NULL
宜蘭縣蘇澳鎮隘丁里,10002,宜蘭縣,10002030,蘇澳鎮,270,10002030007,隘丁里,280,203,7,G,ILA,NULL,NULL
宜蘭縣蘇澳鎮新城里,10002,宜蘭縣,10002030,蘇澳鎮,270,10002030008,新城里,280,203,8,G,ILA,NULL,NULL
宜蘭縣蘇澳鎮聖湖里,10002,宜蘭縣,10002030,蘇澳鎮,270,10002030009,聖湖里,280,203,9,G,ILA,NULL,NULL
宜蘭縣蘇澳鎮蘇西里,10002,宜蘭縣,10002030,蘇澳鎮,270,10002030010,蘇西里,280,203,10,G,ILA,NULL,NULL
宜蘭縣蘇澳鎮蘇北里,10002,宜蘭縣,10002030,蘇澳鎮,270,10002030011,蘇北里,280,203,11,G,ILA,NULL,NULL
宜蘭縣蘇澳鎮蘇南里,10002,宜蘭縣,10002030,蘇澳鎮,270,10002030012,蘇南里,280,203,12,G,ILA,NULL,NULL
宜蘭縣蘇澳鎮蘇東里,10002,宜蘭縣,10002030,蘇澳鎮,270,10002030013,蘇東里,280,203,13,G,ILA,NULL,NULL
宜蘭縣蘇澳鎮長安里,10002,宜蘭縣,10002030,蘇澳鎮,270,10002030014,長安里,280,203,14,G,ILA,NULL,NULL
宜蘭縣蘇澳鎮永光里,10002,宜蘭縣,10002030,蘇澳鎮,270,10002030015,永光里,280,203,15,G,ILA,NULL,NULL
宜蘭縣蘇澳鎮永春里,10002,宜蘭縣,10002030,蘇澳鎮,270,10002030016,永春里,280,203,16,G,ILA,NULL,NULL
宜蘭縣蘇澳鎮永樂里,10002,宜蘭縣,10002030,蘇澳鎮,270,10002030017,永樂里,280,203,17,G,ILA,NULL,NULL
宜蘭縣蘇澳鎮南安里,10002,宜蘭縣,10002030,蘇澳鎮,270,10002030018,南安里,280,203,18,G,ILA,NULL,NULL
宜蘭縣蘇澳鎮南正里,10002,宜蘭縣,10002030,蘇澳鎮,270,10002030019,南正里,280,203,19,G,ILA,NULL,NULL
宜蘭縣蘇澳鎮南成里,10002,宜蘭縣,10002030,蘇澳鎮,270,10002030020,南成里,280,203,20,G,ILA,NULL,NULL
宜蘭縣蘇澳鎮南興里,10002,宜蘭縣,10002030,蘇澳鎮,270,10002030021,南興里,280,203,21,G,ILA,NULL,NULL
宜蘭縣蘇澳鎮南寧里,10002,宜蘭縣,10002030,蘇澳鎮,270,10002030022,南寧里,280,203,22,G,ILA,NULL,NULL
宜蘭縣蘇澳鎮南建里,10002,宜蘭縣,10002030,蘇澳鎮,270,10002030023,南建里,280,203,23,G,ILA,NULL,NULL
宜蘭縣蘇澳鎮東澳里,10002,宜蘭縣,10002030,蘇澳鎮,270,10002030024,東澳里,280,203,24,G,ILA,NULL,NULL
宜蘭縣蘇澳鎮南強里,10002,宜蘭縣,10002030,蘇澳鎮,270,10002030025,南強里,280,203,25,G,ILA,NULL,NULL
宜蘭縣蘇澳鎮朝陽里,10002,宜蘭縣,10002030,蘇澳鎮,270,10002030026,朝陽里,280,203,26,G,ILA,NULL,NULL
宜蘭縣蘇澳鎮聖愛里,10002,宜蘭縣,10002030,蘇澳鎮,270,10002030027,聖愛里,280,203,27,G,ILA,NULL,NULL
宜蘭縣頭城鎮石城里,10002,宜蘭縣,10002040,頭城鎮,261,10002040001,石城里,280,204,1,G,ILA,NULL,NULL
宜蘭縣頭城鎮大里里,10002,宜蘭縣,10002040,頭城鎮,261,10002040002,大里里,280,204,2,G,ILA,NULL,NULL
宜蘭縣頭城鎮大溪里,10002,宜蘭縣,10002040,頭城鎮,261,10002040003,大溪里,280,204,3,G,ILA,NULL,NULL
宜蘭縣頭城鎮合興里,10002,宜蘭縣,10002040,頭城鎮,261,10002040004,合興里,280,204,4,G,ILA,NULL,NULL
宜蘭縣頭城鎮更新里,10002,宜蘭縣,10002040,頭城鎮,261,10002040005,更新里,280,204,5,G,ILA,NULL,NULL
宜蘭縣頭城鎮外澳里,10002,宜蘭縣,10002040,頭城鎮,261,10002040006,外澳里,280,204,6,G,ILA,NULL,NULL
宜蘭縣頭城鎮港口里,10002,宜蘭縣,10002040,頭城鎮,261,10002040007,港口里,280,204,7,G,ILA,NULL,NULL
宜蘭縣頭城鎮武營里,10002,宜蘭縣,10002040,頭城鎮,261,10002040008,武營里,280,204,8,G,ILA,NULL,NULL
宜蘭縣頭城鎮大坑里,10002,宜蘭縣,10002040,頭城鎮,261,10002040009,大坑里,280,204,9,G,ILA,NULL,NULL
宜蘭縣頭城鎮城東里,10002,宜蘭縣,10002040,頭城鎮,261,10002040010,城東里,280,204,10,G,ILA,NULL,NULL
宜蘭縣頭城鎮城北里,10002,宜蘭縣,10002040,頭城鎮,261,10002040011,城北里,280,204,11,G,ILA,NULL,NULL
宜蘭縣頭城鎮城西里,10002,宜蘭縣,10002040,頭城鎮,261,10002040012,城西里,280,204,12,G,ILA,NULL,NULL
宜蘭縣頭城鎮城南里,10002,宜蘭縣,10002040,頭城鎮,261,10002040013,城南里,280,204,13,G,ILA,NULL,NULL
宜蘭縣頭城鎮竹安里,10002,宜蘭縣,10002040,頭城鎮,261,10002040014,竹安里,280,204,14,G,ILA,NULL,NULL
宜蘭縣頭城鎮新建里,10002,宜蘭縣,10002040,頭城鎮,261,10002040015,新建里,280,204,15,G,ILA,NULL,NULL
宜蘭縣頭城鎮拔雅里,10002,宜蘭縣,10002040,頭城鎮,261,10002040016,拔雅里,280,204,16,G,ILA,NULL,NULL
宜蘭縣頭城鎮福成里,10002,宜蘭縣,10002040,頭城鎮,261,10002040017,福成里,280,204,17,G,ILA,NULL,NULL
宜蘭縣頭城鎮金面里,10002,宜蘭縣,10002040,頭城鎮,261,10002040018,金面里,280,204,18,G,ILA,NULL,NULL
宜蘭縣頭城鎮金盈里,10002,宜蘭縣,10002040,頭城鎮,261,10002040019,金盈里,280,204,19,G,ILA,NULL,NULL
宜蘭縣頭城鎮頂埔里,10002,宜蘭縣,10002040,頭城鎮,261,10002040020,頂埔里,280,204,20,G,ILA,NULL,NULL
宜蘭縣頭城鎮下埔里,10002,宜蘭縣,10002040,頭城鎮,261,10002040021,下埔里,280,204,21,G,ILA,NULL,NULL
宜蘭縣頭城鎮中崙里,10002,宜蘭縣,10002040,頭城鎮,261,10002040022,中崙里,280,204,22,G,ILA,NULL,NULL
宜蘭縣頭城鎮二城里,10002,宜蘭縣,10002040,頭城鎮,261,10002040023,二城里,280,204,23,G,ILA,NULL,NULL
宜蘭縣頭城鎮龜山里,10002,宜蘭縣,10002040,頭城鎮,261,10002040024,龜山里,280,204,24,G,ILA,NULL,NULL
宜蘭縣礁溪鄉白雲村,10002,宜蘭縣,10002050,礁溪鄉,262,10002050001,白雲村,280,205,1,G,ILA,NULL,NULL
宜蘭縣礁溪鄉玉石村,10002,宜蘭縣,10002050,礁溪鄉,262,10002050002,玉石村,280,205,2,G,ILA,NULL,NULL
宜蘭縣礁溪鄉德陽村,10002,宜蘭縣,10002050,礁溪鄉,262,10002050003,德陽村,280,205,3,G,ILA,NULL,NULL
宜蘭縣礁溪鄉大忠村,10002,宜蘭縣,10002050,礁溪鄉,262,10002050004,大忠村,280,205,4,G,ILA,NULL,NULL
宜蘭縣礁溪鄉大義村,10002,宜蘭縣,10002050,礁溪鄉,262,10002050005,大義村,280,205,5,G,ILA,NULL,NULL
宜蘭縣礁溪鄉六結村,10002,宜蘭縣,10002050,礁溪鄉,262,10002050006,六結村,280,205,6,G,ILA,NULL,NULL
宜蘭縣礁溪鄉二龍村,10002,宜蘭縣,10002050,礁溪鄉,262,10002050007,二龍村,280,205,7,G,ILA,NULL,NULL
宜蘭縣礁溪鄉時潮村,10002,宜蘭縣,10002050,礁溪鄉,262,10002050008,時潮村,280,205,8,G,ILA,NULL,NULL
宜蘭縣礁溪鄉玉田村,10002,宜蘭縣,10002050,礁溪鄉,262,10002050009,玉田村,280,205,9,G,ILA,NULL,NULL
宜蘭縣礁溪鄉三民村,10002,宜蘭縣,10002050,礁溪鄉,262,10002050010,三民村,280,205,10,G,ILA,NULL,NULL
宜蘭縣礁溪鄉林美村,10002,宜蘭縣,10002050,礁溪鄉,262,10002050011,林美村,280,205,11,G,ILA,NULL,NULL
宜蘭縣礁溪鄉白鵝村,10002,宜蘭縣,10002050,礁溪鄉,262,10002050012,白鵝村,280,205,12,G,ILA,NULL,NULL
宜蘭縣礁溪鄉玉光村,10002,宜蘭縣,10002050,礁溪鄉,262,10002050013,玉光村,280,205,13,G,ILA,NULL,NULL
宜蘭縣礁溪鄉光武村,10002,宜蘭縣,10002050,礁溪鄉,262,10002050014,光武村,280,205,14,G,ILA,NULL,NULL
宜蘭縣礁溪鄉吳沙村,10002,宜蘭縣,10002050,礁溪鄉,262,10002050015,吳沙村,280,205,15,G,ILA,NULL,NULL
宜蘭縣礁溪鄉龍潭村,10002,宜蘭縣,10002050,礁溪鄉,262,10002050016,龍潭村,280,205,16,G,ILA,NULL,NULL
宜蘭縣礁溪鄉匏崙村,10002,宜蘭縣,10002050,礁溪鄉,262,10002050017,匏崙村,280,205,17,G,ILA,NULL,NULL
宜蘭縣礁溪鄉二結村,10002,宜蘭縣,10002050,礁溪鄉,262,10002050018,二結村,280,205,18,G,ILA,NULL,NULL
宜蘭縣壯圍鄉吉祥村,10002,宜蘭縣,10002060,壯圍鄉,263,10002060001,吉祥村,280,206,1,G,ILA,NULL,NULL
宜蘭縣壯圍鄉美福村,10002,宜蘭縣,10002060,壯圍鄉,263,10002060002,美福村,280,206,2,G,ILA,NULL,NULL
宜蘭縣壯圍鄉新南村,10002,宜蘭縣,10002060,壯圍鄉,263,10002060003,新南村,280,206,3,G,ILA,NULL,NULL
宜蘭縣壯圍鄉東港村,10002,宜蘭縣,10002060,壯圍鄉,263,10002060004,東港村,280,206,4,G,ILA,NULL,NULL
宜蘭縣壯圍鄉復興村,10002,宜蘭縣,10002060,壯圍鄉,263,10002060005,復興村,280,206,5,G,ILA,NULL,NULL
宜蘭縣壯圍鄉過嶺村,10002,宜蘭縣,10002060,壯圍鄉,263,10002060006,過嶺村,280,206,6,G,ILA,NULL,NULL
宜蘭縣壯圍鄉永鎮村,10002,宜蘭縣,10002060,壯圍鄉,263,10002060007,永鎮村,280,206,7,G,ILA,NULL,NULL
宜蘭縣壯圍鄉古亭村,10002,宜蘭縣,10002060,壯圍鄉,263,10002060009,古亭村,280,206,9,G,ILA,NULL,NULL
宜蘭縣壯圍鄉功勞村,10002,宜蘭縣,10002060,壯圍鄉,263,10002060010,功勞村,280,206,10,G,ILA,NULL,NULL
宜蘭縣壯圍鄉美城村,10002,宜蘭縣,10002060,壯圍鄉,263,10002060011,美城村,280,206,11,G,ILA,NULL,NULL
宜蘭縣壯圍鄉新社村,10002,宜蘭縣,10002060,壯圍鄉,263,10002060012,新社村,280,206,12,G,ILA,NULL,NULL
宜蘭縣壯圍鄉大福村,10002,宜蘭縣,10002060,壯圍鄉,263,10002060013,大福村,280,206,13,G,ILA,NULL,NULL
宜蘭縣壯圍鄉古結村,10002,宜蘭縣,10002060,壯圍鄉,263,10002060014,古結村,280,206,14,G,ILA,NULL,NULL
宜蘭縣壯圍鄉壯六村,10002,宜蘭縣,10002060,壯圍鄉,263,10002060015,壯六村,280,206,15,G,ILA,NULL,NULL
宜蘭縣壯圍鄉順和村,10002,宜蘭縣,10002060,壯圍鄉,263,10002060016,順和村,280,206,16,G,ILA,NULL,NULL
宜蘭縣壯圍鄉美間村,10002,宜蘭縣,10002060,壯圍鄉,263,10002060017,美間村,280,206,17,G,ILA,NULL,NULL
宜蘭縣員山鄉員山村,10002,宜蘭縣,10002070,員山鄉,264,10002070001,員山村,280,207,1,G,ILA,NULL,NULL
宜蘭縣員山鄉尚德村,10002,宜蘭縣,10002070,員山鄉,264,10002070002,尚德村,280,207,2,G,ILA,NULL,NULL
宜蘭縣員山鄉惠好村,10002,宜蘭縣,10002070,員山鄉,264,10002070003,惠好村,280,207,3,G,ILA,NULL,NULL
宜蘭縣員山鄉七賢村,10002,宜蘭縣,10002070,員山鄉,264,10002070004,七賢村,280,207,4,G,ILA,NULL,NULL
宜蘭縣員山鄉深溝村,10002,宜蘭縣,10002070,員山鄉,264,10002070005,深溝村,280,207,5,G,ILA,NULL,NULL
宜蘭縣員山鄉蓁巷村,10002,宜蘭縣,10002070,員山鄉,264,10002070006,蓁巷村,280,207,6,G,ILA,NULL,NULL
宜蘭縣員山鄉內城村,10002,宜蘭縣,10002070,員山鄉,264,10002070007,內城村,280,207,7,G,ILA,NULL,NULL
宜蘭縣員山鄉中華村,10002,宜蘭縣,10002070,員山鄉,264,10002070008,中華村,280,207,8,G,ILA,NULL,NULL
宜蘭縣員山鄉永和村,10002,宜蘭縣,10002070,員山鄉,264,10002070009,永和村,280,207,9,G,ILA,NULL,NULL
宜蘭縣員山鄉頭分村,10002,宜蘭縣,10002070,員山鄉,264,10002070010,頭分村,280,207,10,G,ILA,NULL,NULL
宜蘭縣員山鄉枕山村,10002,宜蘭縣,10002070,員山鄉,264,10002070011,枕山村,280,207,11,G,ILA,NULL,NULL
宜蘭縣員山鄉同樂村,10002,宜蘭縣,10002070,員山鄉,264,10002070012,同樂村,280,207,12,G,ILA,NULL,NULL
宜蘭縣員山鄉湖東村,10002,宜蘭縣,10002070,員山鄉,264,10002070013,湖東村,280,207,13,G,ILA,NULL,NULL
宜蘭縣員山鄉逸仙村,10002,宜蘭縣,10002070,員山鄉,264,10002070014,逸仙村,280,207,14,G,ILA,NULL,NULL
宜蘭縣員山鄉湖北村,10002,宜蘭縣,10002070,員山鄉,264,10002070015,湖北村,280,207,15,G,ILA,NULL,NULL
宜蘭縣員山鄉湖西村,10002,宜蘭縣,10002070,員山鄉,264,10002070016,湖西村,280,207,16,G,ILA,NULL,NULL
宜蘭縣員山鄉金古村,10002,宜蘭縣,10002070,員山鄉,264,10002070017,金古村,280,207,17,G,ILA,NULL,NULL
宜蘭縣員山鄉金泰村,10002,宜蘭縣,10002070,員山鄉,264,10002070018,金泰村,280,207,18,G,ILA,NULL,NULL
宜蘭縣冬山鄉武淵村,10002,宜蘭縣,10002080,冬山鄉,269,10002080001,武淵村,280,208,1,G,ILA,NULL,NULL
宜蘭縣冬山鄉珍珠村,10002,宜蘭縣,10002080,冬山鄉,269,10002080002,珍珠村,280,208,2,G,ILA,NULL,NULL
宜蘭縣冬山鄉補城村,10002,宜蘭縣,10002080,冬山鄉,269,10002080003,補城村,280,208,3,G,ILA,NULL,NULL
宜蘭縣冬山鄉三奇村,10002,宜蘭縣,10002080,冬山鄉,269,10002080004,三奇村,280,208,4,G,ILA,NULL,NULL
宜蘭縣冬山鄉大興村,10002,宜蘭縣,10002080,冬山鄉,269,10002080005,大興村,280,208,5,G,ILA,NULL,NULL
宜蘭縣冬山鄉東城村,10002,宜蘭縣,10002080,冬山鄉,269,10002080006,東城村,280,208,6,G,ILA,NULL,NULL
宜蘭縣冬山鄉香和村,10002,宜蘭縣,10002080,冬山鄉,269,10002080007,香和村,280,208,7,G,ILA,NULL,NULL
宜蘭縣冬山鄉南興村,10002,宜蘭縣,10002080,冬山鄉,269,10002080008,南興村,280,208,8,G,ILA,NULL,NULL
宜蘭縣冬山鄉冬山村,10002,宜蘭縣,10002080,冬山鄉,269,10002080009,冬山村,280,208,9,G,ILA,NULL,NULL
宜蘭縣冬山鄉安平村,10002,宜蘭縣,10002080,冬山鄉,269,10002080010,安平村,280,208,10,G,ILA,NULL,NULL
宜蘭縣冬山鄉太和村,10002,宜蘭縣,10002080,冬山鄉,269,10002080011,太和村,280,208,11,G,ILA,NULL,NULL
宜蘭縣冬山鄉八寶村,10002,宜蘭縣,10002080,冬山鄉,269,10002080012,八寶村,280,208,12,G,ILA,NULL,NULL
宜蘭縣冬山鄉丸山村,10002,宜蘭縣,10002080,冬山鄉,269,10002080013,丸山村,280,208,13,G,ILA,NULL,NULL
宜蘭縣冬山鄉中山村,10002,宜蘭縣,10002080,冬山鄉,269,10002080014,中山村,280,208,14,G,ILA,NULL,NULL
宜蘭縣冬山鄉順安村,10002,宜蘭縣,10002080,冬山鄉,269,10002080015,順安村,280,208,15,G,ILA,NULL,NULL
宜蘭縣冬山鄉永美村,10002,宜蘭縣,10002080,冬山鄉,269,10002080016,永美村,280,208,16,G,ILA,NULL,NULL
宜蘭縣冬山鄉群英村,10002,宜蘭縣,10002080,冬山鄉,269,10002080017,群英村,280,208,17,G,ILA,NULL,NULL
宜蘭縣冬山鄉清溝村,10002,宜蘭縣,10002080,冬山鄉,269,10002080018,清溝村,280,208,18,G,ILA,NULL,NULL
宜蘭縣冬山鄉鹿埔村,10002,宜蘭縣,10002080,冬山鄉,269,10002080019,鹿埔村,280,208,19,G,ILA,NULL,NULL
宜蘭縣冬山鄉得安村,10002,宜蘭縣,10002080,冬山鄉,269,10002080020,得安村,280,208,20,G,ILA,NULL,NULL
宜蘭縣冬山鄉廣興村,10002,宜蘭縣,10002080,冬山鄉,269,10002080021,廣興村,280,208,21,G,ILA,NULL,NULL
宜蘭縣冬山鄉廣安村,10002,宜蘭縣,10002080,冬山鄉,269,10002080022,廣安村,280,208,22,G,ILA,NULL,NULL
宜蘭縣冬山鄉柯林村,10002,宜蘭縣,10002080,冬山鄉,269,10002080023,柯林村,280,208,23,G,ILA,NULL,NULL
宜蘭縣冬山鄉大進村,10002,宜蘭縣,10002080,冬山鄉,269,10002080024,大進村,280,208,24,G,ILA,NULL,NULL
宜蘭縣五結鄉三興村,10002,宜蘭縣,10002090,五結鄉,268,10002090001,三興村,280,209,1,G,ILA,NULL,NULL
宜蘭縣五結鄉二結村,10002,宜蘭縣,10002090,五結鄉,268,10002090002,二結村,280,209,2,G,ILA,NULL,NULL
宜蘭縣五結鄉鎮安村,10002,宜蘭縣,10002090,五結鄉,268,10002090003,鎮安村,280,209,3,G,ILA,NULL,NULL
宜蘭縣五結鄉上四村,10002,宜蘭縣,10002090,五結鄉,268,10002090004,上四村,280,209,4,G,ILA,NULL,NULL
宜蘭縣五結鄉中興村,10002,宜蘭縣,10002090,五結鄉,268,10002090005,中興村,280,209,5,G,ILA,NULL,NULL
宜蘭縣五結鄉四結村,10002,宜蘭縣,10002090,五結鄉,268,10002090006,四結村,280,209,6,G,ILA,NULL,NULL
宜蘭縣五結鄉福興村,10002,宜蘭縣,10002090,五結鄉,268,10002090007,福興村,280,209,7,G,ILA,NULL,NULL
宜蘭縣五結鄉五結村,10002,宜蘭縣,10002090,五結鄉,268,10002090008,五結村,280,209,8,G,ILA,NULL,NULL
宜蘭縣五結鄉大吉村,10002,宜蘭縣,10002090,五結鄉,268,10002090009,大吉村,280,209,9,G,ILA,NULL,NULL
宜蘭縣五結鄉協和村,10002,宜蘭縣,10002090,五結鄉,268,10002090010,協和村,280,209,10,G,ILA,NULL,NULL
宜蘭縣五結鄉孝威村,10002,宜蘭縣,10002090,五結鄉,268,10002090011,孝威村,280,209,11,G,ILA,NULL,NULL
宜蘭縣五結鄉錦眾村,10002,宜蘭縣,10002090,五結鄉,268,10002090012,錦眾村,280,209,12,G,ILA,NULL,NULL
宜蘭縣五結鄉利澤村,10002,宜蘭縣,10002090,五結鄉,268,10002090013,利澤村,280,209,13,G,ILA,NULL,NULL
宜蘭縣五結鄉成興村,10002,宜蘭縣,10002090,五結鄉,268,10002090014,成興村,280,209,14,G,ILA,NULL,NULL
宜蘭縣五結鄉季新村,10002,宜蘭縣,10002090,五結鄉,268,10002090015,季新村,280,209,15,G,ILA,NULL,NULL
宜蘭縣三星鄉員山村,10002,宜蘭縣,10002100,三星鄉,266,10002100001,員山村,280,210,1,G,ILA,NULL,NULL
宜蘭縣三星鄉天山村,10002,宜蘭縣,10002100,三星鄉,266,10002100002,天山村,280,210,2,G,ILA,NULL,NULL
宜蘭縣三星鄉天福村,10002,宜蘭縣,10002100,三星鄉,266,10002100003,天福村,280,210,3,G,ILA,NULL,NULL
宜蘭縣三星鄉雙賢村,10002,宜蘭縣,10002100,三星鄉,266,10002100004,雙賢村,280,210,4,G,ILA,NULL,NULL
宜蘭縣三星鄉人和村,10002,宜蘭縣,10002100,三星鄉,266,10002100005,人和村,280,210,5,G,ILA,NULL,NULL
宜蘭縣三星鄉義德村,10002,宜蘭縣,10002100,三星鄉,266,10002100006,義德村,280,210,6,G,ILA,NULL,NULL
宜蘭縣三星鄉集慶村,10002,宜蘭縣,10002100,三星鄉,266,10002100007,集慶村,280,210,7,G,ILA,NULL,NULL
宜蘭縣三星鄉月眉村,10002,宜蘭縣,10002100,三星鄉,266,10002100008,月眉村,280,210,8,G,ILA,NULL,NULL
宜蘭縣三星鄉拱照村,10002,宜蘭縣,10002100,三星鄉,266,10002100009,拱照村,280,210,9,G,ILA,NULL,NULL
宜蘭縣三星鄉大隱村,10002,宜蘭縣,10002100,三星鄉,266,10002100010,大隱村,280,210,10,G,ILA,NULL,NULL
宜蘭縣三星鄉行健村,10002,宜蘭縣,10002100,三星鄉,266,10002100011,行健村,280,210,11,G,ILA,NULL,NULL
宜蘭縣三星鄉萬德村,10002,宜蘭縣,10002100,三星鄉,266,10002100012,萬德村,280,210,12,G,ILA,NULL,NULL
宜蘭縣三星鄉貴林村,10002,宜蘭縣,10002100,三星鄉,266,10002100013,貴林村,280,210,13,G,ILA,NULL,NULL
宜蘭縣三星鄉萬富村,10002,宜蘭縣,10002100,三星鄉,266,10002100014,萬富村,280,210,14,G,ILA,NULL,NULL
宜蘭縣三星鄉大義村,10002,宜蘭縣,10002100,三星鄉,266,10002100015,大義村,280,210,15,G,ILA,NULL,NULL
宜蘭縣三星鄉尚武村,10002,宜蘭縣,10002100,三星鄉,266,10002100016,尚武村,280,210,16,G,ILA,NULL,NULL
宜蘭縣三星鄉大洲村,10002,宜蘭縣,10002100,三星鄉,266,10002100017,大洲村,280,210,17,G,ILA,NULL,NULL
宜蘭縣三星鄉尾塹村,10002,宜蘭縣,10002100,三星鄉,266,10002100018,尾塹村,280,210,18,G,ILA,NULL,NULL
宜蘭縣大同鄉寒溪村,10002,宜蘭縣,10002110,大同鄉,267,10002110001,寒溪村,280,211,1,G,ILA,NULL,NULL
宜蘭縣大同鄉崙埤村,10002,宜蘭縣,10002110,大同鄉,267,10002110002,崙埤村,280,211,2,G,ILA,NULL,NULL
宜蘭縣大同鄉松羅村,10002,宜蘭縣,10002110,大同鄉,267,10002110003,松羅村,280,211,3,G,ILA,NULL,NULL
宜蘭縣大同鄉復興村,10002,宜蘭縣,10002110,大同鄉,267,10002110004,復興村,280,211,4,G,ILA,NULL,NULL
宜蘭縣大同鄉英士村,10002,宜蘭縣,10002110,大同鄉,267,10002110005,英士村,280,211,5,G,ILA,NULL,NULL
宜蘭縣大同鄉樂水村,10002,宜蘭縣,10002110,大同鄉,267,10002110006,樂水村,280,211,6,G,ILA,NULL,NULL
宜蘭縣大同鄉太平村,10002,宜蘭縣,10002110,大同鄉,267,10002110007,太平村,280,211,7,G,ILA,NULL,NULL
宜蘭縣大同鄉四季村,10002,宜蘭縣,10002110,大同鄉,267,10002110008,四季村,280,211,8,G,ILA,NULL,NULL
宜蘭縣大同鄉南山村,10002,宜蘭縣,10002110,大同鄉,267,10002110009,南山村,280,211,9,G,ILA,NULL,NULL
宜蘭縣大同鄉茂安村,10002,宜蘭縣,10002110,大同鄉,267,10002110010,茂安村,280,211,10,G,ILA,NULL,NULL
宜蘭縣南澳鄉南澳村,10002,宜蘭縣,10002120,南澳鄉,272,10002120001,南澳村,280,212,1,G,ILA,NULL,NULL
宜蘭縣南澳鄉碧候村,10002,宜蘭縣,10002120,南澳鄉,272,10002120002,碧候村,280,212,2,G,ILA,NULL,NULL
宜蘭縣南澳鄉東岳村,10002,宜蘭縣,10002120,南澳鄉,272,10002120003,東岳村,280,212,3,G,ILA,NULL,NULL
宜蘭縣南澳鄉金岳村,10002,宜蘭縣,10002120,南澳鄉,272,10002120004,金岳村,280,212,4,G,ILA,NULL,NULL
宜蘭縣南澳鄉武塔村,10002,宜蘭縣,10002120,南澳鄉,272,10002120005,武塔村,280,212,5,G,ILA,NULL,NULL
宜蘭縣南澳鄉金洋村,10002,宜蘭縣,10002120,南澳鄉,272,10002120006,金洋村,280,212,6,G,ILA,NULL,NULL
宜蘭縣南澳鄉澳花村,10002,宜蘭縣,10002120,南澳鄉,272,10002120007,澳花村,280,212,7,G,ILA,NULL,NULL
花蓮縣花蓮市民立里,10015,花蓮縣,10015010,花蓮市,970,10015010001,民立里,283,501,1,U,HUA,NULL,NULL
花蓮縣花蓮市民運里,10015,花蓮縣,10015010,花蓮市,970,10015010002,民運里,283,501,2,U,HUA,NULL,NULL
花蓮縣花蓮市民族里,10015,花蓮縣,10015010,花蓮市,970,10015010003,民族里,283,501,3,U,HUA,NULL,NULL
花蓮縣花蓮市主信里,10015,花蓮縣,10015010,花蓮市,970,10015010004,主信里,283,501,4,U,HUA,NULL,NULL
花蓮縣花蓮市主睦里,10015,花蓮縣,10015010,花蓮市,970,10015010005,主睦里,283,501,5,U,HUA,NULL,NULL
花蓮縣花蓮市主和里,10015,花蓮縣,10015010,花蓮市,970,10015010006,主和里,283,501,6,U,HUA,NULL,NULL
花蓮縣花蓮市國威里,10015,花蓮縣,10015010,花蓮市,970,10015010007,國威里,283,501,7,U,HUA,NULL,NULL
花蓮縣花蓮市國風里,10015,花蓮縣,10015010,花蓮市,970,10015010008,國風里,283,501,8,U,HUA,NULL,NULL
花蓮縣花蓮市民德里,10015,花蓮縣,10015010,花蓮市,970,10015010009,民德里,283,501,9,U,HUA,NULL,NULL
花蓮縣花蓮市民意里,10015,花蓮縣,10015010,花蓮市,970,10015010010,民意里,283,501,10,U,HUA,NULL,NULL
花蓮縣花蓮市主義里,10015,花蓮縣,10015010,花蓮市,970,10015010012,主義里,283,501,12,U,HUA,NULL,NULL
花蓮縣花蓮市主工里,10015,花蓮縣,10015010,花蓮市,970,10015010013,主工里,283,501,13,U,HUA,NULL,NULL
花蓮縣花蓮市主農里,10015,花蓮縣,10015010,花蓮市,970,10015010014,主農里,283,501,14,U,HUA,NULL,NULL
花蓮縣花蓮市國治里,10015,花蓮縣,10015010,花蓮市,970,10015010015,國治里,283,501,15,U,HUA,NULL,NULL
花蓮縣花蓮市國富里,10015,花蓮縣,10015010,花蓮市,970,10015010016,國富里,283,501,16,U,HUA,NULL,NULL
花蓮縣花蓮市民政里,10015,花蓮縣,10015010,花蓮市,970,10015010017,民政里,283,501,17,U,HUA,NULL,NULL
花蓮縣花蓮市民勤里,10015,花蓮縣,10015010,花蓮市,970,10015010018,民勤里,283,501,18,U,HUA,NULL,NULL
花蓮縣花蓮市民生里,10015,花蓮縣,10015010,花蓮市,970,10015010019,民生里,283,501,19,U,HUA,NULL,NULL
花蓮縣花蓮市主商里,10015,花蓮縣,10015010,花蓮市,970,10015010020,主商里,283,501,20,U,HUA,NULL,NULL
花蓮縣花蓮市主學里,10015,花蓮縣,10015010,花蓮市,970,10015010021,主學里,283,501,21,U,HUA,NULL,NULL
花蓮縣花蓮市國光里,10015,花蓮縣,10015010,花蓮市,970,10015010022,國光里,283,501,22,U,HUA,NULL,NULL
花蓮縣花蓮市國聯里,10015,花蓮縣,10015010,花蓮市,970,10015010023,國聯里,283,501,23,U,HUA,NULL,NULL
花蓮縣花蓮市國強里,10015,花蓮縣,10015010,花蓮市,970,10015010024,國強里,283,501,24,U,HUA,NULL,NULL
花蓮縣花蓮市民心里,10015,花蓮縣,10015010,花蓮市,970,10015010025,民心里,283,501,25,U,HUA,NULL,NULL
花蓮縣花蓮市民樂里,10015,花蓮縣,10015010,花蓮市,970,10015010026,民樂里,283,501,26,U,HUA,NULL,NULL
花蓮縣花蓮市民主里,10015,花蓮縣,10015010,花蓮市,970,10015010027,民主里,283,501,27,U,HUA,NULL,NULL
花蓮縣花蓮市主勤里,10015,花蓮縣,10015010,花蓮市,970,10015010028,主勤里,283,501,28,U,HUA,NULL,NULL
花蓮縣花蓮市主力里,10015,花蓮縣,10015010,花蓮市,970,10015010029,主力里,283,501,29,U,HUA,NULL,NULL
花蓮縣花蓮市國安里,10015,花蓮縣,10015010,花蓮市,970,10015010030,國安里,283,501,30,U,HUA,NULL,NULL
花蓮縣花蓮市國魂里,10015,花蓮縣,10015010,花蓮市,970,10015010031,國魂里,283,501,31,U,HUA,NULL,NULL
花蓮縣花蓮市國慶里,10015,花蓮縣,10015010,花蓮市,970,10015010032,國慶里,283,501,32,U,HUA,NULL,NULL
花蓮縣花蓮市民享里,10015,花蓮縣,10015010,花蓮市,970,10015010033,民享里,283,501,33,U,HUA,NULL,NULL
花蓮縣花蓮市民有里,10015,花蓮縣,10015010,花蓮市,970,10015010034,民有里,283,501,34,U,HUA,NULL,NULL
花蓮縣花蓮市民權里,10015,花蓮縣,10015010,花蓮市,970,10015010035,民權里,283,501,35,U,HUA,NULL,NULL
花蓮縣花蓮市主計里,10015,花蓮縣,10015010,花蓮市,970,10015010036,主計里,283,501,36,U,HUA,NULL,NULL
花蓮縣花蓮市主權里,10015,花蓮縣,10015010,花蓮市,970,10015010037,主權里,283,501,37,U,HUA,NULL,NULL
花蓮縣花蓮市國華里,10015,花蓮縣,10015010,花蓮市,970,10015010038,國華里,283,501,38,U,HUA,NULL,NULL
花蓮縣花蓮市國防里,10015,花蓮縣,10015010,花蓮市,970,10015010039,國防里,283,501,39,U,HUA,NULL,NULL
花蓮縣花蓮市國福里,10015,花蓮縣,10015010,花蓮市,970,10015010040,國福里,283,501,40,U,HUA,NULL,NULL
花蓮縣花蓮市國裕里,10015,花蓮縣,10015010,花蓮市,970,10015010041,國裕里,283,501,41,U,HUA,NULL,NULL
花蓮縣花蓮市主安里,10015,花蓮縣,10015010,花蓮市,970,10015010042,主安里,283,501,42,U,HUA,NULL,NULL
花蓮縣花蓮市國盛里,10015,花蓮縣,10015010,花蓮市,970,10015010043,國盛里,283,501,43,U,HUA,NULL,NULL
花蓮縣花蓮市國興里,10015,花蓮縣,10015010,花蓮市,970,10015010044,國興里,283,501,44,U,HUA,NULL,NULL
花蓮縣花蓮市民孝里,10015,花蓮縣,10015010,花蓮市,970,10015010045,民孝里,283,501,45,U,HUA,NULL,NULL
花蓮縣鳳林鎮鳳仁里,10015,花蓮縣,10015020,鳳林鎮,975,10015020001,鳳仁里,283,502,1,U,HUA,NULL,NULL
花蓮縣鳳林鎮鳳義里,10015,花蓮縣,10015020,鳳林鎮,975,10015020002,鳳義里,283,502,2,U,HUA,NULL,NULL
花蓮縣鳳林鎮鳳禮里,10015,花蓮縣,10015020,鳳林鎮,975,10015020003,鳳禮里,283,502,3,U,HUA,NULL,NULL
花蓮縣鳳林鎮鳳智里,10015,花蓮縣,10015020,鳳林鎮,975,10015020004,鳳智里,283,502,4,U,HUA,NULL,NULL
花蓮縣鳳林鎮鳳信里,10015,花蓮縣,10015020,鳳林鎮,975,10015020005,鳳信里,283,502,5,U,HUA,NULL,NULL
花蓮縣鳳林鎮山興里,10015,花蓮縣,10015020,鳳林鎮,975,10015020006,山興里,283,502,6,U,HUA,NULL,NULL
花蓮縣鳳林鎮大榮里,10015,花蓮縣,10015020,鳳林鎮,975,10015020007,大榮里,283,502,7,U,HUA,NULL,NULL
花蓮縣鳳林鎮北林里,10015,花蓮縣,10015020,鳳林鎮,975,10015020008,北林里,283,502,8,U,HUA,NULL,NULL
花蓮縣鳳林鎮南平里,10015,花蓮縣,10015020,鳳林鎮,975,10015020009,南平里,283,502,9,U,HUA,NULL,NULL
花蓮縣鳳林鎮林榮里,10015,花蓮縣,10015020,鳳林鎮,975,10015020010,林榮里,283,502,10,U,HUA,NULL,NULL
花蓮縣鳳林鎮長橋里,10015,花蓮縣,10015020,鳳林鎮,975,10015020011,長橋里,283,502,11,U,HUA,NULL,NULL
花蓮縣鳳林鎮森榮里,10015,花蓮縣,10015020,鳳林鎮,975,10015020012,森榮里,283,502,12,U,HUA,NULL,NULL
花蓮縣玉里鎮中城里,10015,花蓮縣,10015030,玉里鎮,981,10015030001,中城里,283,503,1,U,HUA,NULL,NULL
花蓮縣玉里鎮啟模里,10015,花蓮縣,10015030,玉里鎮,981,10015030002,啟模里,283,503,2,U,HUA,NULL,NULL
花蓮縣玉里鎮永昌里,10015,花蓮縣,10015030,玉里鎮,981,10015030003,永昌里,283,503,3,U,HUA,NULL,NULL
花蓮縣玉里鎮泰昌里,10015,花蓮縣,10015030,玉里鎮,981,10015030004,泰昌里,283,503,4,U,HUA,NULL,NULL
花蓮縣玉里鎮國武里,10015,花蓮縣,10015030,玉里鎮,981,10015030005,國武里,283,503,5,U,HUA,NULL,NULL
花蓮縣玉里鎮源城里,10015,花蓮縣,10015030,玉里鎮,981,10015030006,源城里,283,503,6,U,HUA,NULL,NULL
花蓮縣玉里鎮長良里,10015,花蓮縣,10015030,玉里鎮,981,10015030007,長良里,283,503,7,U,HUA,NULL,NULL
花蓮縣玉里鎮樂合里,10015,花蓮縣,10015030,玉里鎮,981,10015030008,樂合里,283,503,8,U,HUA,NULL,NULL
花蓮縣玉里鎮東豐里,10015,花蓮縣,10015030,玉里鎮,981,10015030009,東豐里,283,503,9,U,HUA,NULL,NULL
花蓮縣玉里鎮觀音里,10015,花蓮縣,10015030,玉里鎮,981,10015030010,觀音里,283,503,10,U,HUA,NULL,NULL
花蓮縣玉里鎮松浦里,10015,花蓮縣,10015030,玉里鎮,981,10015030011,松浦里,283,503,11,U,HUA,NULL,NULL
花蓮縣玉里鎮春日里,10015,花蓮縣,10015030,玉里鎮,981,10015030012,春日里,283,503,12,U,HUA,NULL,NULL
花蓮縣玉里鎮德武里,10015,花蓮縣,10015030,玉里鎮,981,10015030013,德武里,283,503,13,U,HUA,NULL,NULL
花蓮縣玉里鎮三民里,10015,花蓮縣,10015030,玉里鎮,981,10015030014,三民里,283,503,14,U,HUA,NULL,NULL
花蓮縣玉里鎮大禹里,10015,花蓮縣,10015030,玉里鎮,981,10015030015,大禹里,283,503,15,U,HUA,NULL,NULL
花蓮縣新城鄉新城村,10015,花蓮縣,10015040,新城鄉,971,10015040001,新城村,283,504,1,U,HUA,NULL,NULL
花蓮縣新城鄉順安村,10015,花蓮縣,10015040,新城鄉,971,10015040002,順安村,283,504,2,U,HUA,NULL,NULL
花蓮縣新城鄉康樂村,10015,花蓮縣,10015040,新城鄉,971,10015040003,康樂村,283,504,3,U,HUA,NULL,NULL
花蓮縣新城鄉北埔村,10015,花蓮縣,10015040,新城鄉,971,10015040004,北埔村,283,504,4,U,HUA,NULL,NULL
花蓮縣新城鄉佳林村,10015,花蓮縣,10015040,新城鄉,971,10015040005,佳林村,283,504,5,U,HUA,NULL,NULL
花蓮縣新城鄉嘉里村,10015,花蓮縣,10015040,新城鄉,971,10015040006,嘉里村,283,504,6,U,HUA,NULL,NULL
花蓮縣新城鄉嘉新村,10015,花蓮縣,10015040,新城鄉,971,10015040007,嘉新村,283,504,7,U,HUA,NULL,NULL
花蓮縣新城鄉大漢村,10015,花蓮縣,10015040,新城鄉,971,10015040008,大漢村,283,504,8,U,HUA,NULL,NULL
花蓮縣新城鄉新秀村,10015,花蓮縣,10015040,新城鄉,971,10015040009,新秀村,283,504,9,U,HUA,NULL,NULL
花蓮縣吉安鄉北昌村,10015,花蓮縣,10015050,吉安鄉,973,10015050001,北昌村,283,505,1,U,HUA,NULL,NULL
花蓮縣吉安鄉勝安村,10015,花蓮縣,10015050,吉安鄉,973,10015050002,勝安村,283,505,2,U,HUA,NULL,NULL
花蓮縣吉安鄉太昌村,10015,花蓮縣,10015050,吉安鄉,973,10015050003,太昌村,283,505,3,U,HUA,NULL,NULL
花蓮縣吉安鄉永安村,10015,花蓮縣,10015050,吉安鄉,973,10015050004,永安村,283,505,4,U,HUA,NULL,NULL
花蓮縣吉安鄉慶豐村,10015,花蓮縣,10015050,吉安鄉,973,10015050005,慶豐村,283,505,5,U,HUA,NULL,NULL
花蓮縣吉安鄉吉安村,10015,花蓮縣,10015050,吉安鄉,973,10015050006,吉安村,283,505,6,U,HUA,NULL,NULL
花蓮縣吉安鄉福興村,10015,花蓮縣,10015050,吉安鄉,973,10015050007,福興村,283,505,7,U,HUA,NULL,NULL
花蓮縣吉安鄉南華村,10015,花蓮縣,10015050,吉安鄉,973,10015050008,南華村,283,505,8,U,HUA,NULL,NULL
花蓮縣吉安鄉干城村,10015,花蓮縣,10015050,吉安鄉,973,10015050009,干城村,283,505,9,U,HUA,NULL,NULL
花蓮縣吉安鄉永興村,10015,花蓮縣,10015050,吉安鄉,973,10015050010,永興村,283,505,10,U,HUA,NULL,NULL
花蓮縣吉安鄉稻香村,10015,花蓮縣,10015050,吉安鄉,973,10015050011,稻香村,283,505,11,U,HUA,NULL,NULL
花蓮縣吉安鄉南昌村,10015,花蓮縣,10015050,吉安鄉,973,10015050012,南昌村,283,505,12,U,HUA,NULL,NULL
花蓮縣吉安鄉宜昌村,10015,花蓮縣,10015050,吉安鄉,973,10015050013,宜昌村,283,505,13,U,HUA,NULL,NULL
花蓮縣吉安鄉仁里村,10015,花蓮縣,10015050,吉安鄉,973,10015050014,仁里村,283,505,14,U,HUA,NULL,NULL
花蓮縣吉安鄉東昌村,10015,花蓮縣,10015050,吉安鄉,973,10015050015,東昌村,283,505,15,U,HUA,NULL,NULL
花蓮縣吉安鄉仁安村,10015,花蓮縣,10015050,吉安鄉,973,10015050016,仁安村,283,505,16,U,HUA,NULL,NULL
花蓮縣吉安鄉仁和村,10015,花蓮縣,10015050,吉安鄉,973,10015050017,仁和村,283,505,17,U,HUA,NULL,NULL
花蓮縣吉安鄉光華村,10015,花蓮縣,10015050,吉安鄉,973,10015050018,光華村,283,505,18,U,HUA,NULL,NULL
花蓮縣吉安鄉吉昌村,10015,花蓮縣,10015050,吉安鄉,973,10015050019,吉昌村,283,505,19,U,HUA,NULL,NULL
花蓮縣壽豐鄉樹湖村,10015,花蓮縣,10015060,壽豐鄉,974,10015060001,樹湖村,283,506,1,U,HUA,NULL,NULL
花蓮縣壽豐鄉溪口村,10015,花蓮縣,10015060,壽豐鄉,974,10015060002,溪口村,283,506,2,U,HUA,NULL,NULL
花蓮縣壽豐鄉豐山村,10015,花蓮縣,10015060,壽豐鄉,974,10015060003,豐山村,283,506,3,U,HUA,NULL,NULL
花蓮縣壽豐鄉豐裡村,10015,花蓮縣,10015060,壽豐鄉,974,10015060004,豐裡村,283,506,4,U,HUA,NULL,NULL
花蓮縣壽豐鄉豐坪村,10015,花蓮縣,10015060,壽豐鄉,974,10015060005,豐坪村,283,506,5,U,HUA,NULL,NULL
花蓮縣壽豐鄉共和村,10015,花蓮縣,10015060,壽豐鄉,974,10015060006,共和村,283,506,6,U,HUA,NULL,NULL
花蓮縣壽豐鄉壽豐村,10015,花蓮縣,10015060,壽豐鄉,974,10015060007,壽豐村,283,506,7,U,HUA,NULL,NULL
花蓮縣壽豐鄉光榮村,10015,花蓮縣,10015060,壽豐鄉,974,10015060008,光榮村,283,506,8,U,HUA,NULL,NULL
花蓮縣壽豐鄉池南村,10015,花蓮縣,10015060,壽豐鄉,974,10015060009,池南村,283,506,9,U,HUA,NULL,NULL
花蓮縣壽豐鄉平和村,10015,花蓮縣,10015060,壽豐鄉,974,10015060010,平和村,283,506,10,U,HUA,NULL,NULL
花蓮縣壽豐鄉志學村,10015,花蓮縣,10015060,壽豐鄉,974,10015060011,志學村,283,506,11,U,HUA,NULL,NULL
花蓮縣壽豐鄉米棧村,10015,花蓮縣,10015060,壽豐鄉,974,10015060012,米棧村,283,506,12,U,HUA,NULL,NULL
花蓮縣壽豐鄉月眉村,10015,花蓮縣,10015060,壽豐鄉,974,10015060013,月眉村,283,506,13,U,HUA,NULL,NULL
花蓮縣壽豐鄉水璉村,10015,花蓮縣,10015060,壽豐鄉,974,10015060014,水璉村,283,506,14,U,HUA,NULL,NULL
花蓮縣壽豐鄉鹽寮村,10015,花蓮縣,10015060,壽豐鄉,974,10015060015,鹽寮村,283,506,15,U,HUA,NULL,NULL
花蓮縣光復鄉大安村,10015,花蓮縣,10015070,光復鄉,976,10015070001,大安村,283,507,1,U,HUA,NULL,NULL
花蓮縣光復鄉大華村,10015,花蓮縣,10015070,光復鄉,976,10015070002,大華村,283,507,2,U,HUA,NULL,NULL
花蓮縣光復鄉大平村,10015,花蓮縣,10015070,光復鄉,976,10015070003,大平村,283,507,3,U,HUA,NULL,NULL
花蓮縣光復鄉大馬村,10015,花蓮縣,10015070,光復鄉,976,10015070004,大馬村,283,507,4,U,HUA,NULL,NULL
花蓮縣光復鄉大同村,10015,花蓮縣,10015070,光復鄉,976,10015070005,大同村,283,507,5,U,HUA,NULL,NULL
花蓮縣光復鄉大進村,10015,花蓮縣,10015070,光復鄉,976,10015070006,大進村,283,507,6,U,HUA,NULL,NULL
花蓮縣光復鄉大全村,10015,花蓮縣,10015070,光復鄉,976,10015070007,大全村,283,507,7,U,HUA,NULL,NULL
花蓮縣光復鄉大興村,10015,花蓮縣,10015070,光復鄉,976,10015070008,大興村,283,507,8,U,HUA,NULL,NULL
花蓮縣光復鄉大富村,10015,花蓮縣,10015070,光復鄉,976,10015070009,大富村,283,507,9,U,HUA,NULL,NULL
花蓮縣光復鄉大豐村,10015,花蓮縣,10015070,光復鄉,976,10015070010,大豐村,283,507,10,U,HUA,NULL,NULL
花蓮縣光復鄉東富村,10015,花蓮縣,10015070,光復鄉,976,10015070011,東富村,283,507,11,U,HUA,NULL,NULL
花蓮縣光復鄉西富村,10015,花蓮縣,10015070,光復鄉,976,10015070012,西富村,283,507,12,U,HUA,NULL,NULL
花蓮縣光復鄉南富村,10015,花蓮縣,10015070,光復鄉,976,10015070013,南富村,283,507,13,U,HUA,NULL,NULL
花蓮縣光復鄉北富村,10015,花蓮縣,10015070,光復鄉,976,10015070014,北富村,283,507,14,U,HUA,NULL,NULL
花蓮縣豐濱鄉豐濱村,10015,花蓮縣,10015080,豐濱鄉,977,10015080001,豐濱村,283,508,1,U,HUA,NULL,NULL
花蓮縣豐濱鄉新社村,10015,花蓮縣,10015080,豐濱鄉,977,10015080002,新社村,283,508,2,U,HUA,NULL,NULL
花蓮縣豐濱鄉磯崎村,10015,花蓮縣,10015080,豐濱鄉,977,10015080003,磯崎村,283,508,3,U,HUA,NULL,NULL
花蓮縣豐濱鄉港口村,10015,花蓮縣,10015080,豐濱鄉,977,10015080004,港口村,283,508,4,U,HUA,NULL,NULL
花蓮縣豐濱鄉靜浦村,10015,花蓮縣,10015080,豐濱鄉,977,10015080005,靜浦村,283,508,5,U,HUA,NULL,NULL
花蓮縣瑞穗鄉瑞穗村,10015,花蓮縣,10015090,瑞穗鄉,978,10015090001,瑞穗村,283,509,1,U,HUA,NULL,NULL
花蓮縣瑞穗鄉瑞美村,10015,花蓮縣,10015090,瑞穗鄉,978,10015090002,瑞美村,283,509,2,U,HUA,NULL,NULL
花蓮縣瑞穗鄉瑞良村,10015,花蓮縣,10015090,瑞穗鄉,978,10015090003,瑞良村,283,509,3,U,HUA,NULL,NULL
花蓮縣瑞穗鄉瑞祥村,10015,花蓮縣,10015090,瑞穗鄉,978,10015090004,瑞祥村,283,509,4,U,HUA,NULL,NULL
花蓮縣瑞穗鄉瑞北村,10015,花蓮縣,10015090,瑞穗鄉,978,10015090005,瑞北村,283,509,5,U,HUA,NULL,NULL
花蓮縣瑞穗鄉舞鶴村,10015,花蓮縣,10015090,瑞穗鄉,978,10015090006,舞鶴村,283,509,6,U,HUA,NULL,NULL
花蓮縣瑞穗鄉鶴岡村,10015,花蓮縣,10015090,瑞穗鄉,978,10015090007,鶴岡村,283,509,7,U,HUA,NULL,NULL
花蓮縣瑞穗鄉奇美村,10015,花蓮縣,10015090,瑞穗鄉,978,10015090008,奇美村,283,509,8,U,HUA,NULL,NULL
花蓮縣瑞穗鄉富源村,10015,花蓮縣,10015090,瑞穗鄉,978,10015090009,富源村,283,509,9,U,HUA,NULL,NULL
花蓮縣瑞穗鄉富民村,10015,花蓮縣,10015090,瑞穗鄉,978,10015090010,富民村,283,509,10,U,HUA,NULL,NULL
花蓮縣瑞穗鄉富興村,10015,花蓮縣,10015090,瑞穗鄉,978,10015090011,富興村,283,509,11,U,HUA,NULL,NULL
花蓮縣富里鄉吳江村,10015,花蓮縣,10015100,富里鄉,983,10015100001,吳江村,283,510,1,U,HUA,NULL,NULL
花蓮縣富里鄉東里村,10015,花蓮縣,10015100,富里鄉,983,10015100002,東里村,283,510,2,U,HUA,NULL,NULL
花蓮縣富里鄉萬寧村,10015,花蓮縣,10015100,富里鄉,983,10015100003,萬寧村,283,510,3,U,HUA,NULL,NULL
花蓮縣富里鄉新興村,10015,花蓮縣,10015100,富里鄉,983,10015100004,新興村,283,510,4,U,HUA,NULL,NULL
花蓮縣富里鄉竹田村,10015,花蓮縣,10015100,富里鄉,983,10015100005,竹田村,283,510,5,U,HUA,NULL,NULL
花蓮縣富里鄉羅山村,10015,花蓮縣,10015100,富里鄉,983,10015100006,羅山村,283,510,6,U,HUA,NULL,NULL
花蓮縣富里鄉石牌村,10015,花蓮縣,10015100,富里鄉,983,10015100007,石牌村,283,510,7,U,HUA,NULL,NULL
花蓮縣富里鄉明里村,10015,花蓮縣,10015100,富里鄉,983,10015100008,明里村,283,510,8,U,HUA,NULL,NULL
花蓮縣富里鄉富里村,10015,花蓮縣,10015100,富里鄉,983,10015100009,富里村,283,510,9,U,HUA,NULL,NULL
花蓮縣富里鄉永豐村,10015,花蓮縣,10015100,富里鄉,983,10015100010,永豐村,283,510,10,U,HUA,NULL,NULL
花蓮縣富里鄉豐南村,10015,花蓮縣,10015100,富里鄉,983,10015100011,豐南村,283,510,11,U,HUA,NULL,NULL
花蓮縣富里鄉富南村,10015,花蓮縣,10015100,富里鄉,983,10015100012,富南村,283,510,12,U,HUA,NULL,NULL
花蓮縣富里鄉學田村,10015,花蓮縣,10015100,富里鄉,983,10015100013,學田村,283,510,13,U,HUA,NULL,NULL
花蓮縣秀林鄉崇德村,10015,花蓮縣,10015110,秀林鄉,972,10015110001,崇德村,283,511,1,U,HUA,NULL,NULL
花蓮縣秀林鄉富世村,10015,花蓮縣,10015110,秀林鄉,972,10015110002,富世村,283,511,2,U,HUA,NULL,NULL
花蓮縣秀林鄉秀林村,10015,花蓮縣,10015110,秀林鄉,972,10015110003,秀林村,283,511,3,U,HUA,NULL,NULL
花蓮縣秀林鄉水源村,10015,花蓮縣,10015110,秀林鄉,972,10015110004,水源村,283,511,4,U,HUA,NULL,NULL
花蓮縣秀林鄉銅門村,10015,花蓮縣,10015110,秀林鄉,972,10015110005,銅門村,283,511,5,U,HUA,NULL,NULL
花蓮縣秀林鄉文蘭村,10015,花蓮縣,10015110,秀林鄉,972,10015110006,文蘭村,283,511,6,U,HUA,NULL,NULL
花蓮縣秀林鄉景美村,10015,花蓮縣,10015110,秀林鄉,972,10015110007,景美村,283,511,7,U,HUA,NULL,NULL
花蓮縣秀林鄉佳民村,10015,花蓮縣,10015110,秀林鄉,972,10015110008,佳民村,283,511,8,U,HUA,NULL,NULL
花蓮縣秀林鄉和平村,10015,花蓮縣,10015110,秀林鄉,972,10015110009,和平村,283,511,9,U,HUA,NULL,NULL
花蓮縣萬榮鄉西林村,10015,花蓮縣,10015120,萬榮鄉,979,10015120001,西林村,283,512,1,U,HUA,NULL,NULL
花蓮縣萬榮鄉見晴村,10015,花蓮縣,10015120,萬榮鄉,979,10015120002,見晴村,283,512,2,U,HUA,NULL,NULL
花蓮縣萬榮鄉萬榮村,10015,花蓮縣,10015120,萬榮鄉,979,10015120003,萬榮村,283,512,3,U,HUA,NULL,NULL
花蓮縣萬榮鄉明利村,10015,花蓮縣,10015120,萬榮鄉,979,10015120004,明利村,283,512,4,U,HUA,NULL,NULL
花蓮縣萬榮鄉馬遠村,10015,花蓮縣,10015120,萬榮鄉,979,10015120005,馬遠村,283,512,5,U,HUA,NULL,NULL
花蓮縣萬榮鄉紅葉村,10015,花蓮縣,10015120,萬榮鄉,979,10015120006,紅葉村,283,512,6,U,HUA,NULL,NULL
花蓮縣卓溪鄉崙山村,10015,花蓮縣,10015130,卓溪鄉,982,10015130001,崙山村,283,513,1,U,HUA,NULL,NULL
花蓮縣卓溪鄉立山村,10015,花蓮縣,10015130,卓溪鄉,982,10015130002,立山村,283,513,2,U,HUA,NULL,NULL
花蓮縣卓溪鄉太平村,10015,花蓮縣,10015130,卓溪鄉,982,10015130003,太平村,283,513,3,U,HUA,NULL,NULL
花蓮縣卓溪鄉卓溪村,10015,花蓮縣,10015130,卓溪鄉,982,10015130004,卓溪村,283,513,4,U,HUA,NULL,NULL
花蓮縣卓溪鄉卓清村,10015,花蓮縣,10015130,卓溪鄉,982,10015130005,卓清村,283,513,5,U,HUA,NULL,NULL
花蓮縣卓溪鄉古風村,10015,花蓮縣,10015130,卓溪鄉,982,10015130006,古風村,283,513,6,U,HUA,NULL,NULL
臺東縣臺東市富岡里,10014,臺東縣,10014010,臺東市,950,10014010001,富岡里,286,401,1,V,TTT,NULL,NULL
臺東縣臺東市岩灣里,10014,臺東縣,10014010,臺東市,950,10014010003,岩灣里,286,401,3,V,TTT,NULL,NULL
臺東縣臺東市南王里,10014,臺東縣,10014010,臺東市,950,10014010004,南王里,286,401,4,V,TTT,NULL,NULL
臺東縣臺東市卑南里,10014,臺東縣,10014010,臺東市,950,10014010005,卑南里,286,401,5,V,TTT,NULL,NULL
臺東縣臺東市南榮里,10014,臺東縣,10014010,臺東市,950,10014010006,南榮里,286,401,6,V,TTT,NULL,NULL
臺東縣臺東市新生里,10014,臺東縣,10014010,臺東市,950,10014010007,新生里,286,401,7,V,TTT,NULL,NULL
臺東縣臺東市民生里,10014,臺東縣,10014010,臺東市,950,10014010008,民生里,286,401,8,V,TTT,NULL,NULL
臺東縣臺東市寶桑里,10014,臺東縣,10014010,臺東市,950,10014010009,寶桑里,286,401,9,V,TTT,NULL,NULL
臺東縣臺東市馬蘭里,10014,臺東縣,10014010,臺東市,950,10014010010,馬蘭里,286,401,10,V,TTT,NULL,NULL
臺東縣臺東市中心里,10014,臺東縣,10014010,臺東市,950,10014010011,中心里,286,401,11,V,TTT,NULL,NULL
臺東縣臺東市自強里,10014,臺東縣,10014010,臺東市,950,10014010012,自強里,286,401,12,V,TTT,NULL,NULL
臺東縣臺東市民族里,10014,臺東縣,10014010,臺東市,950,10014010013,民族里,286,401,13,V,TTT,NULL,NULL
臺東縣臺東市中華里,10014,臺東縣,10014010,臺東市,950,10014010015,中華里,286,401,15,V,TTT,NULL,NULL
臺東縣臺東市建國里,10014,臺東縣,10014010,臺東市,950,10014010017,建國里,286,401,17,V,TTT,NULL,NULL
臺東縣臺東市中正里,10014,臺東縣,10014010,臺東市,950,10014010020,中正里,286,401,20,V,TTT,NULL,NULL
臺東縣臺東市成功里,10014,臺東縣,10014010,臺東市,950,10014010022,成功里,286,401,22,V,TTT,NULL,NULL
臺東縣臺東市文化里,10014,臺東縣,10014010,臺東市,950,10014010023,文化里,286,401,23,V,TTT,NULL,NULL
臺東縣臺東市中山里,10014,臺東縣,10014010,臺東市,950,10014010024,中山里,286,401,24,V,TTT,NULL,NULL
臺東縣臺東市新園里,10014,臺東縣,10014010,臺東市,950,10014010029,新園里,286,401,29,V,TTT,NULL,NULL
臺東縣臺東市豐田里,10014,臺東縣,10014010,臺東市,950,10014010030,豐田里,286,401,30,V,TTT,NULL,NULL
臺東縣臺東市豐年里,10014,臺東縣,10014010,臺東市,950,10014010031,豐年里,286,401,31,V,TTT,NULL,NULL
臺東縣臺東市光明里,10014,臺東縣,10014010,臺東市,950,10014010032,光明里,286,401,32,V,TTT,NULL,NULL
臺東縣臺東市豐樂里,10014,臺東縣,10014010,臺東市,950,10014010033,豐樂里,286,401,33,V,TTT,NULL,NULL
臺東縣臺東市永樂里,10014,臺東縣,10014010,臺東市,950,10014010034,永樂里,286,401,34,V,TTT,NULL,NULL
臺東縣臺東市康樂里,10014,臺東縣,10014010,臺東市,950,10014010035,康樂里,286,401,35,V,TTT,NULL,NULL
臺東縣臺東市東海里,10014,臺東縣,10014010,臺東市,950,10014010036,東海里,286,401,36,V,TTT,NULL,NULL
臺東縣臺東市新興里,10014,臺東縣,10014010,臺東市,950,10014010037,新興里,286,401,37,V,TTT,NULL,NULL
臺東縣臺東市豐榮里,10014,臺東縣,10014010,臺東市,950,10014010038,豐榮里,286,401,38,V,TTT,NULL,NULL
臺東縣臺東市豐谷里,10014,臺東縣,10014010,臺東市,950,10014010039,豐谷里,286,401,39,V,TTT,NULL,NULL
臺東縣臺東市豐里里,10014,臺東縣,10014010,臺東市,950,10014010040,豐里里,286,401,40,V,TTT,NULL,NULL
臺東縣臺東市豐原里,10014,臺東縣,10014010,臺東市,950,10014010041,豐原里,286,401,41,V,TTT,NULL,NULL
臺東縣臺東市建和里,10014,臺東縣,10014010,臺東市,950,10014010042,建和里,286,401,42,V,TTT,NULL,NULL
臺東縣臺東市建興里,10014,臺東縣,10014010,臺東市,950,10014010043,建興里,286,401,43,V,TTT,NULL,NULL
臺東縣臺東市知本里,10014,臺東縣,10014010,臺東市,950,10014010045,知本里,286,401,45,V,TTT,NULL,NULL
臺東縣臺東市建農里,10014,臺東縣,10014010,臺東市,950,10014010046,建農里,286,401,46,V,TTT,NULL,NULL
臺東縣臺東市仁和里,10014,臺東縣,10014010,臺東市,950,10014010047,仁和里,286,401,47,V,TTT,NULL,NULL
臺東縣臺東市豐安里,10014,臺東縣,10014010,臺東市,950,10014010048,豐安里,286,401,48,V,TTT,NULL,NULL
臺東縣臺東市豐盛里,10014,臺東縣,10014010,臺東市,950,10014010049,豐盛里,286,401,49,V,TTT,NULL,NULL
臺東縣成功鎮博愛里,10014,臺東縣,10014020,成功鎮,961,10014020001,博愛里,286,402,1,V,TTT,NULL,NULL
臺東縣成功鎮忠孝里,10014,臺東縣,10014020,成功鎮,961,10014020002,忠孝里,286,402,2,V,TTT,NULL,NULL
臺東縣成功鎮三仙里,10014,臺東縣,10014020,成功鎮,961,10014020003,三仙里,286,402,3,V,TTT,NULL,NULL
臺東縣成功鎮三民里,10014,臺東縣,10014020,成功鎮,961,10014020004,三民里,286,402,4,V,TTT,NULL,NULL
臺東縣成功鎮忠智里,10014,臺東縣,10014020,成功鎮,961,10014020005,忠智里,286,402,5,V,TTT,NULL,NULL
臺東縣成功鎮忠仁里,10014,臺東縣,10014020,成功鎮,961,10014020006,忠仁里,286,402,6,V,TTT,NULL,NULL
臺東縣成功鎮和平里,10014,臺東縣,10014020,成功鎮,961,10014020007,和平里,286,402,7,V,TTT,NULL,NULL
臺東縣成功鎮信義里,10014,臺東縣,10014020,成功鎮,961,10014020008,信義里,286,402,8,V,TTT,NULL,NULL
臺東縣關山鎮德高里,10014,臺東縣,10014030,關山鎮,956,10014030001,德高里,286,403,1,V,TTT,NULL,NULL
臺東縣關山鎮豐泉里,10014,臺東縣,10014030,關山鎮,956,10014030002,豐泉里,286,403,2,V,TTT,NULL,NULL
臺東縣關山鎮新福里,10014,臺東縣,10014030,關山鎮,956,10014030003,新福里,286,403,3,V,TTT,NULL,NULL
臺東縣關山鎮中福里,10014,臺東縣,10014030,關山鎮,956,10014030004,中福里,286,403,4,V,TTT,NULL,NULL
臺東縣關山鎮里壠里,10014,臺東縣,10014030,關山鎮,956,10014030005,里壠里,286,403,5,V,TTT,NULL,NULL
臺東縣關山鎮電光里,10014,臺東縣,10014030,關山鎮,956,10014030006,電光里,286,403,6,V,TTT,NULL,NULL
臺東縣關山鎮月眉里,10014,臺東縣,10014030,關山鎮,956,10014030007,月眉里,286,403,7,V,TTT,NULL,NULL
臺東縣卑南鄉嘉豐村,10014,臺東縣,10014040,卑南鄉,954,10014040001,嘉豐村,286,404,1,V,TTT,NULL,NULL
臺東縣卑南鄉利吉村,10014,臺東縣,10014040,卑南鄉,954,10014040002,利吉村,286,404,2,V,TTT,NULL,NULL
臺東縣卑南鄉富山村,10014,臺東縣,10014040,卑南鄉,954,10014040003,富山村,286,404,3,V,TTT,NULL,NULL
臺東縣卑南鄉富源村,10014,臺東縣,10014040,卑南鄉,954,10014040004,富源村,286,404,4,V,TTT,NULL,NULL
臺東縣卑南鄉明峰村,10014,臺東縣,10014040,卑南鄉,954,10014040005,明峰村,286,404,5,V,TTT,NULL,NULL
臺東縣卑南鄉初鹿村,10014,臺東縣,10014040,卑南鄉,954,10014040006,初鹿村,286,404,6,V,TTT,NULL,NULL
臺東縣卑南鄉美農村,10014,臺東縣,10014040,卑南鄉,954,10014040007,美農村,286,404,7,V,TTT,NULL,NULL
臺東縣卑南鄉賓朗村,10014,臺東縣,10014040,卑南鄉,954,10014040008,賓朗村,286,404,8,V,TTT,NULL,NULL
臺東縣卑南鄉泰安村,10014,臺東縣,10014040,卑南鄉,954,10014040009,泰安村,286,404,9,V,TTT,NULL,NULL
臺東縣卑南鄉太平村,10014,臺東縣,10014040,卑南鄉,954,10014040010,太平村,286,404,10,V,TTT,NULL,NULL
臺東縣卑南鄉利嘉村,10014,臺東縣,10014040,卑南鄉,954,10014040011,利嘉村,286,404,11,V,TTT,NULL,NULL
臺東縣卑南鄉東興村,10014,臺東縣,10014040,卑南鄉,954,10014040012,東興村,286,404,12,V,TTT,NULL,NULL
臺東縣卑南鄉溫泉村,10014,臺東縣,10014040,卑南鄉,954,10014040013,溫泉村,286,404,13,V,TTT,NULL,NULL
臺東縣鹿野鄉瑞和村,10014,臺東縣,10014050,鹿野鄉,955,10014050001,瑞和村,286,405,1,V,TTT,NULL,NULL
臺東縣鹿野鄉瑞豐村,10014,臺東縣,10014050,鹿野鄉,955,10014050002,瑞豐村,286,405,2,V,TTT,NULL,NULL
臺東縣鹿野鄉瑞源村,10014,臺東縣,10014050,鹿野鄉,955,10014050003,瑞源村,286,405,3,V,TTT,NULL,NULL
臺東縣鹿野鄉永安村,10014,臺東縣,10014050,鹿野鄉,955,10014050004,永安村,286,405,4,V,TTT,NULL,NULL
臺東縣鹿野鄉瑞隆村,10014,臺東縣,10014050,鹿野鄉,955,10014050005,瑞隆村,286,405,5,V,TTT,NULL,NULL
臺東縣鹿野鄉鹿野村,10014,臺東縣,10014050,鹿野鄉,955,10014050006,鹿野村,286,405,6,V,TTT,NULL,NULL
臺東縣鹿野鄉龍田村,10014,臺東縣,10014050,鹿野鄉,955,10014050007,龍田村,286,405,7,V,TTT,NULL,NULL
臺東縣池上鄉福文村,10014,臺東縣,10014060,池上鄉,958,10014060001,福文村,286,406,1,V,TTT,NULL,NULL
臺東縣池上鄉慶豐村,10014,臺東縣,10014060,池上鄉,958,10014060002,慶豐村,286,406,2,V,TTT,NULL,NULL
臺東縣池上鄉大坡村,10014,臺東縣,10014060,池上鄉,958,10014060003,大坡村,286,406,3,V,TTT,NULL,NULL
臺東縣池上鄉大埔村,10014,臺東縣,10014060,池上鄉,958,10014060004,大埔村,286,406,4,V,TTT,NULL,NULL
臺東縣池上鄉福原村,10014,臺東縣,10014060,池上鄉,958,10014060005,福原村,286,406,5,V,TTT,NULL,NULL
臺東縣池上鄉錦園村,10014,臺東縣,10014060,池上鄉,958,10014060006,錦園村,286,406,6,V,TTT,NULL,NULL
臺東縣池上鄉新興村,10014,臺東縣,10014060,池上鄉,958,10014060007,新興村,286,406,7,V,TTT,NULL,NULL
臺東縣池上鄉萬安村,10014,臺東縣,10014060,池上鄉,958,10014060008,萬安村,286,406,8,V,TTT,NULL,NULL
臺東縣池上鄉富興村,10014,臺東縣,10014060,池上鄉,958,10014060009,富興村,286,406,9,V,TTT,NULL,NULL
臺東縣池上鄉振興村,10014,臺東縣,10014060,池上鄉,958,10014060010,振興村,286,406,10,V,TTT,NULL,NULL
臺東縣東河鄉北源村,10014,臺東縣,10014070,東河鄉,959,10014070001,北源村,286,407,1,V,TTT,NULL,NULL
臺東縣東河鄉泰源村,10014,臺東縣,10014070,東河鄉,959,10014070002,泰源村,286,407,2,V,TTT,NULL,NULL
臺東縣東河鄉東河村,10014,臺東縣,10014070,東河鄉,959,10014070003,東河村,286,407,3,V,TTT,NULL,NULL
臺東縣東河鄉尚德村,10014,臺東縣,10014070,東河鄉,959,10014070004,尚德村,286,407,4,V,TTT,NULL,NULL
臺東縣東河鄉隆昌村,10014,臺東縣,10014070,東河鄉,959,10014070005,隆昌村,286,407,5,V,TTT,NULL,NULL
臺東縣東河鄉興昌村,10014,臺東縣,10014070,東河鄉,959,10014070006,興昌村,286,407,6,V,TTT,NULL,NULL
臺東縣東河鄉都蘭村,10014,臺東縣,10014070,東河鄉,959,10014070007,都蘭村,286,407,7,V,TTT,NULL,NULL
臺東縣長濱鄉樟原村,10014,臺東縣,10014080,長濱鄉,962,10014080001,樟原村,286,408,1,V,TTT,NULL,NULL
臺東縣長濱鄉三間村,10014,臺東縣,10014080,長濱鄉,962,10014080002,三間村,286,408,2,V,TTT,NULL,NULL
臺東縣長濱鄉忠勇村,10014,臺東縣,10014080,長濱鄉,962,10014080003,忠勇村,286,408,3,V,TTT,NULL,NULL
臺東縣長濱鄉長濱村,10014,臺東縣,10014080,長濱鄉,962,10014080004,長濱村,286,408,4,V,TTT,NULL,NULL
臺東縣長濱鄉竹湖村,10014,臺東縣,10014080,長濱鄉,962,10014080005,竹湖村,286,408,5,V,TTT,NULL,NULL
臺東縣長濱鄉寧埔村,10014,臺東縣,10014080,長濱鄉,962,10014080006,寧埔村,286,408,6,V,TTT,NULL,NULL
臺東縣太麻里鄉美和村,10014,臺東縣,10014090,太麻里鄉,963,10014090001,美和村,286,409,1,V,TTT,NULL,NULL
臺東縣太麻里鄉三和村,10014,臺東縣,10014090,太麻里鄉,963,10014090002,三和村,286,409,2,V,TTT,NULL,NULL
臺東縣太麻里鄉華源村,10014,臺東縣,10014090,太麻里鄉,963,10014090003,華源村,286,409,3,V,TTT,NULL,NULL
臺東縣太麻里鄉北里村,10014,臺東縣,10014090,太麻里鄉,963,10014090004,北里村,286,409,4,V,TTT,NULL,NULL
臺東縣太麻里鄉泰和村,10014,臺東縣,10014090,太麻里鄉,963,10014090005,泰和村,286,409,5,V,TTT,NULL,NULL
臺東縣太麻里鄉大王村,10014,臺東縣,10014090,太麻里鄉,963,10014090006,大王村,286,409,6,V,TTT,NULL,NULL
臺東縣太麻里鄉香蘭村,10014,臺東縣,10014090,太麻里鄉,963,10014090007,香蘭村,286,409,7,V,TTT,NULL,NULL
臺東縣太麻里鄉金崙村,10014,臺東縣,10014090,太麻里鄉,963,10014090008,金崙村,286,409,8,V,TTT,NULL,NULL
臺東縣太麻里鄉多良村,10014,臺東縣,10014090,太麻里鄉,963,10014090009,多良村,286,409,9,V,TTT,NULL,NULL
臺東縣大武鄉大竹村,10014,臺東縣,10014100,大武鄉,965,10014100001,大竹村,286,410,1,V,TTT,NULL,NULL
臺東縣大武鄉大鳥村,10014,臺東縣,10014100,大武鄉,965,10014100002,大鳥村,286,410,2,V,TTT,NULL,NULL
臺東縣大武鄉大武村,10014,臺東縣,10014100,大武鄉,965,10014100003,大武村,286,410,3,V,TTT,NULL,NULL
臺東縣大武鄉尚武村,10014,臺東縣,10014100,大武鄉,965,10014100004,尚武村,286,410,4,V,TTT,NULL,NULL
臺東縣大武鄉南興村,10014,臺東縣,10014100,大武鄉,965,10014100005,南興村,286,410,5,V,TTT,NULL,NULL
臺東縣綠島鄉公舘村,10014,臺東縣,10014110,綠島鄉,951,10014110001,公舘村,286,411,1,V,TTT,NULL,NULL
臺東縣綠島鄉中寮村,10014,臺東縣,10014110,綠島鄉,951,10014110002,中寮村,286,411,2,V,TTT,NULL,NULL
臺東縣綠島鄉南寮村,10014,臺東縣,10014110,綠島鄉,951,10014110003,南寮村,286,411,3,V,TTT,NULL,NULL
臺東縣海端鄉廣原村,10014,臺東縣,10014120,海端鄉,957,10014120001,廣原村,286,412,1,V,TTT,NULL,NULL
臺東縣海端鄉霧鹿村,10014,臺東縣,10014120,海端鄉,957,10014120002,霧鹿村,286,412,2,V,TTT,NULL,NULL
臺東縣海端鄉利稻村,10014,臺東縣,10014120,海端鄉,957,10014120003,利稻村,286,412,3,V,TTT,NULL,NULL
臺東縣海端鄉海端村,10014,臺東縣,10014120,海端鄉,957,10014120004,海端村,286,412,4,V,TTT,NULL,NULL
臺東縣海端鄉崁頂村,10014,臺東縣,10014120,海端鄉,957,10014120005,崁頂村,286,412,5,V,TTT,NULL,NULL
臺東縣海端鄉加拿村,10014,臺東縣,10014120,海端鄉,957,10014120006,加拿村,286,412,6,V,TTT,NULL,NULL
臺東縣延平鄉武陵村,10014,臺東縣,10014130,延平鄉,953,10014130001,武陵村,286,413,1,V,TTT,NULL,NULL
臺東縣延平鄉永康村,10014,臺東縣,10014130,延平鄉,953,10014130002,永康村,286,413,2,V,TTT,NULL,NULL
臺東縣延平鄉紅葉村,10014,臺東縣,10014130,延平鄉,953,10014130003,紅葉村,286,413,3,V,TTT,NULL,NULL
臺東縣延平鄉鸞山村,10014,臺東縣,10014130,延平鄉,953,10014130004,鸞山村,286,413,4,V,TTT,NULL,NULL
臺東縣延平鄉桃源村,10014,臺東縣,10014130,延平鄉,953,10014130005,桃源村,286,413,5,V,TTT,NULL,NULL
臺東縣金峰鄉新興村,10014,臺東縣,10014140,金峰鄉,964,10014140001,新興村,286,414,1,V,TTT,NULL,NULL
臺東縣金峰鄉正興村,10014,臺東縣,10014140,金峰鄉,964,10014140002,正興村,286,414,2,V,TTT,NULL,NULL
臺東縣金峰鄉嘉蘭村,10014,臺東縣,10014140,金峰鄉,964,10014140003,嘉蘭村,286,414,3,V,TTT,NULL,NULL
臺東縣金峰鄉賓茂村,10014,臺東縣,10014140,金峰鄉,964,10014140004,賓茂村,286,414,4,V,TTT,NULL,NULL
臺東縣金峰鄉歷坵村,10014,臺東縣,10014140,金峰鄉,964,10014140005,歷坵村,286,414,5,V,TTT,NULL,NULL
臺東縣達仁鄉台坂村,10014,臺東縣,10014150,達仁鄉,966,10014150001,台坂村,286,415,1,V,TTT,NULL,NULL
臺東縣達仁鄉土坂村,10014,臺東縣,10014150,達仁鄉,966,10014150002,土坂村,286,415,2,V,TTT,NULL,NULL
臺東縣達仁鄉新化村,10014,臺東縣,10014150,達仁鄉,966,10014150003,新化村,286,415,3,V,TTT,NULL,NULL
臺東縣達仁鄉安朔村,10014,臺東縣,10014150,達仁鄉,966,10014150004,安朔村,286,415,4,V,TTT,NULL,NULL
臺東縣達仁鄉森永村,10014,臺東縣,10014150,達仁鄉,966,10014150005,森永村,286,415,5,V,TTT,NULL,NULL
臺東縣達仁鄉南田村,10014,臺東縣,10014150,達仁鄉,966,10014150006,南田村,286,415,6,V,TTT,NULL,NULL
臺東縣蘭嶼鄉東清村,10014,臺東縣,10014160,蘭嶼鄉,952,10014160001,東清村,286,416,1,V,TTT,NULL,NULL
臺東縣蘭嶼鄉朗島村,10014,臺東縣,10014160,蘭嶼鄉,952,10014160002,朗島村,286,416,2,V,TTT,NULL,NULL
臺東縣蘭嶼鄉紅頭村,10014,臺東縣,10014160,蘭嶼鄉,952,10014160003,紅頭村,286,416,3,V,TTT,NULL,NULL
臺東縣蘭嶼鄉椰油村,10014,臺東縣,10014160,蘭嶼鄉,952,10014160004,椰油村,286,416,4,V,TTT,NULL,NULL
澎湖縣馬公市復興里,10016,澎湖縣,10016010,馬公市,880,10016010002,復興里,410,601,2,X,PEN,NULL,NULL
澎湖縣馬公市長安里,10016,澎湖縣,10016010,馬公市,880,10016010003,長安里,410,601,3,X,PEN,NULL,NULL
澎湖縣馬公市中央里,10016,澎湖縣,10016010,馬公市,880,10016010004,中央里,410,601,4,X,PEN,NULL,NULL
澎湖縣馬公市啟明里,10016,澎湖縣,10016010,馬公市,880,10016010005,啟明里,410,601,5,X,PEN,NULL,NULL
澎湖縣馬公市重慶里,10016,澎湖縣,10016010,馬公市,880,10016010006,重慶里,410,601,6,X,PEN,NULL,NULL
澎湖縣馬公市中興里,10016,澎湖縣,10016010,馬公市,880,10016010007,中興里,410,601,7,X,PEN,NULL,NULL
澎湖縣馬公市光復里,10016,澎湖縣,10016010,馬公市,880,10016010008,光復里,410,601,8,X,PEN,NULL,NULL
澎湖縣馬公市光榮里,10016,澎湖縣,10016010,馬公市,880,10016010009,光榮里,410,601,9,X,PEN,NULL,NULL
澎湖縣馬公市光明里,10016,澎湖縣,10016010,馬公市,880,10016010010,光明里,410,601,10,X,PEN,NULL,NULL
澎湖縣馬公市朝陽里,10016,澎湖縣,10016010,馬公市,880,10016010011,朝陽里,410,601,11,X,PEN,NULL,NULL
澎湖縣馬公市陽明里,10016,澎湖縣,10016010,馬公市,880,10016010012,陽明里,410,601,12,X,PEN,NULL,NULL
澎湖縣馬公市重光里,10016,澎湖縣,10016010,馬公市,880,10016010013,重光里,410,601,13,X,PEN,NULL,NULL
澎湖縣馬公市西衛里,10016,澎湖縣,10016010,馬公市,880,10016010014,西衛里,410,601,14,X,PEN,NULL,NULL
澎湖縣馬公市西文里,10016,澎湖縣,10016010,馬公市,880,10016010015,西文里,410,601,15,X,PEN,NULL,NULL
澎湖縣馬公市東文里,10016,澎湖縣,10016010,馬公市,880,10016010016,東文里,410,601,16,X,PEN,NULL,NULL
澎湖縣馬公市案山里,10016,澎湖縣,10016010,馬公市,880,10016010017,案山里,410,601,17,X,PEN,NULL,NULL
澎湖縣馬公市光華里,10016,澎湖縣,10016010,馬公市,880,10016010018,光華里,410,601,18,X,PEN,NULL,NULL
澎湖縣馬公市前寮里,10016,澎湖縣,10016010,馬公市,880,10016010019,前寮里,410,601,19,X,PEN,NULL,NULL
澎湖縣馬公市石泉里,10016,澎湖縣,10016010,馬公市,880,10016010020,石泉里,410,601,20,X,PEN,NULL,NULL
澎湖縣馬公市菜園里,10016,澎湖縣,10016010,馬公市,880,10016010021,菜園里,410,601,21,X,PEN,NULL,NULL
澎湖縣馬公市東衛里,10016,澎湖縣,10016010,馬公市,880,10016010022,東衛里,410,601,22,X,PEN,NULL,NULL
澎湖縣馬公市安宅里,10016,澎湖縣,10016010,馬公市,880,10016010023,安宅里,410,601,23,X,PEN,NULL,NULL
澎湖縣馬公市烏崁里,10016,澎湖縣,10016010,馬公市,880,10016010024,烏崁里,410,601,24,X,PEN,NULL,NULL
澎湖縣馬公市興仁里,10016,澎湖縣,10016010,馬公市,880,10016010025,興仁里,410,601,25,X,PEN,NULL,NULL
澎湖縣馬公市鐵線里,10016,澎湖縣,10016010,馬公市,880,10016010026,鐵線里,410,601,26,X,PEN,NULL,NULL
澎湖縣馬公市山水里,10016,澎湖縣,10016010,馬公市,880,10016010027,山水里,410,601,27,X,PEN,NULL,NULL
澎湖縣馬公市鎖港里,10016,澎湖縣,10016010,馬公市,880,10016010028,鎖港里,410,601,28,X,PEN,NULL,NULL
澎湖縣馬公市五德里,10016,澎湖縣,10016010,馬公市,880,10016010029,五德里,410,601,29,X,PEN,NULL,NULL
澎湖縣馬公市井垵里,10016,澎湖縣,10016010,馬公市,880,10016010030,井垵里,410,601,30,X,PEN,NULL,NULL
澎湖縣馬公市󼱹裡里,10016,澎湖縣,10016010,馬公市,880,10016010031,󼱹裡里,410,601,31,X,PEN,NULL,NULL
澎湖縣馬公市風櫃里,10016,澎湖縣,10016010,馬公市,880,10016010032,風櫃里,410,601,32,X,PEN,NULL,NULL
澎湖縣馬公市虎井里,10016,澎湖縣,10016010,馬公市,880,10016010033,虎井里,410,601,33,X,PEN,NULL,NULL
澎湖縣馬公市桶盤里,10016,澎湖縣,10016010,馬公市,880,10016010034,桶盤里,410,601,34,X,PEN,NULL,NULL
澎湖縣湖西鄉湖西村,10016,澎湖縣,10016020,湖西鄉,885,10016020001,湖西村,410,602,1,X,PEN,NULL,NULL
澎湖縣湖西鄉湖東村,10016,澎湖縣,10016020,湖西鄉,885,10016020002,湖東村,410,602,2,X,PEN,NULL,NULL
澎湖縣湖西鄉青螺村,10016,澎湖縣,10016020,湖西鄉,885,10016020003,青螺村,410,602,3,X,PEN,NULL,NULL
澎湖縣湖西鄉白坑村,10016,澎湖縣,10016020,湖西鄉,885,10016020004,白坑村,410,602,4,X,PEN,NULL,NULL
澎湖縣湖西鄉南寮村,10016,澎湖縣,10016020,湖西鄉,885,10016020005,南寮村,410,602,5,X,PEN,NULL,NULL
澎湖縣湖西鄉北寮村,10016,澎湖縣,10016020,湖西鄉,885,10016020006,北寮村,410,602,6,X,PEN,NULL,NULL
澎湖縣湖西鄉紅羅村,10016,澎湖縣,10016020,湖西鄉,885,10016020007,紅羅村,410,602,7,X,PEN,NULL,NULL
澎湖縣湖西鄉西溪村,10016,澎湖縣,10016020,湖西鄉,885,10016020008,西溪村,410,602,8,X,PEN,NULL,NULL
澎湖縣湖西鄉成功村,10016,澎湖縣,10016020,湖西鄉,885,10016020009,成功村,410,602,9,X,PEN,NULL,NULL
澎湖縣湖西鄉東石村,10016,澎湖縣,10016020,湖西鄉,885,10016020010,東石村,410,602,10,X,PEN,NULL,NULL
澎湖縣湖西鄉中西村,10016,澎湖縣,10016020,湖西鄉,885,10016020011,中西村,410,602,11,X,PEN,NULL,NULL
澎湖縣湖西鄉潭邊村,10016,澎湖縣,10016020,湖西鄉,885,10016020012,潭邊村,410,602,12,X,PEN,NULL,NULL
澎湖縣湖西鄉鼎灣村,10016,澎湖縣,10016020,湖西鄉,885,10016020013,鼎灣村,410,602,13,X,PEN,NULL,NULL
澎湖縣湖西鄉許家村,10016,澎湖縣,10016020,湖西鄉,885,10016020014,許家村,410,602,14,X,PEN,NULL,NULL
澎湖縣湖西鄉沙港村,10016,澎湖縣,10016020,湖西鄉,885,10016020015,沙港村,410,602,15,X,PEN,NULL,NULL
澎湖縣湖西鄉城北村,10016,澎湖縣,10016020,湖西鄉,885,10016020016,城北村,410,602,16,X,PEN,NULL,NULL
澎湖縣湖西鄉太武村,10016,澎湖縣,10016020,湖西鄉,885,10016020017,太武村,410,602,17,X,PEN,NULL,NULL
澎湖縣湖西鄉隘門村,10016,澎湖縣,10016020,湖西鄉,885,10016020018,隘門村,410,602,18,X,PEN,NULL,NULL
澎湖縣湖西鄉林投村,10016,澎湖縣,10016020,湖西鄉,885,10016020019,林投村,410,602,19,X,PEN,NULL,NULL
澎湖縣湖西鄉尖山村,10016,澎湖縣,10016020,湖西鄉,885,10016020020,尖山村,410,602,20,X,PEN,NULL,NULL
澎湖縣湖西鄉龍門村,10016,澎湖縣,10016020,湖西鄉,885,10016020021,龍門村,410,602,21,X,PEN,NULL,NULL
澎湖縣湖西鄉菓葉村,10016,澎湖縣,10016020,湖西鄉,885,10016020022,菓葉村,410,602,22,X,PEN,NULL,NULL
澎湖縣白沙鄉中屯村,10016,澎湖縣,10016030,白沙鄉,884,10016030001,中屯村,410,603,1,X,PEN,NULL,NULL
澎湖縣白沙鄉講美村,10016,澎湖縣,10016030,白沙鄉,884,10016030002,講美村,410,603,2,X,PEN,NULL,NULL
澎湖縣白沙鄉城前村,10016,澎湖縣,10016030,白沙鄉,884,10016030003,城前村,410,603,3,X,PEN,NULL,NULL
澎湖縣白沙鄉鎮海村,10016,澎湖縣,10016030,白沙鄉,884,10016030004,鎮海村,410,603,4,X,PEN,NULL,NULL
澎湖縣白沙鄉港子村,10016,澎湖縣,10016030,白沙鄉,884,10016030005,港子村,410,603,5,X,PEN,NULL,NULL
澎湖縣白沙鄉岐頭村,10016,澎湖縣,10016030,白沙鄉,884,10016030006,岐頭村,410,603,6,X,PEN,NULL,NULL
澎湖縣白沙鄉小赤村,10016,澎湖縣,10016030,白沙鄉,884,10016030007,小赤村,410,603,7,X,PEN,NULL,NULL
澎湖縣白沙鄉赤崁村,10016,澎湖縣,10016030,白沙鄉,884,10016030008,赤崁村,410,603,8,X,PEN,NULL,NULL
澎湖縣白沙鄉瓦硐村,10016,澎湖縣,10016030,白沙鄉,884,10016030009,瓦硐村,410,603,9,X,PEN,NULL,NULL
澎湖縣白沙鄉後寮村,10016,澎湖縣,10016030,白沙鄉,884,10016030010,後寮村,410,603,10,X,PEN,NULL,NULL
澎湖縣白沙鄉通梁村,10016,澎湖縣,10016030,白沙鄉,884,10016030011,通梁村,410,603,11,X,PEN,NULL,NULL
澎湖縣白沙鄉吉貝村,10016,澎湖縣,10016030,白沙鄉,884,10016030012,吉貝村,410,603,12,X,PEN,NULL,NULL
澎湖縣白沙鄉鳥嶼村,10016,澎湖縣,10016030,白沙鄉,884,10016030013,鳥嶼村,410,603,13,X,PEN,NULL,NULL
澎湖縣白沙鄉員貝村,10016,澎湖縣,10016030,白沙鄉,884,10016030014,員貝村,410,603,14,X,PEN,NULL,NULL
澎湖縣白沙鄉大倉村,10016,澎湖縣,10016030,白沙鄉,884,10016030015,大倉村,410,603,15,X,PEN,NULL,NULL
澎湖縣西嶼鄉橫礁村,10016,澎湖縣,10016040,西嶼鄉,881,10016040001,橫礁村,410,604,1,X,PEN,NULL,NULL
澎湖縣西嶼鄉合界村,10016,澎湖縣,10016040,西嶼鄉,881,10016040002,合界村,410,604,2,X,PEN,NULL,NULL
澎湖縣西嶼鄉小門村,10016,澎湖縣,10016040,西嶼鄉,881,10016040003,小門村,410,604,3,X,PEN,NULL,NULL
澎湖縣西嶼鄉竹灣村,10016,澎湖縣,10016040,西嶼鄉,881,10016040004,竹灣村,410,604,4,X,PEN,NULL,NULL
澎湖縣西嶼鄉大池村,10016,澎湖縣,10016040,西嶼鄉,881,10016040005,大池村,410,604,5,X,PEN,NULL,NULL
澎湖縣西嶼鄉二崁村,10016,澎湖縣,10016040,西嶼鄉,881,10016040006,二崁村,410,604,6,X,PEN,NULL,NULL
澎湖縣西嶼鄉池東村,10016,澎湖縣,10016040,西嶼鄉,881,10016040007,池東村,410,604,7,X,PEN,NULL,NULL
澎湖縣西嶼鄉池西村,10016,澎湖縣,10016040,西嶼鄉,881,10016040008,池西村,410,604,8,X,PEN,NULL,NULL
澎湖縣西嶼鄉赤馬村,10016,澎湖縣,10016040,西嶼鄉,881,10016040009,赤馬村,410,604,9,X,PEN,NULL,NULL
澎湖縣西嶼鄉內垵村,10016,澎湖縣,10016040,西嶼鄉,881,10016040010,內垵村,410,604,10,X,PEN,NULL,NULL
澎湖縣西嶼鄉外垵村,10016,澎湖縣,10016040,西嶼鄉,881,10016040011,外垵村,410,604,11,X,PEN,NULL,NULL
澎湖縣望安鄉東安村,10016,澎湖縣,10016050,望安鄉,882,10016050001,東安村,410,605,1,X,PEN,NULL,NULL
澎湖縣望安鄉西安村,10016,澎湖縣,10016050,望安鄉,882,10016050002,西安村,410,605,2,X,PEN,NULL,NULL
澎湖縣望安鄉中社村,10016,澎湖縣,10016050,望安鄉,882,10016050003,中社村,410,605,3,X,PEN,NULL,NULL
澎湖縣望安鄉水垵村,10016,澎湖縣,10016050,望安鄉,882,10016050004,水垵村,410,605,4,X,PEN,NULL,NULL
澎湖縣望安鄉將軍村,10016,澎湖縣,10016050,望安鄉,882,10016050005,將軍村,410,605,5,X,PEN,NULL,NULL
澎湖縣望安鄉東坪村,10016,澎湖縣,10016050,望安鄉,882,10016050006,東坪村,410,605,6,X,PEN,NULL,NULL
澎湖縣望安鄉西坪村,10016,澎湖縣,10016050,望安鄉,882,10016050007,西坪村,410,605,7,X,PEN,NULL,NULL
澎湖縣望安鄉東吉村,10016,澎湖縣,10016050,望安鄉,882,10016050008,東吉村,410,605,8,X,PEN,NULL,NULL
澎湖縣望安鄉花嶼村,10016,澎湖縣,10016050,望安鄉,882,10016050009,花嶼村,410,605,9,X,PEN,NULL,NULL
澎湖縣七美鄉東湖村,10016,澎湖縣,10016060,七美鄉,883,10016060001,東湖村,410,606,1,X,PEN,NULL,NULL
澎湖縣七美鄉西湖村,10016,澎湖縣,10016060,七美鄉,883,10016060002,西湖村,410,606,2,X,PEN,NULL,NULL
澎湖縣七美鄉中和村,10016,澎湖縣,10016060,七美鄉,883,10016060003,中和村,410,606,3,X,PEN,NULL,NULL
澎湖縣七美鄉平和村,10016,澎湖縣,10016060,七美鄉,883,10016060004,平和村,410,606,4,X,PEN,NULL,NULL
澎湖縣七美鄉海豐村,10016,澎湖縣,10016060,七美鄉,883,10016060005,海豐村,410,606,5,X,PEN,NULL,NULL
澎湖縣七美鄉南港村,10016,澎湖縣,10016060,七美鄉,883,10016060006,南港村,410,606,6,X,PEN,NULL,NULL
金門縣金城鎮東門里,09020,金門縣,09020010,金城鎮,893,09020010001,東門里,420,1,1,W,KIN,NULL,NULL
金門縣金城鎮西門里,09020,金門縣,09020010,金城鎮,893,09020010002,西門里,420,1,2,W,KIN,NULL,NULL
金門縣金城鎮南門里,09020,金門縣,09020010,金城鎮,893,09020010003,南門里,420,1,3,W,KIN,NULL,NULL
金門縣金城鎮北門里,09020,金門縣,09020010,金城鎮,893,09020010004,北門里,420,1,4,W,KIN,NULL,NULL
金門縣金城鎮古城里,09020,金門縣,09020010,金城鎮,893,09020010005,古城里,420,1,5,W,KIN,NULL,NULL
金門縣金城鎮金水里,09020,金門縣,09020010,金城鎮,893,09020010006,金水里,420,1,6,W,KIN,NULL,NULL
金門縣金城鎮珠沙里,09020,金門縣,09020010,金城鎮,893,09020010007,珠沙里,420,1,7,W,KIN,NULL,NULL
金門縣金城鎮賢庵里,09020,金門縣,09020010,金城鎮,893,09020010008,賢庵里,420,1,8,W,KIN,NULL,NULL
金門縣金沙鎮汶沙里,09020,金門縣,09020020,金沙鎮,890,09020020001,汶沙里,420,2,1,W,KIN,NULL,NULL
金門縣金沙鎮三山里,09020,金門縣,09020020,金沙鎮,890,09020020002,三山里,420,2,2,W,KIN,NULL,NULL
金門縣金沙鎮大洋里,09020,金門縣,09020020,金沙鎮,890,09020020003,大洋里,420,2,3,W,KIN,NULL,NULL
金門縣金沙鎮光前里,09020,金門縣,09020020,金沙鎮,890,09020020004,光前里,420,2,4,W,KIN,NULL,NULL
金門縣金沙鎮何斗里,09020,金門縣,09020020,金沙鎮,890,09020020005,何斗里,420,2,5,W,KIN,NULL,NULL
金門縣金沙鎮西園里,09020,金門縣,09020020,金沙鎮,890,09020020006,西園里,420,2,6,W,KIN,NULL,NULL
金門縣金沙鎮官嶼里,09020,金門縣,09020020,金沙鎮,890,09020020007,官嶼里,420,2,7,W,KIN,NULL,NULL
金門縣金沙鎮浦山里,09020,金門縣,09020020,金沙鎮,890,09020020008,浦山里,420,2,8,W,KIN,NULL,NULL
金門縣金湖鎮新市里,09020,金門縣,09020030,金湖鎮,891,09020030001,新市里,420,3,1,W,KIN,NULL,NULL
金門縣金湖鎮山外里,09020,金門縣,09020030,金湖鎮,891,09020030002,山外里,420,3,2,W,KIN,NULL,NULL
金門縣金湖鎮正義里,09020,金門縣,09020030,金湖鎮,891,09020030003,正義里,420,3,3,W,KIN,NULL,NULL
金門縣金湖鎮料羅里,09020,金門縣,09020030,金湖鎮,891,09020030004,料羅里,420,3,4,W,KIN,NULL,NULL
金門縣金湖鎮瓊林里,09020,金門縣,09020030,金湖鎮,891,09020030005,瓊林里,420,3,5,W,KIN,NULL,NULL
金門縣金湖鎮新湖里,09020,金門縣,09020030,金湖鎮,891,09020030006,新湖里,420,3,6,W,KIN,NULL,NULL
金門縣金湖鎮溪湖里,09020,金門縣,09020030,金湖鎮,891,09020030007,溪湖里,420,3,7,W,KIN,NULL,NULL
金門縣金湖鎮蓮庵里,09020,金門縣,09020030,金湖鎮,891,09020030008,蓮庵里,420,3,8,W,KIN,NULL,NULL
金門縣金寧鄉古寧村,09020,金門縣,09020040,金寧鄉,892,09020040001,古寧村,420,4,1,W,KIN,NULL,NULL
金門縣金寧鄉安美村,09020,金門縣,09020040,金寧鄉,892,09020040002,安美村,420,4,2,W,KIN,NULL,NULL
金門縣金寧鄉后盤村,09020,金門縣,09020040,金寧鄉,892,09020040003,后盤村,420,4,3,W,KIN,NULL,NULL
金門縣金寧鄉湖埔村,09020,金門縣,09020040,金寧鄉,892,09020040004,湖埔村,420,4,4,W,KIN,NULL,NULL
金門縣金寧鄉榜林村,09020,金門縣,09020040,金寧鄉,892,09020040005,榜林村,420,4,5,W,KIN,NULL,NULL
金門縣金寧鄉盤山村,09020,金門縣,09020040,金寧鄉,892,09020040006,盤山村,420,4,6,W,KIN,NULL,NULL
金門縣烈嶼鄉上岐村,09020,金門縣,09020050,烈嶼鄉,894,09020050001,上岐村,420,5,1,W,KIN,NULL,NULL
金門縣烈嶼鄉上林村,09020,金門縣,09020050,烈嶼鄉,894,09020050002,上林村,420,5,2,W,KIN,NULL,NULL
金門縣烈嶼鄉西口村,09020,金門縣,09020050,烈嶼鄉,894,09020050003,西口村,420,5,3,W,KIN,NULL,NULL
金門縣烈嶼鄉林湖村,09020,金門縣,09020050,烈嶼鄉,894,09020050004,林湖村,420,5,4,W,KIN,NULL,NULL
金門縣烈嶼鄉黃埔村,09020,金門縣,09020050,烈嶼鄉,894,09020050005,黃埔村,420,5,5,W,KIN,NULL,NULL
金門縣烏坵鄉大坵村,09020,金門縣,09020060,烏坵鄉,896,09020060001,大坵村,420,6,1,W,KIN,NULL,NULL
金門縣烏坵鄉小坵村,09020,金門縣,09020060,烏坵鄉,896,09020060002,小坵村,420,6,2,W,KIN,NULL,NULL
連江縣南竿鄉介壽村,09007,連江縣,09007010,南竿鄉,209,09007010001,介壽村,430,701,1,Z,LIE,NULL,NULL
連江縣南竿鄉復興村,09007,連江縣,09007010,南竿鄉,209,09007010002,復興村,430,701,2,Z,LIE,NULL,NULL
連江縣南竿鄉福沃村,09007,連江縣,09007010,南竿鄉,209,09007010003,福沃村,430,701,3,Z,LIE,NULL,NULL
連江縣南竿鄉清水村,09007,連江縣,09007010,南竿鄉,209,09007010004,清水村,430,701,4,Z,LIE,NULL,NULL
連江縣南竿鄉仁愛村,09007,連江縣,09007010,南竿鄉,209,09007010005,仁愛村,430,701,5,Z,LIE,NULL,NULL
連江縣南竿鄉津沙村,09007,連江縣,09007010,南竿鄉,209,09007010006,津沙村,430,701,6,Z,LIE,NULL,NULL
連江縣南竿鄉馬祖村,09007,連江縣,09007010,南竿鄉,209,09007010007,馬祖村,430,701,7,Z,LIE,NULL,NULL
連江縣南竿鄉珠螺村,09007,連江縣,09007010,南竿鄉,209,09007010008,珠螺村,430,701,8,Z,LIE,NULL,NULL
連江縣南竿鄉四維村,09007,連江縣,09007010,南竿鄉,209,09007010009,四維村,430,701,9,Z,LIE,NULL,NULL
連江縣北竿鄉塘岐村,09007,連江縣,09007020,北竿鄉,210,09007020001,塘岐村,430,702,1,Z,LIE,NULL,NULL
連江縣北竿鄉后沃村,09007,連江縣,09007020,北竿鄉,210,09007020002,后沃村,430,702,2,Z,LIE,NULL,NULL
連江縣北竿鄉橋仔村,09007,連江縣,09007020,北竿鄉,210,09007020003,橋仔村,430,702,3,Z,LIE,NULL,NULL
連江縣北竿鄉芹壁村,09007,連江縣,09007020,北竿鄉,210,09007020004,芹壁村,430,702,4,Z,LIE,NULL,NULL
連江縣北竿鄉坂里村,09007,連江縣,09007020,北竿鄉,210,09007020005,坂里村,430,702,5,Z,LIE,NULL,NULL
連江縣北竿鄉白沙村,09007,連江縣,09007020,北竿鄉,210,09007020006,白沙村,430,702,6,Z,LIE,NULL,NULL
連江縣莒光鄉青帆村,09007,連江縣,09007030,莒光鄉,211,09007030001,青帆村,430,703,1,Z,LIE,NULL,NULL
連江縣莒光鄉田沃村,09007,連江縣,09007030,莒光鄉,211,09007030002,田沃村,430,703,2,Z,LIE,NULL,NULL
連江縣莒光鄉西坵村,09007,連江縣,09007030,莒光鄉,211,09007030003,西坵村,430,703,3,Z,LIE,NULL,NULL
連江縣莒光鄉福正村,09007,連江縣,09007030,莒光鄉,211,09007030004,福正村,430,703,4,Z,LIE,NULL,NULL
連江縣莒光鄉大坪村,09007,連江縣,09007030,莒光鄉,211,09007030005,大坪村,430,703,5,Z,LIE,NULL,NULL
連江縣東引鄉中柳村,09007,連江縣,09007040,東引鄉,212,09007040001,中柳村,430,704,1,Z,LIE,NULL,NULL
連江縣東引鄉樂華村,09007,連江縣,09007040,東引鄉,212,09007040002,樂華村,430,704,2,Z,LIE,NULL,NULL